file name,succeeded,learning_rounds,automaton_size,learning_time,smt_time,eq_oracle_time,total_time,queries_learning,validity_query,nodes,informative_nodes,sul_steps,queries_eq_oracle,steps_eq_oracle
all/randm04.02.02.01.020_0030.01.aba.beta,True,1,3,0.0006563663482666016,0.0005719661712646484,0.0006899833679199219,0.0019183158874511719,32,1,32,26,112,533,8584
all/randm04.02.02.01.020_0030.02.aba.beta,True,1,4,0.0008640289306640625,0.0008900165557861328,0.0007760524749755859,0.0025300979614257812,39,1,39,30,138,535,8587
all/randm04.02.02.01.020_0030.03.aba.beta,True,1,4,0.0007946491241455078,0.0007426738739013672,0.0007131099700927734,0.0022504329681396484,41,1,41,28,149,530,8568
all/randm04.02.02.01.020_0030.04.aba.beta,True,1,4,0.0007636547088623047,0.0007824897766113281,0.0007166862487792969,0.0022628307342529297,39,1,39,32,138,537,8595
all/randm04.02.02.01.020_0030.05.aba.beta,True,1,4,0.0011861324310302734,0.0008938312530517578,0.0007817745208740234,0.0028617382049560547,41,1,41,33,149,541,8609
all/randm04.02.02.02.020_0030.01.aba.beta,True,1,1,0.00023674964904785156,0.0003509521484375,0.0008263587951660156,0.0014140605926513672,15,1,15,15,34,543,8623
all/randm04.02.02.02.020_0030.02.aba.beta,True,1,1,0.000110626220703125,0.0002319812774658203,0.0006814002990722656,0.001024007797241211,15,1,15,15,34,537,8598
all/randm04.02.02.02.020_0030.03.aba.beta,True,1,1,0.0001125335693359375,0.000232696533203125,0.0006866455078125,0.0010318756103515625,15,1,15,13,34,527,8532
all/randm04.02.02.02.020_0030.04.aba.beta,True,1,1,0.00018310546875,0.0003879070281982422,0.001291036605834961,0.0018620491027832031,15,1,15,15,34,536,8589
all/randm04.02.02.02.020_0030.05.aba.beta,True,1,1,0.00011658668518066406,0.000255584716796875,0.0007565021514892578,0.0011286735534667969,15,1,15,15,34,536,8583
all/randm04.02.02.03.020_0030.01.aba.beta,True,1,3,0.00042819976806640625,0.00043845176696777344,0.0006794929504394531,0.0015461444854736328,31,1,31,25,106,530,8548
all/randm04.02.02.03.020_0030.02.aba.beta,True,1,3,0.0003819465637207031,0.0003790855407714844,0.0006878376007080078,0.0014488697052001953,31,1,31,18,106,531,8567
all/randm04.02.02.03.020_0030.03.aba.beta,True,1,3,0.0008456707000732422,0.0006418228149414062,0.000682830810546875,0.0021703243255615234,31,1,31,25,106,537,8595
all/randm04.02.02.03.020_0030.04.aba.beta,True,1,3,0.0005083084106445312,0.0006136894226074219,0.0013515949249267578,0.002473592758178711,31,1,31,26,106,540,8609
all/randm04.02.02.03.020_0030.05.aba.beta,True,2,3,0.0009145736694335938,0.0010194778442382812,0.0007309913635253906,0.0026650428771972656,36,2,36,25,136,539,8586
all/randm04.02.02.04.020_0030.01.aba.beta,True,1,1,0.0001201629638671875,0.00022530555725097656,0.0013172626495361328,0.0016627311706542969,15,1,15,14,34,529,8558
all/randm04.02.02.04.020_0030.02.aba.beta,True,1,1,0.00017261505126953125,0.0004181861877441406,0.001214742660522461,0.0018055438995361328,15,1,15,15,34,531,8570
all/randm04.02.02.04.020_0030.03.aba.beta,True,1,1,0.00015163421630859375,0.000301361083984375,0.0007011890411376953,0.001154184341430664,15,1,15,15,34,532,8571
all/randm04.02.02.04.020_0030.04.aba.beta,True,1,1,0.00014591217041015625,0.00022983551025390625,0.0007295608520507812,0.0011053085327148438,15,1,15,15,34,535,8587
all/randm04.02.02.04.020_0030.05.aba.beta,True,1,1,0.00011277198791503906,0.00022935867309570312,0.0007357597351074219,0.001077890396118164,15,1,15,15,34,539,8598
all/randm04.02.02.05.020_0030.01.aba.beta,True,1,2,0.0002651214599609375,0.0004067420959472656,0.0007569789886474609,0.001428842544555664,23,1,23,19,66,533,8580
all/randm04.02.02.05.020_0030.02.aba.beta,True,1,2,0.0002162456512451172,0.0002930164337158203,0.000705718994140625,0.0012149810791015625,23,1,23,17,66,529,8561
all/randm04.02.02.05.020_0030.03.aba.beta,True,1,2,0.00023412704467773438,0.00031304359436035156,0.0007219314575195312,0.0012691020965576172,23,1,23,20,66,538,8604
all/randm04.02.02.05.020_0030.04.aba.beta,True,1,2,0.0002319812774658203,0.00031495094299316406,0.0007288455963134766,0.001275777816772461,23,1,23,21,66,531,8548
all/randm04.02.02.05.020_0030.05.aba.beta,True,1,2,0.00024580955505371094,0.0003216266632080078,0.0006799697875976562,0.001247406005859375,23,1,23,19,66,528,8549
all/randm04.02.02.06.020_0030.01.aba.beta,True,1,3,0.0005474090576171875,0.00043702125549316406,0.0007200241088867188,0.0017044544219970703,34,1,34,24,113,526,8530
all/randm04.02.02.06.020_0030.02.aba.beta,True,1,3,0.0006208419799804688,0.0009002685546875,0.0014524459838867188,0.0029735565185546875,31,1,31,27,98,540,8611
all/randm04.02.02.06.020_0030.03.aba.beta,True,1,3,0.0005927085876464844,0.0007815361022949219,0.0014050006866455078,0.002779245376586914,31,1,31,25,98,536,8596
all/randm04.02.02.06.020_0030.04.aba.beta,True,1,3,0.0006549358367919922,0.0007567405700683594,0.0008063316345214844,0.002218008041381836,32,1,32,25,103,539,8609
all/randm04.02.02.06.020_0030.05.aba.beta,True,1,3,0.0003986358642578125,0.000457763671875,0.0006787776947021484,0.001535177230834961,31,1,31,29,98,540,8605
all/randm04.02.02.07.020_0030.01.aba.beta,True,1,2,0.00021076202392578125,0.0003025531768798828,0.0006935596466064453,0.0012068748474121094,23,1,23,20,66,531,8557
all/randm04.02.02.07.020_0030.02.aba.beta,True,1,2,0.0003323554992675781,0.0005002021789550781,0.0007758140563964844,0.0016083717346191406,23,1,23,18,66,531,8567
all/randm04.02.02.07.020_0030.03.aba.beta,True,1,2,0.0003266334533691406,0.0004057884216308594,0.0007221698760986328,0.0014545917510986328,23,1,23,23,66,538,8600
all/randm04.02.02.07.020_0030.04.aba.beta,True,1,2,0.0002269744873046875,0.00031685829162597656,0.0007162094116210938,0.0012600421905517578,23,1,23,22,66,538,8598
all/randm04.02.02.07.020_0030.05.aba.beta,True,1,2,0.0002694129943847656,0.0003190040588378906,0.0007250308990478516,0.0013134479522705078,23,1,23,21,66,541,8614
all/randm04.02.02.08.020_0030.01.aba.beta,True,2,4,0.0016791820526123047,0.0015170574188232422,0.0008912086486816406,0.0040874481201171875,67,2,68,47,741,592,9322
all/randm04.02.02.08.020_0030.02.aba.beta,True,2,4,0.001605987548828125,0.001600503921508789,0.0012485980987548828,0.004455089569091797,56,2,56,31,267,561,9006
all/randm04.02.02.08.020_0030.03.aba.beta,True,2,4,0.0017910003662109375,0.0018966197967529297,0.0013051033020019531,0.00499272346496582,49,2,49,36,239,601,9525
all/randm04.02.02.08.020_0030.04.aba.beta,True,1,4,0.0011794567108154297,0.001016855239868164,0.0010745525360107422,0.003270864486694336,41,1,42,27,169,540,8611
all/randm04.02.02.08.020_0030.05.aba.beta,True,1,4,0.0012116432189941406,0.0008490085601806641,0.0007216930389404297,0.0027823448181152344,42,1,43,30,176,539,8610
all/randm04.02.02.09.020_0030.01.aba.beta,True,1,3,0.0005180835723876953,0.00058746337890625,0.0009026527404785156,0.002008199691772461,31,1,31,26,106,535,8593
all/randm04.02.02.09.020_0030.02.aba.beta,True,1,3,0.0006313323974609375,0.000690460205078125,0.001260995864868164,0.0025827884674072266,31,1,31,21,106,524,8524
all/randm04.02.02.09.020_0030.03.aba.beta,True,1,3,0.0004546642303466797,0.00043129920959472656,0.0006935596466064453,0.0015795230865478516,31,1,31,23,106,535,8591
all/randm04.02.02.09.020_0030.04.aba.beta,True,1,3,0.0006430149078369141,0.0007193088531494141,0.0012559890747070312,0.0026183128356933594,31,1,31,22,106,537,8596
all/randm04.02.02.09.020_0030.05.aba.beta,True,1,3,0.0004074573516845703,0.00044274330139160156,0.0006985664367675781,0.00154876708984375,31,1,31,26,106,536,8591
all/randm04.02.02.10.020_0030.01.aba.beta,True,1,4,0.0007021427154541016,0.0005934238433837891,0.0007405281066894531,0.0020360946655273438,40,1,40,27,144,534,8589
all/randm04.02.02.10.020_0030.02.aba.beta,True,1,4,0.0006058216094970703,0.00061798095703125,0.0006816387176513672,0.0019054412841796875,39,1,39,26,138,520,8520
all/randm04.02.02.10.020_0030.03.aba.beta,True,1,4,0.0006661415100097656,0.0006773471832275391,0.0007371902465820312,0.002080678939819336,39,1,39,31,138,534,8577
all/randm04.02.02.10.020_0030.04.aba.beta,True,1,4,0.0010383129119873047,0.0010063648223876953,0.0012323856353759766,0.0032770633697509766,42,1,42,26,155,535,8594
all/randm04.02.02.10.020_0030.05.aba.beta,True,1,4,0.0006315708160400391,0.0006225109100341797,0.0007853507995605469,0.0020394325256347656,40,1,40,29,144,539,8609
all/randm04.02.02.11.020_0030.01.aba.beta,True,1,4,0.0009405612945556641,0.0015208721160888672,0.0012943744659423828,0.003755807876586914,39,1,39,31,138,539,8610
all/randm04.02.02.11.020_0030.02.aba.beta,True,1,4,0.0006051063537597656,0.0006499290466308594,0.0007123947143554688,0.0019674301147460938,39,1,39,31,138,539,8604
all/randm04.02.02.11.020_0030.03.aba.beta,True,1,4,0.00079345703125,0.0007812976837158203,0.0007500648498535156,0.002324819564819336,43,1,43,35,160,542,8618
all/randm04.02.02.11.020_0030.04.aba.beta,True,1,4,0.0007693767547607422,0.0006520748138427734,0.0006864070892333984,0.002107858657836914,44,1,44,29,168,537,8600
all/randm04.02.02.11.020_0030.05.aba.beta,True,1,4,0.000576019287109375,0.0005805492401123047,0.0007359981536865234,0.0018925666809082031,43,1,43,24,162,519,8506
all/randm04.02.02.12.020_0030.01.aba.beta,True,1,3,0.0004165172576904297,0.0004878044128417969,0.0008192062377929688,0.0017235279083251953,31,1,31,26,106,535,8576
all/randm04.02.02.12.020_0030.02.aba.beta,True,1,3,0.0003921985626220703,0.0004315376281738281,0.000782012939453125,0.0016057491302490234,31,1,31,22,106,541,8617
all/randm04.02.02.12.020_0030.03.aba.beta,True,1,3,0.0006966590881347656,0.0007562637329101562,0.0011966228485107422,0.002649545669555664,31,1,31,26,106,543,8611
all/randm04.02.02.12.020_0030.04.aba.beta,True,1,3,0.0006990432739257812,0.0008304119110107422,0.0013251304626464844,0.002854585647583008,31,1,31,28,106,535,8584
all/randm04.02.02.12.020_0030.05.aba.beta,True,1,3,0.0006225109100341797,0.0007135868072509766,0.0013616085052490234,0.0026977062225341797,31,1,31,23,106,530,8562
all/randm04.02.02.13.020_0030.01.aba.beta,True,1,1,0.00010991096496582031,0.00022530555725097656,0.0006644725799560547,0.0009996891021728516,15,1,15,14,34,528,8539
all/randm04.02.02.13.020_0030.02.aba.beta,True,1,1,0.00011396408081054688,0.00025153160095214844,0.0007081031799316406,0.001073598861694336,15,1,15,15,34,535,8584
all/randm04.02.02.13.020_0030.03.aba.beta,True,1,1,0.00011110305786132812,0.0002288818359375,0.0007441043853759766,0.0010840892791748047,15,1,15,14,34,534,8583
all/randm04.02.02.13.020_0030.04.aba.beta,True,1,1,0.00013446807861328125,0.000308990478515625,0.0006787776947021484,0.0011222362518310547,15,1,15,14,34,537,8593
all/randm04.02.02.13.020_0030.05.aba.beta,True,1,1,0.00010848045349121094,0.00022363662719726562,0.0007200241088867188,0.0010521411895751953,15,1,15,15,34,543,8623
all/randm04.02.02.14.020_0030.01.aba.beta,True,1,4,0.0007555484771728516,0.0007624626159667969,0.0006780624389648438,0.002196073532104492,41,1,41,33,149,540,8604
all/randm04.02.02.14.020_0030.02.aba.beta,True,1,4,0.0007007122039794922,0.0005998611450195312,0.0007550716400146484,0.002055644989013672,44,1,44,26,168,535,8590
all/randm04.02.02.14.020_0030.03.aba.beta,True,1,4,0.0006046295166015625,0.0006468296051025391,0.0007071495056152344,0.001958608627319336,39,1,39,29,138,535,8588
all/randm04.02.02.14.020_0030.04.aba.beta,True,1,4,0.0013043880462646484,0.0011262893676757812,0.0012247562408447266,0.0036554336547851562,42,1,42,30,155,533,8584
all/randm04.02.02.14.020_0030.05.aba.beta,True,1,4,0.000606536865234375,0.000705718994140625,0.0007598400115966797,0.0020720958709716797,39,1,39,29,138,532,8565
all/randm04.02.02.15.020_0030.01.aba.beta,True,1,2,0.0003299713134765625,0.0004916191101074219,0.0011394023895263672,0.0019609928131103516,23,1,23,15,66,533,8586
all/randm04.02.02.15.020_0030.02.aba.beta,True,1,2,0.0003044605255126953,0.0005700588226318359,0.0016222000122070312,0.0024967193603515625,23,1,23,18,66,532,8581
all/randm04.02.02.15.020_0030.03.aba.beta,True,1,2,0.0002231597900390625,0.0003139972686767578,0.0006742477416992188,0.001211404800415039,23,1,23,21,66,541,8605
all/randm04.02.02.15.020_0030.04.aba.beta,True,1,2,0.00022530555725097656,0.0003190040588378906,0.0006878376007080078,0.001232147216796875,23,1,23,22,66,542,8616
all/randm04.02.02.15.020_0030.05.aba.beta,True,1,2,0.00021576881408691406,0.00030541419982910156,0.0007236003875732422,0.0012447834014892578,23,1,23,19,66,534,8580
all/randm04.02.02.16.020_0030.01.aba.beta,True,1,3,0.0004105567932128906,0.0004265308380126953,0.0007245540618896484,0.0015616416931152344,31,1,31,25,106,531,8564
all/randm04.02.02.16.020_0030.02.aba.beta,True,1,3,0.0005097389221191406,0.0004258155822753906,0.0007722377777099609,0.0017077922821044922,32,1,32,22,112,532,8561
all/randm04.02.02.16.020_0030.03.aba.beta,True,1,3,0.00036787986755371094,0.00039696693420410156,0.0006880760192871094,0.0014529228210449219,31,1,31,22,106,537,8596
all/randm04.02.02.16.020_0030.04.aba.beta,True,1,3,0.0004591941833496094,0.00041604042053222656,0.0007011890411376953,0.0015764236450195312,32,1,32,24,112,541,8613
all/randm04.02.02.16.020_0030.05.aba.beta,True,2,3,0.0014231204986572266,0.0016932487487792969,0.001390695571899414,0.0045070648193359375,45,2,45,38,267,553,8763
all/randm04.02.02.17.020_0030.01.aba.beta,True,1,3,0.00045037269592285156,0.00044989585876464844,0.0012505054473876953,0.0021507740020751953,31,1,31,25,106,539,8604
all/randm04.02.02.17.020_0030.02.aba.beta,True,1,3,0.0004076957702636719,0.00041747093200683594,0.0010764598846435547,0.0019016265869140625,31,1,31,24,106,537,8590
all/randm04.02.02.17.020_0030.03.aba.beta,True,1,3,0.00041556358337402344,0.0004315376281738281,0.0007569789886474609,0.0016040802001953125,31,1,31,25,106,526,8526
all/randm04.02.02.17.020_0030.04.aba.beta,True,1,3,0.0005996227264404297,0.0006644725799560547,0.0012805461883544922,0.0025446414947509766,31,1,31,21,106,524,8517
all/randm04.02.02.17.020_0030.05.aba.beta,True,1,3,0.0006804466247558594,0.0005838871002197266,0.0006823539733886719,0.0019466876983642578,31,1,31,26,106,529,8521
all/randm04.02.02.18.020_0030.01.aba.beta,True,1,4,0.0006060600280761719,0.0007588863372802734,0.0006902217864990234,0.0020551681518554688,41,1,41,31,149,544,8628
all/randm04.02.02.18.020_0030.02.aba.beta,True,1,4,0.0006067752838134766,0.0006237030029296875,0.0006701946258544922,0.0019006729125976562,39,1,39,29,138,539,8608
all/randm04.02.02.18.020_0030.03.aba.beta,True,1,4,0.0006327629089355469,0.0007524490356445312,0.0007455348968505859,0.002130746841430664,41,1,41,29,149,536,8595
all/randm04.02.02.18.020_0030.04.aba.beta,True,1,4,0.0006401538848876953,0.0007443428039550781,0.0007331371307373047,0.002117633819580078,39,1,39,31,138,535,8584
all/randm04.02.02.18.020_0030.05.aba.beta,True,1,4,0.0010223388671875,0.0010581016540527344,0.001413583755493164,0.0034940242767333984,39,1,39,27,138,535,8591
all/randm04.02.02.19.020_0030.01.aba.beta,True,1,3,0.00042319297790527344,0.0004372596740722656,0.000751495361328125,0.001611948013305664,31,1,31,25,106,531,8554
all/randm04.02.02.19.020_0030.02.aba.beta,True,1,3,0.0006854534149169922,0.0007100105285644531,0.001300811767578125,0.0026962757110595703,31,1,31,25,106,539,8594
all/randm04.02.02.19.020_0030.03.aba.beta,True,1,3,0.0006804466247558594,0.0007433891296386719,0.0013337135314941406,0.002757549285888672,31,1,31,23,106,529,8557
all/randm04.02.02.19.020_0030.04.aba.beta,True,1,3,0.0004837512969970703,0.0004315376281738281,0.0006959438323974609,0.0016112327575683594,31,1,31,24,106,531,8568
all/randm04.02.02.19.020_0030.05.aba.beta,True,2,3,0.0007455348968505859,0.0007760524749755859,0.0007472038269042969,0.0022687911987304688,49,2,49,32,401,546,8655
all/randm05.02.02.01.020_0030.01.aba.beta,True,1,3,0.00043582916259765625,0.0006263256072998047,0.000957489013671875,0.002019643783569336,31,1,31,26,106,531,8556
all/randm05.02.02.01.020_0030.02.aba.beta,True,1,3,0.0005619525909423828,0.0004944801330566406,0.0007162094116210938,0.0017726421356201172,31,1,31,26,106,537,8597
all/randm05.02.02.01.020_0030.03.aba.beta,True,1,3,0.0004169940948486328,0.0004127025604248047,0.0007255077362060547,0.0015552043914794922,33,1,33,22,118,544,8629
all/randm05.02.02.01.020_0030.04.aba.beta,True,1,3,0.0004897117614746094,0.0007619857788085938,0.0009469985961914062,0.0021986961364746094,31,1,31,26,106,534,8575
all/randm05.02.02.01.020_0030.05.aba.beta,True,1,3,0.0004284381866455078,0.000469207763671875,0.0008463859558105469,0.0017440319061279297,31,1,31,24,106,522,8506
all/randm05.02.02.02.020_0030.01.aba.beta,True,1,3,0.0009143352508544922,0.0007159709930419922,0.0012748241424560547,0.002905130386352539,34,1,35,25,125,521,8506
all/randm05.02.02.02.020_0030.02.aba.beta,True,1,3,0.00039386749267578125,0.00037860870361328125,0.0006842613220214844,0.0014567375183105469,31,1,31,19,106,534,8586
all/randm05.02.02.02.020_0030.03.aba.beta,True,1,3,0.0007123947143554688,0.0006999969482421875,0.0012216567993164062,0.0026340484619140625,31,1,31,22,106,527,8546
all/randm05.02.02.02.020_0030.04.aba.beta,True,1,3,0.0009365081787109375,0.0008115768432617188,0.0011932849884033203,0.0029413700103759766,32,1,32,28,112,534,8580
all/randm05.02.02.02.020_0030.05.aba.beta,True,1,3,0.00042629241943359375,0.0004143714904785156,0.0007188320159912109,0.0015594959259033203,32,1,32,24,112,532,8569
all/randm05.02.02.03.020_0030.01.aba.beta,True,1,1,0.00011229515075683594,0.0002288818359375,0.0007038116455078125,0.0010449886322021484,15,1,15,15,34,543,8619
all/randm05.02.02.03.020_0030.02.aba.beta,True,1,1,0.0001087188720703125,0.00023126602172851562,0.0006768703460693359,0.001016855239868164,15,1,15,15,34,538,8597
all/randm05.02.02.03.020_0030.03.aba.beta,True,1,1,0.00010776519775390625,0.00022649765014648438,0.0007297992706298828,0.0010640621185302734,15,1,15,14,34,537,8598
all/randm05.02.02.03.020_0030.04.aba.beta,True,1,1,0.00011372566223144531,0.00027251243591308594,0.0006928443908691406,0.0010790824890136719,15,1,15,14,34,534,8583
all/randm05.02.02.03.020_0030.05.aba.beta,True,1,1,0.00010347366333007812,0.00022125244140625,0.0006854534149169922,0.0010101795196533203,15,1,15,12,34,521,8531
all/randm05.02.02.04.020_0030.01.aba.beta,True,2,5,0.001859426498413086,0.0023517608642578125,0.000957489013671875,0.0051686763763427734,68,2,70,45,360,582,9172
all/randm05.02.02.04.020_0030.02.aba.beta,True,1,5,0.0011138916015625,0.0009636878967285156,0.0007004737854003906,0.0027780532836914062,56,1,58,33,233,535,8588
all/randm05.02.02.04.020_0030.03.aba.beta,True,1,5,0.0018990039825439453,0.0021588802337646484,0.0012671947479248047,0.0053250789642333984,54,1,54,43,219,546,8633
all/randm05.02.02.04.020_0030.04.aba.beta,True,1,5,0.0012216567993164062,0.0010859966278076172,0.0006990432739257812,0.0030066967010498047,57,1,57,38,235,541,8615
all/randm05.02.02.04.020_0030.05.aba.beta,True,2,5,0.0029594898223876953,0.0029897689819335938,0.0009014606475830078,0.006850719451904297,66,2,67,39,404,572,9067
all/randm05.02.02.05.020_0030.01.aba.beta,True,3,4,0.0014200210571289062,0.0018274784088134766,0.0007293224334716797,0.0039768218994140625,45,3,45,30,194,551,8627
all/randm05.02.02.05.020_0030.02.aba.beta,True,1,4,0.0008206367492675781,0.0006933212280273438,0.0006842613220214844,0.0021982192993164062,44,1,44,31,186,533,8570
all/randm05.02.02.05.020_0030.03.aba.beta,True,1,4,0.001046895980834961,0.0006487369537353516,0.0007030963897705078,0.0023987293243408203,43,1,43,28,180,532,8559
all/randm05.02.02.05.020_0030.04.aba.beta,True,3,4,0.002116680145263672,0.00244140625,0.0007586479187011719,0.005316734313964844,66,3,67,48,554,592,9324
all/randm05.02.02.05.020_0030.05.aba.beta,True,1,4,0.0008156299591064453,0.0006198883056640625,0.0006792545318603516,0.0021147727966308594,39,1,39,30,154,535,8569
all/randm05.02.02.06.020_0030.01.aba.beta,True,6,5,0.00467228889465332,0.00654149055480957,0.0008409023284912109,0.012054681777954102,103,5,104,57,648,638,9809
all/randm05.02.02.06.020_0030.02.aba.beta,True,3,5,0.0027740001678466797,0.004935503005981445,0.001386880874633789,0.009096384048461914,87,2,87,50,470,555,8716
all/randm05.02.02.06.020_0030.03.aba.beta,True,2,5,0.002516508102416992,0.003509521484375,0.001220703125,0.007246732711791992,66,2,67,43,373,546,8676
all/randm05.02.02.06.020_0030.04.aba.beta,True,5,5,0.003908395767211914,0.005980730056762695,0.0012364387512207031,0.011125564575195312,117,4,117,56,1061,597,9265
all/randm05.02.02.06.020_0030.05.aba.beta,True,4,5,0.002905130386352539,0.004132509231567383,0.0006992816925048828,0.007736921310424805,96,3,96,50,549,566,8777
all/randm05.02.02.07.020_0030.01.aba.beta,True,4,5,0.002831697463989258,0.004221916198730469,0.0008726119995117188,0.007926225662231445,103,3,103,68,623,655,10176
all/randm05.02.02.07.020_0030.02.aba.beta,True,4,5,0.003005504608154297,0.004460334777832031,0.0008382797241210938,0.008304119110107422,101,3,101,66,624,656,10191
all/randm05.02.02.07.020_0030.03.aba.beta,True,6,5,0.006365060806274414,0.009092092514038086,0.0009062290191650391,0.01636338233947754,115,5,115,80,851,736,11373
all/randm05.02.02.07.020_0030.04.aba.beta,True,5,5,0.004555463790893555,0.007296323776245117,0.0018253326416015625,0.013677120208740234,128,4,128,74,1277,866,13579
all/randm05.02.02.07.020_0030.05.aba.beta,True,5,5,0.005324840545654297,0.009321928024291992,0.0010769367218017578,0.015723705291748047,127,4,128,86,1011,783,12252
all/randm05.02.02.08.020_0030.01.aba.beta,True,1,3,0.00040149688720703125,0.0004291534423828125,0.0007343292236328125,0.0015649795532226562,31,1,31,23,98,524,8524
all/randm05.02.02.08.020_0030.02.aba.beta,True,1,3,0.00044989585876464844,0.0004661083221435547,0.0007035732269287109,0.001619577407836914,31,1,31,28,98,539,8600
all/randm05.02.02.08.020_0030.03.aba.beta,True,1,3,0.0003714561462402344,0.0004341602325439453,0.0007059574127197266,0.0015115737915039062,31,1,31,25,98,535,8591
all/randm05.02.02.08.020_0030.04.aba.beta,True,1,3,0.0006220340728759766,0.0007593631744384766,0.0012106895446777344,0.0025920867919921875,31,1,31,25,98,535,8591
all/randm05.02.02.08.020_0030.05.aba.beta,True,1,3,0.0006666183471679688,0.0007841587066650391,0.001039266586303711,0.0024900436401367188,31,1,31,28,98,539,8598
all/randm05.02.02.09.020_0030.01.aba.beta,True,1,4,0.0013184547424316406,0.001146554946899414,0.0012004375457763672,0.003665447235107422,41,1,41,31,158,535,8587
all/randm05.02.02.09.020_0030.02.aba.beta,True,1,4,0.0014183521270751953,0.0010378360748291016,0.0010085105895996094,0.0034646987915039062,45,1,45,27,183,541,8615
all/randm05.02.02.09.020_0030.03.aba.beta,True,1,4,0.0007939338684082031,0.0006422996520996094,0.0007014274597167969,0.0021376609802246094,42,1,42,31,164,541,8614
all/randm05.02.02.09.020_0030.04.aba.beta,True,1,4,0.0007965564727783203,0.0006053447723388672,0.0006823539733886719,0.0020842552185058594,46,1,46,26,189,537,8597
all/randm05.02.02.09.020_0030.05.aba.beta,True,3,4,0.0015447139739990234,0.0021915435791015625,0.001283884048461914,0.0050201416015625,47,3,47,28,204,551,8664
all/randm05.02.02.10.020_0030.01.aba.beta,True,4,5,0.004346132278442383,0.005814313888549805,0.0007266998291015625,0.01088714599609375,75,4,77,53,518,584,9105
all/randm05.02.02.10.020_0030.02.aba.beta,True,4,5,0.003530740737915039,0.004871845245361328,0.0007119178771972656,0.009114503860473633,102,3,103,63,601,574,8909
all/randm05.02.02.10.020_0030.03.aba.beta,True,3,5,0.0028204917907714844,0.004032611846923828,0.0007877349853515625,0.007640838623046875,73,3,74,46,607,562,8854
all/randm05.02.02.10.020_0030.04.aba.beta,True,2,5,0.0018570423126220703,0.003782033920288086,0.0006892681121826172,0.0063283443450927734,69,2,70,44,338,547,8672
all/randm05.02.02.10.020_0030.05.aba.beta,True,3,5,0.00225830078125,0.0029234886169433594,0.0006875991821289062,0.005869388580322266,60,3,60,38,266,539,8587
all/randm05.02.02.11.020_0030.01.aba.beta,True,1,5,0.0019876956939697266,0.0018010139465332031,0.000990152359008789,0.004778861999511719,50,1,50,36,195,543,8620
all/randm05.02.02.11.020_0030.02.aba.beta,True,2,5,0.0015230178833007812,0.0019850730895996094,0.0007364749908447266,0.004244565963745117,50,2,50,38,194,540,8590
all/randm05.02.02.11.020_0030.03.aba.beta,True,2,5,0.0017151832580566406,0.0019326210021972656,0.0009980201721191406,0.004645824432373047,55,2,56,34,227,537,8594
all/randm05.02.02.11.020_0030.04.aba.beta,True,1,5,0.0010943412780761719,0.001041412353515625,0.0007121562957763672,0.002847909927368164,54,1,54,36,217,531,8566
all/randm05.02.02.11.020_0030.05.aba.beta,True,1,5,0.0011191368103027344,0.001918792724609375,0.0007643699645996094,0.0038022994995117188,47,1,47,36,178,537,8588
all/randm05.02.02.12.020_0030.01.aba.beta,True,2,3,0.0007970333099365234,0.0008440017700195312,0.0007560253143310547,0.0023970603942871094,43,2,43,30,212,552,8706
all/randm05.02.02.12.020_0030.02.aba.beta,True,1,3,0.0003800392150878906,0.0004551410675048828,0.0006740093231201172,0.0015091896057128906,31,1,31,24,106,539,8607
all/randm05.02.02.12.020_0030.03.aba.beta,True,1,3,0.000400543212890625,0.0004925727844238281,0.0008237361907958984,0.0017168521881103516,35,1,35,25,122,526,8552
all/randm05.02.02.12.020_0030.04.aba.beta,True,1,3,0.0005183219909667969,0.0004956722259521484,0.0007517337799072266,0.0017657279968261719,32,1,32,28,112,541,8610
all/randm05.02.02.12.020_0030.05.aba.beta,True,2,3,0.0008339881896972656,0.0009546279907226562,0.0007851123809814453,0.002573728561401367,43,2,43,36,233,578,9157
all/randm05.02.02.13.020_0030.01.aba.beta,True,1,5,0.0009276866912841797,0.0008985996246337891,0.0007596015930175781,0.002585887908935547,47,1,47,34,186,532,8558
all/randm05.02.02.13.020_0030.02.aba.beta,True,2,5,0.0029375553131103516,0.0036704540252685547,0.0009431838989257812,0.0075511932373046875,82,2,82,51,545,552,8790
all/randm05.02.02.13.020_0030.03.aba.beta,True,1,5,0.0012526512145996094,0.0019350051879882812,0.0013816356658935547,0.004569292068481445,51,1,51,35,208,541,8613
all/randm05.02.02.13.020_0030.04.aba.beta,True,2,5,0.0017426013946533203,0.0019254684448242188,0.0007297992706298828,0.004397869110107422,58,2,58,34,265,547,8655
all/randm05.02.02.13.020_0030.05.aba.beta,True,1,5,0.002229452133178711,0.0019800662994384766,0.0013644695281982422,0.00557398796081543,53,1,53,40,225,539,8595
all/randm05.02.02.14.020_0030.01.aba.beta,True,1,1,0.00016117095947265625,0.0003859996795654297,0.0013954639434814453,0.0019426345825195312,15,1,15,15,34,531,8569
all/randm05.02.02.14.020_0030.02.aba.beta,True,1,1,0.00010585784912109375,0.0002472400665283203,0.0007221698760986328,0.0010752677917480469,15,1,15,14,34,530,8565
all/randm05.02.02.14.020_0030.03.aba.beta,True,1,1,0.00014901161193847656,0.00042128562927246094,0.001312255859375,0.0018825531005859375,15,1,15,15,34,541,8613
all/randm05.02.02.14.020_0030.04.aba.beta,True,1,1,0.00011467933654785156,0.000278472900390625,0.0007417201995849609,0.0011348724365234375,15,1,15,15,34,532,8544
all/randm05.02.02.14.020_0030.05.aba.beta,True,1,1,0.00010895729064941406,0.0002665519714355469,0.0007135868072509766,0.0010890960693359375,15,1,15,14,34,530,8544
all/randm05.02.02.15.020_0030.01.aba.beta,True,2,3,0.0007536411285400391,0.0008919239044189453,0.0006825923919677734,0.002328157424926758,39,2,39,30,161,537,8584
all/randm05.02.02.15.020_0030.02.aba.beta,True,1,3,0.00042057037353515625,0.0004265308380126953,0.0007181167602539062,0.0015652179718017578,32,1,32,24,112,536,8587
all/randm05.02.02.15.020_0030.03.aba.beta,True,1,3,0.0003745555877685547,0.00040435791015625,0.0006911754608154297,0.0014700889587402344,31,1,31,22,106,534,8575
all/randm05.02.02.15.020_0030.04.aba.beta,True,2,3,0.001026153564453125,0.0013897418975830078,0.001409292221069336,0.0038251876831054688,41,2,41,29,178,546,8654
all/randm05.02.02.15.020_0030.05.aba.beta,True,1,3,0.0003974437713623047,0.0004107952117919922,0.0006933212280273438,0.0015015602111816406,31,1,31,23,106,540,8608
all/randm05.02.02.16.020_0030.01.aba.beta,True,1,1,0.000110626220703125,0.0002281665802001953,0.0007338523864746094,0.0010726451873779297,15,1,15,13,34,534,8587
all/randm05.02.02.16.020_0030.02.aba.beta,True,1,1,0.00010633468627929688,0.000225067138671875,0.0011439323425292969,0.0014753341674804688,15,1,15,14,34,540,8611
all/randm05.02.02.16.020_0030.03.aba.beta,True,1,1,0.00016021728515625,0.0003898143768310547,0.0008189678192138672,0.0013689994812011719,15,1,15,15,34,534,8572
all/randm05.02.02.16.020_0030.04.aba.beta,True,1,1,0.0001087188720703125,0.00022935867309570312,0.0007638931274414062,0.0011019706726074219,15,1,15,15,34,543,8622
all/randm05.02.02.16.020_0030.05.aba.beta,True,1,1,0.0001220703125,0.0002346038818359375,0.0006906986236572266,0.001047372817993164,15,1,15,15,34,543,8624
all/randm05.02.02.17.020_0030.01.aba.beta,True,2,5,0.0020220279693603516,0.0029768943786621094,0.0012962818145751953,0.006295204162597656,61,2,61,45,318,597,9517
all/randm05.02.02.17.020_0030.02.aba.beta,True,1,5,0.0012536048889160156,0.0009706020355224609,0.0006899833679199219,0.0029141902923583984,62,1,62,34,284,534,8580
all/randm05.02.02.17.020_0030.03.aba.beta,True,7,5,0.006487369537353516,0.01017308235168457,0.0015769004821777344,0.01823735237121582,142,5,142,76,1477,711,10887
all/randm05.02.02.17.020_0030.04.aba.beta,True,2,5,0.002574920654296875,0.002683877944946289,0.0008883476257324219,0.006147146224975586,75,2,75,54,466,636,10079
all/randm05.02.02.17.020_0030.05.aba.beta,True,2,5,0.0021479129791259766,0.003488779067993164,0.0008492469787597656,0.006485939025878906,76,2,76,55,466,614,9681
all/randm05.02.02.18.020_0030.01.aba.beta,True,1,1,0.00010800361633300781,0.00022649765014648438,0.0007195472717285156,0.0010540485382080078,15,1,15,15,34,534,8577
all/randm05.02.02.18.020_0030.02.aba.beta,True,1,1,0.0001780986785888672,0.0003647804260253906,0.0011715888977050781,0.001714468002319336,15,1,15,14,34,535,8592
all/randm05.02.02.18.020_0030.03.aba.beta,True,1,1,0.0001499652862548828,0.0003757476806640625,0.0009348392486572266,0.0014605522155761719,15,1,15,13,34,529,8564
all/randm05.02.02.18.020_0030.04.aba.beta,True,1,1,0.00016117095947265625,0.0003840923309326172,0.0006926059722900391,0.0012378692626953125,15,1,15,14,34,523,8497
all/randm05.02.02.18.020_0030.05.aba.beta,True,1,1,0.00010609626770019531,0.0002276897430419922,0.0007023811340332031,0.0010361671447753906,15,1,15,15,34,533,8555
all/randm05.02.02.19.020_0030.01.aba.beta,True,1,3,0.0006096363067626953,0.0005023479461669922,0.0006761550903320312,0.0017881393432617188,33,1,33,28,118,539,8606
all/randm05.02.02.19.020_0030.02.aba.beta,True,1,3,0.0004134178161621094,0.0004603862762451172,0.0007052421569824219,0.0015790462493896484,32,1,32,28,112,544,8625
all/randm05.02.02.19.020_0030.03.aba.beta,True,1,3,0.0003764629364013672,0.0004105567932128906,0.0007212162017822266,0.0015082359313964844,31,1,31,23,106,528,8556
all/randm05.02.02.19.020_0030.04.aba.beta,True,1,3,0.0004169940948486328,0.0004181861877441406,0.0008141994476318359,0.0016493797302246094,31,1,31,23,106,530,8556
all/randm05.02.02.19.020_0030.05.aba.beta,True,1,3,0.0003981590270996094,0.0004229545593261719,0.0007319450378417969,0.0015530586242675781,32,1,32,24,112,524,8532
all/randm06.02.02.01.020_0030.01.aba.beta,True,2,4,0.0010900497436523438,0.0013172626495361328,0.0006999969482421875,0.003107309341430664,47,2,47,36,190,549,8649
all/randm06.02.02.01.020_0030.02.aba.beta,True,1,4,0.0006022453308105469,0.0006787776947021484,0.0007102489471435547,0.00199127197265625,39,1,39,30,138,537,8595
all/randm06.02.02.01.020_0030.03.aba.beta,True,1,4,0.0009472370147705078,0.0008254051208496094,0.0006740093231201172,0.0024466514587402344,43,1,43,34,160,539,8605
all/randm06.02.02.01.020_0030.04.aba.beta,True,2,4,0.0014917850494384766,0.001547098159790039,0.0013492107391357422,0.004388093948364258,56,2,56,46,359,550,8766
all/randm06.02.02.01.020_0030.05.aba.beta,True,3,4,0.003345966339111328,0.0035037994384765625,0.0008752346038818359,0.0077250003814697266,92,3,92,72,1252,651,10195
all/randm06.02.02.02.020_0030.01.aba.beta,True,1,3,0.0006015300750732422,0.0004496574401855469,0.0009801387786865234,0.0020313262939453125,32,1,32,24,112,536,8584
all/randm06.02.02.02.020_0030.02.aba.beta,True,1,3,0.0003731250762939453,0.00038361549377441406,0.0009763240814208984,0.0017330646514892578,31,1,31,20,106,513,8454
all/randm06.02.02.02.020_0030.03.aba.beta,True,1,3,0.0006351470947265625,0.0004944801330566406,0.0010306835174560547,0.002160310745239258,32,1,32,26,112,536,8599
all/randm06.02.02.02.020_0030.04.aba.beta,True,1,3,0.0004966259002685547,0.000438690185546875,0.0010530948638916016,0.0019884109497070312,32,1,32,27,112,537,8594
all/randm06.02.02.02.020_0030.05.aba.beta,True,1,3,0.000774383544921875,0.0007772445678710938,0.0011687278747558594,0.002720355987548828,33,1,33,25,118,537,8594
all/randm06.02.02.03.020_0030.01.aba.beta,True,1,5,0.002263307571411133,0.0018038749694824219,0.0012946128845214844,0.005361795425415039,52,1,52,34,209,535,8590
all/randm06.02.02.03.020_0030.02.aba.beta,True,1,5,0.000997781753540039,0.0010151863098144531,0.0006797313690185547,0.002692699432373047,49,1,49,34,190,535,8580
all/randm06.02.02.03.020_0030.03.aba.beta,True,1,5,0.0017268657684326172,0.0011801719665527344,0.0011212825775146484,0.0040283203125,53,1,53,36,212,541,8616
all/randm06.02.02.03.020_0030.04.aba.beta,True,1,5,0.0012295246124267578,0.0010237693786621094,0.0007338523864746094,0.0029871463775634766,50,1,50,35,195,539,8610
all/randm06.02.02.03.020_0030.05.aba.beta,True,2,5,0.0021409988403320312,0.0023641586303710938,0.0006902217864990234,0.0051953792572021484,49,2,49,36,190,545,8621
all/randm06.02.02.04.020_0030.01.aba.beta,True,1,1,0.00014638900756835938,0.00039315223693847656,0.001283407211303711,0.0018229484558105469,15,1,15,13,34,525,8535
all/randm06.02.02.04.020_0030.02.aba.beta,True,1,1,0.00011777877807617188,0.0002357959747314453,0.0007014274597167969,0.001055002212524414,15,1,15,15,34,531,8571
all/randm06.02.02.04.020_0030.03.aba.beta,True,1,1,0.00017404556274414062,0.0003604888916015625,0.0010673999786376953,0.0016019344329833984,15,1,15,14,34,535,8590
all/randm06.02.02.04.020_0030.04.aba.beta,True,1,1,0.00011110305786132812,0.0002319812774658203,0.0007562637329101562,0.0010993480682373047,15,1,15,14,34,532,8555
all/randm06.02.02.04.020_0030.05.aba.beta,True,1,1,0.00011157989501953125,0.00023412704467773438,0.0007112026214599609,0.0010569095611572266,15,1,15,13,34,525,8541
all/randm06.02.02.05.020_0030.01.aba.beta,True,4,5,0.0052111148834228516,0.005438804626464844,0.0007469654083251953,0.01139688491821289,116,3,116,49,794,549,8732
all/randm06.02.02.05.020_0030.02.aba.beta,True,2,5,0.0034906864166259766,0.002505779266357422,0.0012662410736083984,0.007262706756591797,76,1,76,39,356,534,8569
all/randm06.02.02.05.020_0030.03.aba.beta,True,1,5,0.003083944320678711,0.002026796340942383,0.0012505054473876953,0.006361246109008789,57,1,57,44,236,545,8627
all/randm06.02.02.05.020_0030.04.aba.beta,True,1,5,0.0019288063049316406,0.0008940696716308594,0.0006916522979736328,0.003514528274536133,56,1,56,34,231,528,8557
all/randm06.02.02.05.020_0030.05.aba.beta,True,3,5,0.005501747131347656,0.004850149154663086,0.0007493495941162109,0.011101245880126953,87,3,89,67,621,607,9439
all/randm06.02.02.06.020_0030.01.aba.beta,True,2,5,0.0026230812072753906,0.0020134449005126953,0.0006914138793945312,0.005327939987182617,65,2,69,42,319,542,8613
all/randm06.02.02.06.020_0030.02.aba.beta,True,3,5,0.005843162536621094,0.005426645278930664,0.001287221908569336,0.012557029724121094,87,3,91,68,665,612,9495
all/randm06.02.02.06.020_0030.03.aba.beta,True,3,5,0.0063364505767822266,0.004685401916503906,0.0012288093566894531,0.012250661849975586,88,3,106,67,667,567,8934
all/randm06.02.02.06.020_0030.04.aba.beta,True,6,5,0.010037422180175781,0.00971364974975586,0.0017442703247070312,0.021495342254638672,96,6,96,75,999,744,11428
all/randm06.02.02.06.020_0030.05.aba.beta,True,6,5,0.0052225589752197266,0.006332874298095703,0.0011911392211914062,0.012746572494506836,98,5,98,51,555,628,9673
all/randm06.02.02.07.020_0030.01.aba.beta,True,3,5,0.0027704238891601562,0.002955198287963867,0.0009129047393798828,0.006638526916503906,91,2,92,48,432,541,8607
all/randm06.02.02.07.020_0030.02.aba.beta,True,2,5,0.002480030059814453,0.003262758255004883,0.00079345703125,0.006536245346069336,64,2,64,46,304,550,8682
all/randm06.02.02.07.020_0030.03.aba.beta,True,2,5,0.0034339427947998047,0.0035905838012695312,0.0007374286651611328,0.007761955261230469,67,2,67,45,302,548,8639
all/randm06.02.02.07.020_0030.04.aba.beta,True,4,5,0.003500223159790039,0.0041849613189697266,0.0006926059722900391,0.008377790451049805,88,3,88,50,436,553,8694
all/randm06.02.02.07.020_0030.05.aba.beta,True,1,5,0.0015056133270263672,0.0012063980102539062,0.0007250308990478516,0.003437042236328125,55,1,55,38,221,536,8591
all/randm06.02.02.08.020_0030.01.aba.beta,True,1,4,0.0009720325469970703,0.0008854866027832031,0.0006670951843261719,0.0025246143341064453,44,1,44,34,167,535,8562
all/randm06.02.02.08.020_0030.02.aba.beta,True,1,4,0.0006363391876220703,0.0006575584411621094,0.0007281303405761719,0.0020220279693603516,39,1,39,27,138,525,8533
all/randm06.02.02.08.020_0030.03.aba.beta,True,1,4,0.0006792545318603516,0.000621795654296875,0.0012021064758300781,0.0025031566619873047,41,1,41,30,149,525,8512
all/randm06.02.02.08.020_0030.04.aba.beta,True,1,4,0.0012249946594238281,0.0011343955993652344,0.0012240409851074219,0.0035834312438964844,43,1,43,28,160,530,8570
all/randm06.02.02.08.020_0030.05.aba.beta,True,1,4,0.000873565673828125,0.0006990432739257812,0.0006840229034423828,0.002256631851196289,41,1,41,32,149,544,8629
all/randm06.02.02.09.020_0030.01.aba.beta,True,3,5,0.004625082015991211,0.004241466522216797,0.0009367465972900391,0.009803295135498047,77,3,78,62,513,696,11028
all/randm06.02.02.09.020_0030.02.aba.beta,True,2,5,0.003596782684326172,0.0032913684844970703,0.0008840560913085938,0.007772207260131836,81,2,81,60,611,553,8897
all/randm06.02.02.09.020_0030.03.aba.beta,True,2,5,0.00313568115234375,0.003100156784057617,0.0009634494781494141,0.007199287414550781,83,2,83,61,648,567,9010
all/randm06.02.02.09.020_0030.04.aba.beta,True,4,5,0.007035970687866211,0.007441997528076172,0.0015716552734375,0.016049623489379883,95,4,95,53,697,623,9789
all/randm06.02.02.09.020_0030.05.aba.beta,True,5,5,0.006618976593017578,0.007401227951049805,0.0007901191711425781,0.014810323715209961,116,3,116,58,954,582,9158
all/randm06.02.02.10.020_0030.01.aba.beta,True,1,4,0.0012307167053222656,0.0009238719940185547,0.0006940364837646484,0.0028486251831054688,41,1,41,31,149,538,8595
all/randm06.02.02.10.020_0030.02.aba.beta,True,1,4,0.0007226467132568359,0.0006718635559082031,0.0007290840148925781,0.002123594284057617,39,1,39,31,138,538,8602
all/randm06.02.02.10.020_0030.03.aba.beta,True,1,4,0.0012350082397460938,0.0011205673217773438,0.001352548599243164,0.0037081241607666016,40,1,40,30,144,528,8529
all/randm06.02.02.10.020_0030.04.aba.beta,True,1,4,0.0009891986846923828,0.0006756782531738281,0.0006761550903320312,0.002341032028198242,43,1,43,33,160,542,8619
all/randm06.02.02.10.020_0030.05.aba.beta,True,1,4,0.0009660720825195312,0.0007431507110595703,0.0007641315460205078,0.0024733543395996094,41,1,41,33,149,541,8613
all/randm06.02.02.11.020_0030.01.aba.beta,True,5,6,0.006903648376464844,0.007134437561035156,0.0008327960968017578,0.014870882034301758,135,4,135,71,1368,635,9848
all/randm06.02.02.11.020_0030.02.aba.beta,True,7,6,0.012845516204833984,0.011922359466552734,0.0013339519500732422,0.02610182762145996,153,6,153,76,1528,757,11675
all/randm06.02.02.11.020_0030.03.aba.beta,True,6,6,0.009157896041870117,0.012379646301269531,0.0012857913970947266,0.022823333740234375,180,3,180,72,1040,559,8705
all/randm06.02.02.11.020_0030.04.aba.beta,True,6,6,0.009064912796020508,0.00813746452331543,0.0012688636779785156,0.018471240997314453,149,5,161,77,1226,660,10185
all/randm06.02.02.11.020_0030.05.aba.beta,True,5,6,0.01025390625,0.011426210403442383,0.0010287761688232422,0.022708892822265625,124,3,126,78,923,668,10381
all/randm06.02.02.12.020_0030.01.aba.beta,True,1,4,0.0010335445404052734,0.0006532669067382812,0.0007367134094238281,0.002423524856567383,41,1,41,32,168,542,8616
all/randm06.02.02.12.020_0030.02.aba.beta,True,1,4,0.0008730888366699219,0.0005805492401123047,0.000682830810546875,0.0021364688873291016,52,1,52,26,240,531,8573
all/randm06.02.02.12.020_0030.03.aba.beta,True,1,4,0.001276254653930664,0.0008959770202636719,0.0013468265533447266,0.0035190582275390625,43,1,43,22,183,532,8576
all/randm06.02.02.12.020_0030.04.aba.beta,True,1,4,0.0007905960083007812,0.0006308555603027344,0.0007104873657226562,0.002131938934326172,41,1,41,28,168,541,8608
all/randm06.02.02.12.020_0030.05.aba.beta,True,1,4,0.0007467269897460938,0.0006210803985595703,0.00069427490234375,0.002062082290649414,42,1,42,27,176,544,8626
all/randm06.02.02.13.020_0030.01.aba.beta,True,3,4,0.002154827117919922,0.00213623046875,0.0007665157318115234,0.005057573318481445,58,3,58,41,401,563,8876
all/randm06.02.02.13.020_0030.02.aba.beta,True,4,4,0.003316164016723633,0.0034461021423339844,0.0008866786956787109,0.007648944854736328,78,4,78,64,597,668,10346
all/randm06.02.02.13.020_0030.03.aba.beta,True,2,4,0.0014150142669677734,0.0013113021850585938,0.0007328987121582031,0.0034592151641845703,43,2,43,33,180,540,8590
all/randm06.02.02.13.020_0030.04.aba.beta,True,3,4,0.0022482872009277344,0.0029456615447998047,0.001209259033203125,0.006403207778930664,63,3,63,50,550,577,9038
all/randm06.02.02.13.020_0030.05.aba.beta,True,2,4,0.0012979507446289062,0.001207113265991211,0.0007183551788330078,0.003223419189453125,48,2,48,32,226,542,8636
all/randm06.02.02.14.020_0030.01.aba.beta,True,3,6,0.0026879310607910156,0.004145383834838867,0.0007071495056152344,0.007540464401245117,99,2,99,46,504,534,8586
all/randm06.02.02.14.020_0030.02.aba.beta,True,2,6,0.002640962600708008,0.002407550811767578,0.0007426738739013672,0.005791187286376953,68,2,68,37,343,545,8621
all/randm06.02.02.14.020_0030.03.aba.beta,True,3,6,0.004827976226806641,0.0038568973541259766,0.0007791519165039062,0.009464025497436523,83,3,87,42,477,539,8572
all/randm06.02.02.14.020_0030.04.aba.beta,True,1,6,0.002532482147216797,0.001613616943359375,0.0007097721099853516,0.0048558712005615234,77,1,78,39,408,532,8563
all/randm06.02.02.14.020_0030.05.aba.beta,True,1,6,0.0021767616271972656,0.0013988018035888672,0.0007026195526123047,0.0042781829833984375,75,1,78,40,392,533,8561
all/randm06.02.02.15.020_0030.01.aba.beta,True,3,5,0.002475738525390625,0.002473592758178711,0.000751495361328125,0.005700826644897461,85,3,85,41,623,585,9179
all/randm06.02.02.15.020_0030.02.aba.beta,True,2,5,0.0040318965911865234,0.0031785964965820312,0.0008661746978759766,0.008076667785644531,85,2,85,45,627,612,9709
all/randm06.02.02.15.020_0030.03.aba.beta,True,1,5,0.001957416534423828,0.0010821819305419922,0.0007386207580566406,0.003778219223022461,61,1,62,34,324,535,8587
all/randm06.02.02.15.020_0030.04.aba.beta,True,2,5,0.002916097640991211,0.0031511783599853516,0.0012021064758300781,0.007269382476806641,77,2,77,50,560,560,8854
all/randm06.02.02.15.020_0030.05.aba.beta,True,3,5,0.003975868225097656,0.0032186508178710938,0.0012402534484863281,0.008434772491455078,80,3,80,37,500,607,9612
all/randm06.02.02.16.020_0030.01.aba.beta,True,1,3,0.0004546642303466797,0.0004885196685791016,0.0007112026214599609,0.0016543865203857422,31,1,31,26,98,524,8503
all/randm06.02.02.16.020_0030.02.aba.beta,True,1,3,0.0004229545593261719,0.0004425048828125,0.0008230209350585938,0.0016884803771972656,31,1,31,25,98,537,8602
all/randm06.02.02.16.020_0030.03.aba.beta,True,1,3,0.0007195472717285156,0.0007929801940917969,0.0011987686157226562,0.0027112960815429688,31,1,31,23,98,522,8501
all/randm06.02.02.16.020_0030.04.aba.beta,True,1,3,0.0007853507995605469,0.0008130073547363281,0.0012416839599609375,0.0028400421142578125,31,1,31,28,98,539,8603
all/randm06.02.02.16.020_0030.05.aba.beta,True,1,3,0.0005240440368652344,0.0008044242858886719,0.00109100341796875,0.0024194717407226562,31,1,31,28,98,543,8622
all/randm06.02.02.17.020_0030.01.aba.beta,True,1,4,0.0014476776123046875,0.0010781288146972656,0.001150369644165039,0.003676176071166992,45,1,45,28,171,535,8594
all/randm06.02.02.17.020_0030.02.aba.beta,True,1,4,0.0007085800170898438,0.0007147789001464844,0.0007355213165283203,0.0021588802337646484,41,1,41,34,149,542,8615
all/randm06.02.02.17.020_0030.03.aba.beta,True,1,4,0.0008845329284667969,0.0006604194641113281,0.0007278919219970703,0.0022728443145751953,42,1,42,30,155,535,8592
all/randm06.02.02.17.020_0030.04.aba.beta,True,1,4,0.00164031982421875,0.0013744831085205078,0.0012814998626708984,0.004296302795410156,44,1,44,27,168,533,8582
all/randm06.02.02.17.020_0030.05.aba.beta,True,1,4,0.0010814666748046875,0.001026153564453125,0.0011489391326904297,0.003256559371948242,39,1,39,28,138,531,8559
all/randm06.02.02.18.020_0030.01.aba.beta,True,2,6,0.005644321441650391,0.00502777099609375,0.0007669925689697266,0.011439085006713867,93,2,101,66,634,565,8887
all/randm06.02.02.18.020_0030.02.aba.beta,True,1,6,0.0030939579010009766,0.002350330352783203,0.001260995864868164,0.006705284118652344,70,1,73,40,322,526,8531
all/randm06.02.02.18.020_0030.03.aba.beta,True,1,6,0.0031113624572753906,0.0016951560974121094,0.0007066726684570312,0.005513191223144531,68,1,68,40,307,532,8568
all/randm06.02.02.18.020_0030.04.aba.beta,True,2,6,0.0041277408599853516,0.003699064254760742,0.0007295608520507812,0.008556365966796875,119,2,126,70,949,552,8929
all/randm06.02.02.18.020_0030.05.aba.beta,True,1,6,0.003086090087890625,0.001995563507080078,0.0007390975952148438,0.005820751190185547,63,1,63,39,281,533,8578
all/randm06.02.02.19.020_0030.01.aba.beta,True,1,1,0.00012159347534179688,0.00024056434631347656,0.00078582763671875,0.0011479854583740234,15,1,15,14,34,533,8572
all/randm06.02.02.19.020_0030.02.aba.beta,True,1,1,0.00011730194091796875,0.0003790855407714844,0.001020193099975586,0.001516580581665039,15,1,15,14,34,537,8597
all/randm06.02.02.19.020_0030.03.aba.beta,True,1,1,0.00011181831359863281,0.000232696533203125,0.0006740093231201172,0.001018524169921875,15,1,15,14,34,533,8578
all/randm06.02.02.19.020_0030.04.aba.beta,True,1,1,0.0001354217529296875,0.00023603439331054688,0.0011668205261230469,0.0015382766723632812,15,1,15,13,34,523,8524
all/randm06.02.02.19.020_0030.05.aba.beta,True,1,1,0.00018072128295898438,0.00039839744567871094,0.0012421607971191406,0.001821279525756836,15,1,15,14,34,525,8527
all/randm07.02.02.01.020_0030.01.aba.beta,True,1,1,0.0001785755157470703,0.0003955364227294922,0.0011632442474365234,0.001737356185913086,15,1,15,14,34,529,8553
all/randm07.02.02.01.020_0030.02.aba.beta,True,1,1,0.00011372566223144531,0.0002567768096923828,0.0006840229034423828,0.001054525375366211,15,1,15,14,34,526,8542
all/randm07.02.02.01.020_0030.03.aba.beta,True,1,1,0.0001747608184814453,0.0003943443298339844,0.0014090538024902344,0.001978158950805664,15,1,15,15,34,531,8553
all/randm07.02.02.01.020_0030.04.aba.beta,True,1,1,0.00011730194091796875,0.00023627281188964844,0.0007193088531494141,0.0010728836059570312,15,1,15,15,34,530,8550
all/randm07.02.02.01.020_0030.05.aba.beta,True,1,1,0.00017714500427246094,0.0003905296325683594,0.0008184909820556641,0.0013861656188964844,15,1,15,15,34,540,8609
all/randm07.02.02.02.020_0030.01.aba.beta,True,1,1,0.00011348724365234375,0.0002319812774658203,0.0007269382476806641,0.0010724067687988281,15,1,15,14,34,535,8587
all/randm07.02.02.02.020_0030.02.aba.beta,True,1,1,0.00011157989501953125,0.0002319812774658203,0.000698089599609375,0.0010416507720947266,15,1,15,14,34,538,8598
all/randm07.02.02.02.020_0030.03.aba.beta,True,1,1,0.00011014938354492188,0.00022864341735839844,0.0007250308990478516,0.0010638236999511719,15,1,15,14,34,533,8583
all/randm07.02.02.02.020_0030.04.aba.beta,True,1,1,0.00012636184692382812,0.00024199485778808594,0.0007433891296386719,0.001111745834350586,15,1,15,14,34,521,8515
all/randm07.02.02.02.020_0030.05.aba.beta,True,1,1,0.00011992454528808594,0.00023174285888671875,0.0007314682006835938,0.0010831356048583984,15,1,15,13,34,531,8576
all/randm07.02.02.03.020_0030.01.aba.beta,True,5,7,0.00965118408203125,0.012181520462036133,0.0012116432189941406,0.023044347763061523,133,4,134,56,889,574,8859
all/randm07.02.02.03.020_0030.02.aba.beta,True,3,7,0.007791996002197266,0.008888006210327148,0.0007278919219970703,0.017407894134521484,148,2,150,60,939,548,8681
all/randm07.02.02.03.020_0030.03.aba.beta,True,10,7,0.019783496856689453,0.02165818214416504,0.0007402896881103516,0.042181968688964844,234,7,234,75,1776,612,9143
all/randm07.02.02.03.020_0030.04.aba.beta,True,8,7,0.015952110290527344,0.022562026977539062,0.001867055892944336,0.04038119316101074,127,8,138,78,1256,1185,18301
all/randm07.02.02.03.020_0030.05.aba.beta,True,7,7,0.014145612716674805,0.017858028411865234,0.0008993148803710938,0.03290295600891113,186,6,189,78,1574,673,10304
all/randm07.02.02.04.020_0030.01.aba.beta,True,1,4,0.0007729530334472656,0.000885009765625,0.0006783008575439453,0.002336263656616211,39,1,39,33,138,536,8585
all/randm07.02.02.04.020_0030.02.aba.beta,True,2,4,0.002697467803955078,0.002188444137573242,0.0007610321044921875,0.005646944046020508,52,2,52,41,249,554,8705
all/randm07.02.02.04.020_0030.03.aba.beta,True,2,4,0.0018069744110107422,0.001577615737915039,0.0007259845733642578,0.004110574722290039,51,2,51,40,236,549,8675
all/randm07.02.02.04.020_0030.04.aba.beta,True,1,4,0.0012326240539550781,0.0010764598846435547,0.0011873245239257812,0.003496408462524414,39,1,39,29,138,530,8558
all/randm07.02.02.04.020_0030.05.aba.beta,True,2,4,0.0017368793487548828,0.0013730525970458984,0.0007207393646240234,0.0038306713104248047,47,2,47,37,194,541,8618
all/randm07.02.02.05.020_0030.01.aba.beta,True,5,6,0.008418083190917969,0.009655475616455078,0.0007855892181396484,0.018859148025512695,201,3,202,72,1315,585,9185
all/randm07.02.02.05.020_0030.02.aba.beta,True,6,6,0.011915445327758789,0.015200138092041016,0.0014948844909667969,0.0286104679107666,142,5,146,76,1205,706,10827
all/randm07.02.02.05.020_0030.03.aba.beta,True,2,6,0.0037565231323242188,0.0033240318298339844,0.0007636547088623047,0.007844209671020508,83,2,84,57,512,550,8791
all/randm07.02.02.05.020_0030.04.aba.beta,True,1,6,0.0024445056915283203,0.0017619132995605469,0.001190185546875,0.005396604537963867,70,1,77,47,327,541,8616
all/randm07.02.02.05.020_0030.05.aba.beta,True,4,6,0.004560708999633789,0.006176471710205078,0.0008206367492675781,0.011557817459106445,105,3,105,61,556,589,9169
all/randm07.02.02.06.020_0030.01.aba.beta,True,1,4,0.0008473396301269531,0.0006716251373291016,0.0007140636444091797,0.0022330284118652344,41,1,41,32,149,533,8576
all/randm07.02.02.06.020_0030.02.aba.beta,True,1,4,0.001322031021118164,0.0009033679962158203,0.0009458065032958984,0.003171205520629883,39,1,39,32,138,538,8598
all/randm07.02.02.06.020_0030.03.aba.beta,True,1,4,0.001323699951171875,0.0009851455688476562,0.0011115074157714844,0.0034203529357910156,39,1,39,31,138,539,8603
all/randm07.02.02.06.020_0030.04.aba.beta,True,1,4,0.0011432170867919922,0.0011410713195800781,0.0011966228485107422,0.0034809112548828125,39,1,39,30,138,534,8580
all/randm07.02.02.06.020_0030.05.aba.beta,True,1,4,0.0007076263427734375,0.0006580352783203125,0.0006928443908691406,0.0020585060119628906,39,1,39,30,138,534,8577
all/randm07.02.02.07.020_0030.01.aba.beta,True,5,6,0.009697914123535156,0.0125579833984375,0.0014243125915527344,0.02368021011352539,157,4,158,88,1407,621,9729
all/randm07.02.02.07.020_0030.02.aba.beta,True,4,6,0.008409261703491211,0.009587287902832031,0.0009367465972900391,0.01893329620361328,103,4,108,73,848,723,11238
all/randm07.02.02.07.020_0030.03.aba.beta,True,10,6,0.014016866683959961,0.01700305938720703,0.0008966922760009766,0.03191661834716797,144,8,146,69,1128,700,10503
all/randm07.02.02.07.020_0030.04.aba.beta,True,8,6,0.014544010162353516,0.020097970962524414,0.0018734931945800781,0.03651547431945801,176,6,176,71,1027,845,13120
all/randm07.02.02.07.020_0030.05.aba.beta,True,5,6,0.00806736946105957,0.008649826049804688,0.0016870498657226562,0.018404245376586914,111,4,115,65,641,838,12870
all/randm07.02.02.08.020_0030.01.aba.beta,True,1,1,0.00011491775512695312,0.00023603439331054688,0.0006842613220214844,0.0010352134704589844,15,1,15,15,34,542,8613
all/randm07.02.02.08.020_0030.02.aba.beta,True,1,1,0.00011777877807617188,0.00023651123046875,0.0007507801055908203,0.0011050701141357422,15,1,15,15,34,539,8607
all/randm07.02.02.08.020_0030.03.aba.beta,True,1,1,0.00011396408081054688,0.0002384185791015625,0.0007970333099365234,0.0011494159698486328,15,1,15,15,34,534,8577
all/randm07.02.02.08.020_0030.04.aba.beta,True,1,1,0.0001347064971923828,0.0004017353057861328,0.0010235309600830078,0.0015599727630615234,15,1,15,14,34,536,8592
all/randm07.02.02.08.020_0030.05.aba.beta,True,1,1,0.00011491775512695312,0.0002319812774658203,0.0007326602935791016,0.001079559326171875,15,1,15,14,34,536,8587
all/randm07.02.02.09.020_0030.01.aba.beta,True,1,3,0.0006990432739257812,0.000797271728515625,0.001140594482421875,0.0026369094848632812,31,1,31,27,98,534,8580
all/randm07.02.02.09.020_0030.02.aba.beta,True,1,3,0.0004658699035644531,0.0004572868347167969,0.0006728172302246094,0.0015959739685058594,31,1,31,26,98,531,8547
all/randm07.02.02.09.020_0030.03.aba.beta,True,1,3,0.0004658699035644531,0.0004673004150390625,0.0007262229919433594,0.001659393310546875,31,1,31,27,98,540,8608
all/randm07.02.02.09.020_0030.04.aba.beta,True,1,3,0.00044226646423339844,0.0004553794860839844,0.0006685256958007812,0.001566171646118164,31,1,31,27,98,532,8560
all/randm07.02.02.09.020_0030.05.aba.beta,True,1,3,0.0004334449768066406,0.00045680999755859375,0.0007276535034179688,0.0016179084777832031,31,1,31,25,98,531,8559
all/randm07.02.02.10.020_0030.01.aba.beta,True,1,1,0.00011086463928222656,0.00023126602172851562,0.0006783008575439453,0.0010204315185546875,15,1,15,14,34,537,8599
all/randm07.02.02.10.020_0030.02.aba.beta,True,1,1,0.00011324882507324219,0.0002334117889404297,0.0007088184356689453,0.0010554790496826172,15,1,15,14,34,540,8608
all/randm07.02.02.10.020_0030.03.aba.beta,True,1,1,0.00014352798461914062,0.0002696514129638672,0.0008006095886230469,0.0012137889862060547,15,1,15,15,34,527,8497
all/randm07.02.02.10.020_0030.04.aba.beta,True,1,1,0.00012254714965820312,0.0003161430358886719,0.0009765625,0.001415252685546875,15,1,15,14,34,537,8603
all/randm07.02.02.10.020_0030.05.aba.beta,True,1,1,0.0001246929168701172,0.0002465248107910156,0.00078582763671875,0.0011570453643798828,15,1,15,14,34,528,8551
all/randm07.02.02.11.020_0030.01.aba.beta,True,4,5,0.004435300827026367,0.00641179084777832,0.0014710426330566406,0.012318134307861328,94,3,94,53,524,661,10461
all/randm07.02.02.11.020_0030.02.aba.beta,True,1,5,0.0013289451599121094,0.0011267662048339844,0.0007164478302001953,0.003172159194946289,51,1,51,38,211,535,8586
all/randm07.02.02.11.020_0030.03.aba.beta,True,2,5,0.0025827884674072266,0.0032172203063964844,0.0014748573303222656,0.0072748661041259766,73,2,74,55,530,732,11834
all/randm07.02.02.11.020_0030.04.aba.beta,True,5,5,0.00506591796875,0.007061481475830078,0.0012767314910888672,0.013404130935668945,98,4,99,55,511,694,10888
all/randm07.02.02.11.020_0030.05.aba.beta,True,4,5,0.003603696823120117,0.004900217056274414,0.0007843971252441406,0.009288311004638672,111,3,112,76,783,631,9890
all/randm07.02.02.12.020_0030.01.aba.beta,True,1,3,0.00042128562927246094,0.00046706199645996094,0.0007011890411376953,0.0015895366668701172,31,1,31,27,98,535,8582
all/randm07.02.02.12.020_0030.02.aba.beta,True,1,3,0.00042128562927246094,0.0004429817199707031,0.0007345676422119141,0.0015988349914550781,31,1,31,25,98,535,8590
all/randm07.02.02.12.020_0030.03.aba.beta,True,1,3,0.00040912628173828125,0.0004277229309082031,0.0007121562957763672,0.0015490055084228516,31,1,31,23,98,531,8573
all/randm07.02.02.12.020_0030.04.aba.beta,True,1,3,0.000408172607421875,0.0004334449768066406,0.0009932518005371094,0.001834869384765625,31,1,31,24,98,527,8548
all/randm07.02.02.12.020_0030.05.aba.beta,True,1,3,0.00044536590576171875,0.0006499290466308594,0.001153707504272461,0.002249002456665039,31,1,31,25,98,534,8586
all/randm07.02.02.13.020_0030.01.aba.beta,True,4,7,0.010565996170043945,0.008847236633300781,0.0007472038269042969,0.020160436630249023,98,4,104,64,657,585,9054
all/randm07.02.02.13.020_0030.02.aba.beta,True,4,7,0.008935689926147461,0.011841535568237305,0.0011639595031738281,0.021941184997558594,132,4,137,87,946,905,14530
all/randm07.02.02.13.020_0030.03.aba.beta,True,3,7,0.006301403045654297,0.007934808731079102,0.0008673667907714844,0.015103578567504883,102,3,105,74,795,691,10817
all/randm07.02.02.13.020_0030.04.aba.beta,True,4,7,0.008964300155639648,0.01114654541015625,0.000797271728515625,0.020908117294311523,217,2,217,88,1561,569,9041
all/randm07.02.02.13.020_0030.05.aba.beta,True,3,7,0.005382537841796875,0.0060045719146728516,0.0011487007141113281,0.012535810470581055,97,3,106,65,704,625,9655
all/randm07.02.02.14.020_0030.01.aba.beta,True,1,3,0.0007336139678955078,0.0007865428924560547,0.0011837482452392578,0.0027039051055908203,31,1,31,27,98,542,8619
all/randm07.02.02.14.020_0030.02.aba.beta,True,1,3,0.0004444122314453125,0.0004601478576660156,0.0007340908050537109,0.001638650894165039,31,1,31,28,98,538,8587
all/randm07.02.02.14.020_0030.03.aba.beta,True,1,3,0.0004456043243408203,0.00044608116149902344,0.0007150173187255859,0.0016067028045654297,31,1,31,25,98,525,8535
all/randm07.02.02.14.020_0030.04.aba.beta,True,1,3,0.00041985511779785156,0.00042557716369628906,0.0007290840148925781,0.0015745162963867188,31,1,31,24,98,529,8551
all/randm07.02.02.14.020_0030.05.aba.beta,True,1,3,0.0007059574127197266,0.0007944107055664062,0.001220703125,0.002721071243286133,31,1,31,28,98,539,8603
all/randm07.02.02.15.020_0030.01.aba.beta,True,3,7,0.005838632583618164,0.0046427249908447266,0.0006949901580810547,0.011176347732543945,130,2,137,65,709,548,8635
all/randm07.02.02.15.020_0030.02.aba.beta,True,6,7,0.012306690216064453,0.012647390365600586,0.0007855892181396484,0.025739669799804688,266,3,271,81,1782,577,9133
all/randm07.02.02.15.020_0030.03.aba.beta,True,4,7,0.007002353668212891,0.00824427604675293,0.0007622241973876953,0.016008853912353516,100,4,103,57,766,581,8908
all/randm07.02.02.15.020_0030.04.aba.beta,True,1,7,0.002710103988647461,0.002013683319091797,0.00079345703125,0.005517244338989258,81,1,83,46,406,540,8608
all/randm07.02.02.15.020_0030.05.aba.beta,True,8,7,0.01682138442993164,0.021934986114501953,0.0014374256134033203,0.040193796157836914,243,6,245,82,2131,1079,16992
all/randm07.02.02.16.020_0030.01.aba.beta,True,2,4,0.0013685226440429688,0.0014190673828125,0.0007195472717285156,0.0035071372985839844,47,2,47,37,194,552,8671
all/randm07.02.02.16.020_0030.02.aba.beta,True,2,4,0.0020990371704101562,0.0025076866149902344,0.0012042522430419922,0.005810976028442383,43,2,43,35,164,544,8620
all/randm07.02.02.16.020_0030.03.aba.beta,True,2,4,0.0012009143829345703,0.0012180805206298828,0.0006928443908691406,0.0031118392944335938,44,2,44,30,174,541,8619
all/randm07.02.02.16.020_0030.04.aba.beta,True,2,4,0.0029196739196777344,0.0024809837341308594,0.001226663589477539,0.006627321243286133,49,2,49,41,225,541,8586
all/randm07.02.02.16.020_0030.05.aba.beta,True,2,4,0.0020630359649658203,0.002117156982421875,0.0014553070068359375,0.005635499954223633,55,2,55,44,324,553,8768
all/randm07.02.02.17.020_0030.01.aba.beta,True,3,6,0.004517078399658203,0.003701448440551758,0.0007238388061523438,0.008942365646362305,95,3,97,53,912,571,8917
all/randm07.02.02.17.020_0030.02.aba.beta,True,7,6,0.014678239822387695,0.01833057403564453,0.0015120506286621094,0.034520864486694336,150,5,153,95,1204,816,12738
all/randm07.02.02.17.020_0030.03.aba.beta,True,3,6,0.003317594528198242,0.0037500858306884766,0.0008220672607421875,0.007889747619628906,78,3,78,49,505,623,9721
all/randm07.02.02.17.020_0030.04.aba.beta,True,4,6,0.008519887924194336,0.008617401123046875,0.0008962154388427734,0.018033504486083984,121,4,124,80,1491,639,9990
all/randm07.02.02.17.020_0030.05.aba.beta,True,6,6,0.007739067077636719,0.01079249382019043,0.0007688999176025391,0.019300460815429688,111,4,111,59,670,588,9026
all/randm07.02.02.18.020_0030.01.aba.beta,True,11,7,0.04368877410888672,0.04474163055419922,0.0014295578002929688,0.0898599624633789,783,7,783,132,10755,993,15347
all/randm07.02.02.18.020_0030.02.aba.beta,True,8,7,0.026710033416748047,0.02268195152282715,0.0008411407470703125,0.05023312568664551,482,5,482,95,6387,657,10109
all/randm07.02.02.18.020_0030.03.aba.beta,True,11,7,0.03297853469848633,0.02613663673400879,0.001268148422241211,0.06038331985473633,328,7,328,104,4888,839,12831
all/randm07.02.02.18.020_0030.04.aba.beta,True,13,7,0.053083181381225586,0.05725693702697754,0.0016701221466064453,0.11201024055480957,492,9,492,132,8960,1000,15242
all/randm07.02.02.18.020_0030.05.aba.beta,True,12,7,0.030657529830932617,0.027284622192382812,0.0018265247344970703,0.0597686767578125,311,9,311,114,2878,891,13325
all/randm07.02.02.19.020_0030.01.aba.beta,True,3,5,0.0024383068084716797,0.0031523704528808594,0.0009496212005615234,0.0065402984619140625,96,2,96,57,626,556,8818
all/randm07.02.02.19.020_0030.02.aba.beta,True,5,5,0.0058443546295166016,0.006245613098144531,0.0008647441864013672,0.0129547119140625,153,4,156,81,2276,650,10215
all/randm07.02.02.19.020_0030.03.aba.beta,True,2,5,0.0037233829498291016,0.0037984848022460938,0.0009348392486572266,0.008456707000732422,73,2,73,56,539,617,9780
all/randm07.02.02.19.020_0030.04.aba.beta,True,4,5,0.0034809112548828125,0.004849672317504883,0.0012896060943603516,0.009620189666748047,117,3,117,59,917,595,9337
all/randm07.02.02.19.020_0030.05.aba.beta,True,2,5,0.0019652843475341797,0.0022008419036865234,0.0013005733489990234,0.0054666996002197266,55,2,55,34,243,651,10343
all/randm08.02.02.01.020_0030.01.aba.beta,True,5,7,0.009898662567138672,0.013231039047241211,0.0007879734039306641,0.023917675018310547,143,4,143,67,1184,599,9252
all/randm08.02.02.01.020_0030.02.aba.beta,True,5,7,0.010666370391845703,0.017596006393432617,0.002094268798828125,0.030356645584106445,146,4,146,95,979,935,14619
all/randm08.02.02.01.020_0030.03.aba.beta,True,4,7,0.006657838821411133,0.009186983108520508,0.0007772445678710938,0.016622066497802734,140,3,140,76,868,595,9305
all/randm08.02.02.01.020_0030.04.aba.beta,True,3,7,0.008132219314575195,0.009197235107421875,0.0012516975402832031,0.018581151962280273,128,2,128,70,787,771,12259
all/randm08.02.02.01.020_0030.05.aba.beta,True,3,7,0.004168272018432617,0.005488872528076172,0.0008456707000732422,0.010502815246582031,119,2,119,57,623,598,9497
all/randm08.02.02.02.020_0030.01.aba.beta,True,1,6,0.002255678176879883,0.0014116764068603516,0.0006885528564453125,0.004355907440185547,79,1,79,39,415,539,8610
all/randm08.02.02.02.020_0030.02.aba.beta,True,3,6,0.0053462982177734375,0.003401517868041992,0.0006823539733886719,0.009430170059204102,144,2,145,50,909,538,8624
all/randm08.02.02.02.020_0030.03.aba.beta,True,3,6,0.0048372745513916016,0.00415802001953125,0.0007276535034179688,0.00972294807434082,89,3,89,38,701,565,8814
all/randm08.02.02.02.020_0030.04.aba.beta,True,5,6,0.007979631423950195,0.009493589401245117,0.0009288787841796875,0.018402099609375,102,5,102,53,938,626,9650
all/randm08.02.02.02.020_0030.05.aba.beta,True,4,6,0.005340576171875,0.00549626350402832,0.0007615089416503906,0.011598348617553711,142,3,142,55,1055,592,9212
all/randm08.02.02.03.020_0030.01.aba.beta,True,5,7,0.007380962371826172,0.009859561920166016,0.0007374286651611328,0.01797795295715332,200,3,200,75,1208,560,8725
all/randm08.02.02.03.020_0030.02.aba.beta,True,5,7,0.010877847671508789,0.013650655746459961,0.0007522106170654297,0.02528071403503418,134,3,134,66,796,568,8823
all/randm08.02.02.03.020_0030.03.aba.beta,True,5,7,0.0067005157470703125,0.0069103240966796875,0.000705718994140625,0.014316558837890625,154,4,154,63,1235,577,8931
all/randm08.02.02.03.020_0030.04.aba.beta,True,4,7,0.00905609130859375,0.010210752487182617,0.0007414817810058594,0.020008325576782227,92,4,93,58,534,574,8830
all/randm08.02.02.03.020_0030.05.aba.beta,True,3,7,0.005793333053588867,0.006266355514526367,0.0007574558258056641,0.012817144393920898,140,2,142,68,844,559,8780
all/randm08.02.02.04.020_0030.01.aba.beta,True,5,6,0.009896278381347656,0.008915424346923828,0.0010540485382080078,0.019865751266479492,164,4,164,84,1729,653,10211
all/randm08.02.02.04.020_0030.02.aba.beta,True,4,6,0.00627446174621582,0.005860090255737305,0.0010921955108642578,0.013226747512817383,106,4,109,61,1260,616,9716
all/randm08.02.02.04.020_0030.03.aba.beta,True,5,6,0.008104562759399414,0.00974130630493164,0.0013861656188964844,0.01923203468322754,106,5,108,78,979,684,10558
all/randm08.02.02.04.020_0030.04.aba.beta,True,2,6,0.0034897327423095703,0.0023772716522216797,0.0007283687591552734,0.0065953731536865234,87,2,90,52,858,558,8774
all/randm08.02.02.04.020_0030.05.aba.beta,True,6,6,0.008578777313232422,0.011141538619995117,0.0014007091522216797,0.02112102508544922,173,4,173,70,1010,672,10499
all/randm08.02.02.05.020_0030.01.aba.beta,True,1,5,0.001497030258178711,0.0010111331939697266,0.0007474422454833984,0.003255605697631836,53,1,53,35,241,539,8602
all/randm08.02.02.05.020_0030.02.aba.beta,True,1,5,0.0018715858459472656,0.0010635852813720703,0.0007317066192626953,0.0036668777465820312,47,1,47,32,202,538,8602
all/randm08.02.02.05.020_0030.03.aba.beta,True,1,5,0.0018360614776611328,0.0009400844573974609,0.00069427490234375,0.0034704208374023438,54,1,54,28,252,536,8585
all/randm08.02.02.05.020_0030.04.aba.beta,True,2,5,0.0018184185028076172,0.001615285873413086,0.0008661746978759766,0.00429987907409668,58,2,58,29,270,594,9477
all/randm08.02.02.05.020_0030.05.aba.beta,True,2,5,0.0040929317474365234,0.0034749507904052734,0.0008418560028076172,0.008409738540649414,80,2,82,46,539,563,8838
all/randm08.02.02.06.020_0030.01.aba.beta,True,2,8,0.0073583126068115234,0.007039546966552734,0.0007803440093994141,0.015178203582763672,132,2,137,72,1574,559,8920
all/randm08.02.02.06.020_0030.02.aba.beta,True,6,8,0.014772891998291016,0.01965165138244629,0.0007779598236083984,0.0352025032043457,197,4,203,88,1950,627,9742
all/randm08.02.02.06.020_0030.03.aba.beta,True,4,8,0.009282350540161133,0.011438131332397461,0.0008032321929931641,0.021523714065551758,161,3,163,74,1003,619,9775
all/randm08.02.02.06.020_0030.04.aba.beta,True,1,8,0.0035085678100585938,0.002935171127319336,0.0007398128509521484,0.007183551788330078,102,1,108,58,523,540,8605
all/randm08.02.02.06.020_0030.05.aba.beta,True,7,8,0.015291213989257812,0.017597198486328125,0.0009403228759765625,0.0338287353515625,290,4,296,84,2075,603,9410
all/randm08.02.02.07.020_0030.01.aba.beta,True,1,1,0.00011563301086425781,0.0002346038818359375,0.0007381439208984375,0.0010883808135986328,15,1,15,15,34,536,8587
all/randm08.02.02.07.020_0030.02.aba.beta,True,1,1,0.00011444091796875,0.0002269744873046875,0.0007643699645996094,0.0011057853698730469,15,1,15,14,34,524,8514
all/randm08.02.02.07.020_0030.03.aba.beta,True,1,1,0.00011110305786132812,0.00023245811462402344,0.0008854866027832031,0.0012290477752685547,15,1,15,13,34,519,8504
all/randm08.02.02.07.020_0030.04.aba.beta,True,1,1,0.00017690658569335938,0.00038933753967285156,0.0010204315185546875,0.0015866756439208984,15,1,15,14,34,539,8604
all/randm08.02.02.07.020_0030.05.aba.beta,True,1,1,0.00011396408081054688,0.0002276897430419922,0.0007283687591552734,0.0010700225830078125,15,1,15,14,34,530,8566
all/randm08.02.02.08.020_0030.01.aba.beta,True,5,6,0.005759000778198242,0.00606989860534668,0.0006814002990722656,0.012510299682617188,211,2,211,74,1694,551,8678
all/randm08.02.02.08.020_0030.02.aba.beta,True,9,6,0.024912357330322266,0.0198056697845459,0.000997781753540039,0.0457158088684082,449,6,449,142,4390,787,12209
all/randm08.02.02.08.020_0030.03.aba.beta,True,9,6,0.01423954963684082,0.01560354232788086,0.001775503158569336,0.031618595123291016,208,7,209,87,1538,960,15037
all/randm08.02.02.08.020_0030.04.aba.beta,True,7,6,0.008914709091186523,0.010287761688232422,0.0008347034454345703,0.020037174224853516,206,5,206,78,1921,639,9640
all/randm08.02.02.08.020_0030.05.aba.beta,True,9,6,0.017389297485351562,0.01764702796936035,0.0013239383697509766,0.03636026382446289,340,6,340,99,2738,854,13097
all/randm08.02.02.09.020_0030.01.aba.beta,True,1,7,0.0029256343841552734,0.0019345283508300781,0.0006861686706542969,0.0055463314056396484,79,1,79,43,369,535,8591
all/randm08.02.02.09.020_0030.02.aba.beta,True,4,7,0.011241912841796875,0.01137852668762207,0.0015556812286376953,0.02417612075805664,176,4,182,112,2195,1163,18575
all/randm08.02.02.09.020_0030.03.aba.beta,True,5,7,0.010560989379882812,0.010825157165527344,0.001313924789428711,0.022700071334838867,140,4,140,70,848,675,10560
all/randm08.02.02.09.020_0030.04.aba.beta,True,5,7,0.01085209846496582,0.012223482131958008,0.0014195442199707031,0.02449512481689453,160,4,160,80,1086,1068,16748
all/randm08.02.02.09.020_0030.05.aba.beta,True,4,7,0.008637189865112305,0.008438587188720703,0.0007195472717285156,0.017795324325561523,158,3,160,53,1111,542,8604
all/randm08.02.02.10.020_0030.01.aba.beta,True,5,7,0.009804964065551758,0.009842634201049805,0.0010402202606201172,0.02068781852722168,185,4,186,85,2030,764,12008
all/randm08.02.02.10.020_0030.02.aba.beta,True,7,7,0.016356706619262695,0.017954111099243164,0.0028486251831054688,0.03715944290161133,198,6,200,112,2020,1556,24395
all/randm08.02.02.10.020_0030.03.aba.beta,True,9,7,0.015651941299438477,0.017712116241455078,0.0008292198181152344,0.03419327735900879,189,6,189,67,1935,671,10126
all/randm08.02.02.10.020_0030.04.aba.beta,True,10,7,0.02981257438659668,0.027834653854370117,0.0032570362091064453,0.06090426445007324,368,7,368,128,4240,1787,27994
all/randm08.02.02.10.020_0030.05.aba.beta,True,5,7,0.011318206787109375,0.014739513397216797,0.0014834403991699219,0.027541160583496094,152,4,152,91,1246,1132,18187
all/randm08.02.02.11.020_0030.01.aba.beta,True,11,8,0.020783424377441406,0.02149343490600586,0.0014576911926269531,0.04373455047607422,222,9,228,70,2165,1085,16441
all/randm08.02.02.11.020_0030.02.aba.beta,True,9,8,0.014905691146850586,0.01718425750732422,0.002193927764892578,0.03428387641906738,180,8,188,71,1489,1706,26964
all/randm08.02.02.11.020_0030.03.aba.beta,True,9,8,0.0171201229095459,0.02344822883605957,0.0012195110321044922,0.04178786277770996,185,7,187,84,1663,828,12733
all/randm08.02.02.11.020_0030.04.aba.beta,True,6,8,0.014107465744018555,0.02453899383544922,0.0016472339630126953,0.04029369354248047,130,6,132,66,1008,848,12915
all/randm08.02.02.11.020_0030.05.aba.beta,True,10,8,0.015295267105102539,0.023348331451416016,0.0012121200561523438,0.0398557186126709,189,9,192,81,1595,940,14085
all/randm08.02.02.12.020_0030.01.aba.beta,True,5,5,0.00604701042175293,0.005972385406494141,0.0009467601776123047,0.012966156005859375,148,4,148,84,1526,694,10919
all/randm08.02.02.12.020_0030.02.aba.beta,True,4,5,0.005254030227661133,0.004992246627807617,0.0010180473327636719,0.011264324188232422,120,3,120,78,830,809,12856
all/randm08.02.02.12.020_0030.03.aba.beta,True,3,5,0.003038644790649414,0.0036745071411132812,0.0008325576782226562,0.0075457096099853516,98,2,98,71,621,647,10186
all/randm08.02.02.12.020_0030.04.aba.beta,True,5,5,0.006100654602050781,0.005713701248168945,0.0008280277252197266,0.012642383575439453,115,4,115,68,707,638,9795
all/randm08.02.02.12.020_0030.05.aba.beta,True,5,5,0.0077517032623291016,0.0074384212493896484,0.0009722709655761719,0.016162395477294922,132,4,132,76,1443,710,10938
all/randm08.02.02.13.020_0030.01.aba.beta,True,11,8,0.031516075134277344,0.046221017837524414,0.0011408329010009766,0.07887792587280273,322,7,322,144,2789,884,13591
all/randm08.02.02.13.020_0030.02.aba.beta,True,13,8,0.04927325248718262,0.065460205078125,0.002437591552734375,0.11717104911804199,289,9,289,135,2300,1364,20969
all/randm08.02.02.13.020_0030.03.aba.beta,True,9,8,0.024196624755859375,0.024834871292114258,0.0012650489807128906,0.05029654502868652,173,6,178,92,1280,829,12784
all/randm08.02.02.13.020_0030.04.aba.beta,True,9,8,0.031397342681884766,0.040754079818725586,0.001138448715209961,0.07328987121582031,277,6,279,131,2302,854,13140
all/randm08.02.02.13.020_0030.05.aba.beta,True,12,8,0.04737210273742676,0.04511547088623047,0.0018870830535888672,0.0943746566772461,231,8,252,142,2194,1226,19262
all/randm08.02.02.14.020_0030.01.aba.beta,True,7,6,0.014761209487915039,0.0167388916015625,0.0012545585632324219,0.03275465965270996,178,6,178,119,1814,937,14525
all/randm08.02.02.14.020_0030.02.aba.beta,True,12,6,0.04485940933227539,0.04603457450866699,0.002438783645629883,0.09333276748657227,275,10,276,161,2682,1430,22241
all/randm08.02.02.14.020_0030.03.aba.beta,True,10,6,0.0274200439453125,0.027245283126831055,0.0013570785522460938,0.05602240562438965,227,8,227,127,1962,961,14841
all/randm08.02.02.14.020_0030.04.aba.beta,True,10,6,0.035037994384765625,0.029551982879638672,0.001729726791381836,0.06631970405578613,438,7,438,145,9094,1265,20208
all/randm08.02.02.14.020_0030.05.aba.beta,True,8,6,0.022177934646606445,0.022801637649536133,0.0014896392822265625,0.04646921157836914,174,7,174,110,1786,1081,16430
all/randm08.02.02.15.020_0030.01.aba.beta,True,6,5,0.013994932174682617,0.011637210845947266,0.001102447509765625,0.026734590530395508,129,5,129,94,1142,748,11627
all/randm08.02.02.15.020_0030.02.aba.beta,True,5,5,0.007122039794921875,0.00679469108581543,0.0010285377502441406,0.014945268630981445,89,5,90,63,700,826,12884
all/randm08.02.02.15.020_0030.03.aba.beta,True,5,5,0.007309436798095703,0.008584976196289062,0.0014255046844482422,0.017319917678833008,97,4,97,65,615,588,9026
all/randm08.02.02.15.020_0030.04.aba.beta,True,5,5,0.004890918731689453,0.00496220588684082,0.0008037090301513672,0.01065683364868164,75,5,77,49,481,634,9798
all/randm08.02.02.15.020_0030.05.aba.beta,True,4,5,0.0068569183349609375,0.006484031677246094,0.0011343955993652344,0.014475345611572266,100,3,101,60,620,568,8945
all/randm08.02.02.16.020_0030.01.aba.beta,True,4,5,0.0049190521240234375,0.00442194938659668,0.0007677078247070312,0.010108709335327148,92,3,93,49,491,586,9147
all/randm08.02.02.16.020_0030.02.aba.beta,True,5,5,0.007708311080932617,0.008982181549072266,0.0014085769653320312,0.018099069595336914,126,4,126,83,1177,674,10699
all/randm08.02.02.16.020_0030.03.aba.beta,True,5,5,0.0067293643951416016,0.007097005844116211,0.0014903545379638672,0.01531672477722168,119,4,119,81,857,1120,17683
all/randm08.02.02.16.020_0030.04.aba.beta,True,7,5,0.012861490249633789,0.013963460922241211,0.0013973712921142578,0.028222322463989258,130,6,130,95,981,980,15213
all/randm08.02.02.16.020_0030.05.aba.beta,True,5,5,0.007306814193725586,0.008891582489013672,0.00152587890625,0.017724275588989258,97,4,97,58,629,665,10413
all/randm08.02.02.17.020_0030.01.aba.beta,True,2,6,0.004654884338378906,0.004063129425048828,0.0011196136474609375,0.009837627410888672,87,2,87,49,481,553,8723
all/randm08.02.02.17.020_0030.02.aba.beta,True,3,6,0.004811286926269531,0.005427122116088867,0.0013461112976074219,0.01158452033996582,106,3,106,71,1186,890,14204
all/randm08.02.02.17.020_0030.03.aba.beta,True,1,6,0.0017752647399902344,0.0013818740844726562,0.000743865966796875,0.0039010047912597656,64,1,66,40,280,534,8589
all/randm08.02.02.17.020_0030.04.aba.beta,True,1,6,0.0020475387573242188,0.0013580322265625,0.0006787776947021484,0.004084348678588867,78,1,81,42,367,533,8577
all/randm08.02.02.17.020_0030.05.aba.beta,True,2,6,0.0021240711212158203,0.0026760101318359375,0.0006923675537109375,0.005492448806762695,95,1,95,41,450,517,8485
all/randm08.02.02.18.020_0030.01.aba.beta,True,5,6,0.0075016021728515625,0.006696939468383789,0.0007610321044921875,0.014959573745727539,143,4,145,66,1410,585,9129
all/randm08.02.02.18.020_0030.02.aba.beta,True,7,6,0.012604713439941406,0.014539718627929688,0.0015594959259033203,0.028703927993774414,206,4,206,108,1596,995,15785
all/randm08.02.02.18.020_0030.03.aba.beta,True,6,6,0.006343841552734375,0.0074310302734375,0.0011355876922607422,0.014910459518432617,118,5,118,73,791,852,13279
all/randm08.02.02.18.020_0030.04.aba.beta,True,7,6,0.012445211410522461,0.014749765396118164,0.0016481876373291016,0.028843164443969727,246,5,249,114,2882,878,13741
all/randm08.02.02.18.020_0030.05.aba.beta,True,9,6,0.018968820571899414,0.022702693939208984,0.002276897430419922,0.04394841194152832,209,6,209,123,1865,1105,17319
all/randm08.02.02.19.020_0030.01.aba.beta,True,4,8,0.00929880142211914,0.010437726974487305,0.0007894039154052734,0.02052593231201172,173,3,181,75,1274,572,8818
all/randm08.02.02.19.020_0030.02.aba.beta,True,4,8,0.010045289993286133,0.012458086013793945,0.0014333724975585938,0.023936748504638672,164,4,172,95,2087,953,15362
all/randm08.02.02.19.020_0030.03.aba.beta,True,5,8,0.008842945098876953,0.01247859001159668,0.0008022785186767578,0.02212381362915039,155,4,155,77,989,633,9770
all/randm08.02.02.19.020_0030.04.aba.beta,True,5,8,0.010660409927368164,0.012398719787597656,0.0007851123809814453,0.023844242095947266,197,4,209,90,1965,607,9435
all/randm08.02.02.19.020_0030.05.aba.beta,True,8,8,0.014774799346923828,0.022516489028930664,0.0013072490692138672,0.03859853744506836,194,7,194,83,1406,977,14864
all/randm09.02.02.01.020_0030.01.aba.beta,True,11,9,0.0356600284576416,0.04477334022521973,0.001710653305053711,0.08214402198791504,314,8,314,96,2502,1216,19076
all/randm09.02.02.01.020_0030.02.aba.beta,True,4,7,0.009720087051391602,0.007896900177001953,0.0007953643798828125,0.018412351608276367,162,3,175,80,1137,590,9262
all/randm09.02.02.01.020_0030.03.aba.beta,True,13,9,0.03905010223388672,0.05032610893249512,0.002033233642578125,0.09140944480895996,556,9,556,117,8287,1182,18206
all/randm09.02.02.01.020_0030.04.aba.beta,True,10,9,0.03167581558227539,0.03357076644897461,0.0013761520385742188,0.06662273406982422,297,7,316,126,2181,1050,16082
all/randm09.02.02.01.020_0030.05.aba.beta,True,12,9,0.04119467735290527,0.04519057273864746,0.0013670921325683594,0.0877523422241211,334,7,340,103,3365,1072,16617
all/randm09.02.02.02.020_0030.01.aba.beta,True,12,8,0.039958953857421875,0.048573970794677734,0.0020961761474609375,0.09062910079956055,311,9,313,91,2502,1161,17511
all/randm09.02.02.02.020_0030.02.aba.beta,True,6,7,0.014441490173339844,0.013186931610107422,0.0010814666748046875,0.028709888458251953,170,5,183,80,1438,858,13321
all/randm09.02.02.02.020_0030.03.aba.beta,True,8,8,0.018398523330688477,0.021828651428222656,0.0018069744110107422,0.042034149169921875,141,8,144,84,999,1005,15214
all/randm09.02.02.02.020_0030.04.aba.beta,True,22,8,0.0705876350402832,0.0742950439453125,0.0038487911224365234,0.14873147010803223,502,18,502,124,5414,2665,41779
all/randm09.02.02.02.020_0030.05.aba.beta,True,16,7,0.03651738166809082,0.03681755065917969,0.00202178955078125,0.07535672187805176,272,13,278,115,3194,1549,23424
all/randm09.02.02.03.020_0030.01.aba.beta,True,9,8,0.02963423728942871,0.03202009201049805,0.002151966094970703,0.06380629539489746,262,8,264,114,2576,1165,17957
all/randm09.02.02.03.020_0030.02.aba.beta,True,5,8,0.020321369171142578,0.021169662475585938,0.0010912418365478516,0.04258227348327637,181,5,183,95,2238,716,11327
all/randm09.02.02.03.020_0030.03.aba.beta,True,8,8,0.020405292510986328,0.021741151809692383,0.0009789466857910156,0.04312539100646973,195,7,195,79,2582,710,10890
all/randm09.02.02.03.020_0030.04.aba.beta,True,8,8,0.024360179901123047,0.027359485626220703,0.0017867088317871094,0.05350637435913086,191,8,195,107,2121,1175,18070
all/randm09.02.02.03.020_0030.05.aba.beta,True,9,8,0.024394512176513672,0.031259775161743164,0.0014636516571044922,0.05711793899536133,188,9,188,116,2275,1150,17472
all/randm09.02.02.04.020_0030.01.aba.beta,True,5,7,0.006810426712036133,0.010088920593261719,0.0009608268737792969,0.01786017417907715,139,3,139,80,936,592,9201
all/randm09.02.02.04.020_0030.02.aba.beta,True,5,7,0.010451555252075195,0.012547016143798828,0.0010440349578857422,0.024042606353759766,132,5,132,85,1101,775,12075
all/randm09.02.02.04.020_0030.03.aba.beta,True,2,7,0.0037567615509033203,0.0036907196044921875,0.0007827281951904297,0.008230209350585938,92,2,94,54,648,601,9528
all/randm09.02.02.04.020_0030.04.aba.beta,True,1,7,0.0027899742126464844,0.002007722854614258,0.0007112026214599609,0.005508899688720703,78,1,78,46,374,540,8607
all/randm09.02.02.04.020_0030.05.aba.beta,True,5,7,0.007894515991210938,0.010175943374633789,0.0009558200836181641,0.01902627944946289,137,4,140,68,796,677,10470
all/randm09.02.02.05.020_0030.01.aba.beta,True,6,8,0.012101173400878906,0.020172834396362305,0.0014407634735107422,0.03371477127075195,152,5,152,70,966,669,10242
all/randm09.02.02.05.020_0030.02.aba.beta,True,5,8,0.009785890579223633,0.015318870544433594,0.0007650852203369141,0.02586984634399414,162,4,162,64,941,577,8819
all/randm09.02.02.05.020_0030.03.aba.beta,True,8,8,0.014585018157958984,0.018344640731811523,0.0009694099426269531,0.03389906883239746,166,6,168,64,970,794,12220
all/randm09.02.02.05.020_0030.04.aba.beta,True,7,8,0.014951229095458984,0.02221965789794922,0.0015938282012939453,0.03876471519470215,182,6,185,85,1264,1105,17163
all/randm09.02.02.05.020_0030.05.aba.beta,True,5,8,0.014499187469482422,0.019381046295166016,0.0008544921875,0.03473472595214844,155,4,155,76,1042,608,9445
all/randm09.02.02.06.020_0030.01.aba.beta,True,6,9,0.01923084259033203,0.026688814163208008,0.0009806156158447266,0.046900272369384766,186,4,186,85,1429,646,10033
all/randm09.02.02.06.020_0030.02.aba.beta,True,7,9,0.017591476440429688,0.02313971519470215,0.000820159912109375,0.04155135154724121,194,5,207,72,1460,654,9910
all/randm09.02.02.06.020_0030.03.aba.beta,True,5,9,0.016386747360229492,0.024792194366455078,0.0010256767272949219,0.04220461845397949,333,3,336,112,2976,660,10429
all/randm09.02.02.06.020_0030.04.aba.beta,True,8,9,0.014107942581176758,0.02280712127685547,0.00070953369140625,0.03762459754943848,305,5,305,78,2219,585,8874
all/randm09.02.02.06.020_0030.05.aba.beta,True,8,9,0.0238649845123291,0.027308225631713867,0.0010285377502441406,0.05220174789428711,349,6,363,97,2862,754,11550
all/randm09.02.02.07.020_0030.01.aba.beta,True,1,1,0.00011324882507324219,0.00023055076599121094,0.0007159709930419922,0.0010597705841064453,15,1,15,13,34,511,8445
all/randm09.02.02.07.020_0030.02.aba.beta,True,1,1,0.00011801719665527344,0.00027251243591308594,0.0007090568542480469,0.0010995864868164062,15,1,15,14,34,530,8553
all/randm09.02.02.07.020_0030.03.aba.beta,True,1,1,0.00011396408081054688,0.0002319812774658203,0.000743865966796875,0.0010898113250732422,15,1,15,14,34,533,8573
all/randm09.02.02.07.020_0030.04.aba.beta,True,1,1,0.00012040138244628906,0.0002377033233642578,0.0007576942443847656,0.0011157989501953125,15,1,15,14,34,527,8550
all/randm09.02.02.07.020_0030.05.aba.beta,True,1,1,0.00011420249938964844,0.000232696533203125,0.0007152557373046875,0.001062154769897461,15,1,15,14,34,536,8586
all/randm09.02.02.08.020_0030.01.aba.beta,True,2,6,0.0029387474060058594,0.0028302669525146484,0.0007636547088623047,0.0065326690673828125,82,2,82,39,416,541,8610
all/randm09.02.02.08.020_0030.02.aba.beta,True,2,6,0.0033087730407714844,0.003322601318359375,0.0007603168487548828,0.007391691207885742,75,2,77,50,355,549,8649
all/randm09.02.02.08.020_0030.03.aba.beta,True,2,6,0.0035431385040283203,0.005170345306396484,0.0012836456298828125,0.009997129440307617,92,2,92,65,681,567,8983
all/randm09.02.02.08.020_0030.04.aba.beta,True,1,6,0.004576206207275391,0.002716541290283203,0.0012433528900146484,0.008536100387573242,82,1,87,49,401,536,8591
all/randm09.02.02.08.020_0030.05.aba.beta,True,1,6,0.002056121826171875,0.0014526844024658203,0.0007512569427490234,0.004260063171386719,75,1,75,40,349,531,8560
all/randm09.02.02.09.020_0030.01.aba.beta,True,7,9,0.01996779441833496,0.03399181365966797,0.0016965866088867188,0.05565619468688965,193,6,193,87,1315,1206,19284
all/randm09.02.02.09.020_0030.02.aba.beta,True,9,9,0.027939558029174805,0.04227757453918457,0.0016353130340576172,0.07185244560241699,253,6,253,102,2945,956,14771
all/randm09.02.02.09.020_0030.03.aba.beta,True,8,9,0.0203859806060791,0.033940792083740234,0.000843048095703125,0.05516982078552246,174,7,175,77,1153,617,9190
all/randm09.02.02.09.020_0030.04.aba.beta,True,5,9,0.011836767196655273,0.024171113967895508,0.0019009113311767578,0.03790879249572754,174,4,174,88,1145,1108,17351
all/randm09.02.02.09.020_0030.05.aba.beta,True,6,9,0.018015384674072266,0.032642364501953125,0.0017087459564208984,0.05236649513244629,207,4,208,99,1608,981,15391
all/randm09.02.02.10.020_0030.01.aba.beta,True,3,6,0.003482341766357422,0.004353523254394531,0.0010628700256347656,0.008898735046386719,79,3,79,47,515,819,13151
all/randm09.02.02.10.020_0030.02.aba.beta,True,3,6,0.004579305648803711,0.004355669021606445,0.0007846355438232422,0.009719610214233398,104,3,106,66,1102,603,9541
all/randm09.02.02.10.020_0030.03.aba.beta,True,6,6,0.009192943572998047,0.011133670806884766,0.0009751319885253906,0.021301746368408203,140,5,143,66,953,748,11477
all/randm09.02.02.10.020_0030.04.aba.beta,True,3,6,0.004059314727783203,0.004247903823852539,0.000698089599609375,0.009005308151245117,102,3,102,39,644,561,8748
all/randm09.02.02.10.020_0030.05.aba.beta,True,2,6,0.003607034683227539,0.002625703811645508,0.0006735324859619141,0.006906270980834961,79,2,79,44,588,559,8738
all/randm09.02.02.11.020_0030.01.aba.beta,True,5,8,0.013737678527832031,0.021058320999145508,0.0009648799896240234,0.03576087951660156,150,3,150,87,1007,628,9850
all/randm09.02.02.11.020_0030.02.aba.beta,True,6,8,0.01412057876586914,0.021008729934692383,0.0011136531829833984,0.03624296188354492,176,4,178,76,2114,581,9087
all/randm09.02.02.11.020_0030.03.aba.beta,True,4,8,0.010413169860839844,0.01799750328063965,0.0008578300476074219,0.029268503189086914,121,4,121,79,780,640,9835
all/randm09.02.02.11.020_0030.04.aba.beta,True,4,8,0.009829282760620117,0.012657403945922852,0.0009553432464599609,0.02344202995300293,180,3,186,77,1139,565,8818
all/randm09.02.02.11.020_0030.05.aba.beta,True,5,8,0.013219118118286133,0.020990848541259766,0.0007624626159667969,0.034972429275512695,174,3,176,79,1491,577,9090
all/randm09.02.02.12.020_0030.01.aba.beta,True,5,8,0.012066841125488281,0.017078399658203125,0.0011715888977050781,0.030316829681396484,166,4,168,73,1050,572,8856
all/randm09.02.02.12.020_0030.02.aba.beta,True,2,8,0.005058765411376953,0.009067296981811523,0.0012426376342773438,0.01536870002746582,136,1,137,58,739,534,8574
all/randm09.02.02.12.020_0030.03.aba.beta,True,6,8,0.011277198791503906,0.016155481338500977,0.0009810924530029297,0.028413772583007812,171,5,172,82,1359,739,11217
all/randm09.02.02.12.020_0030.04.aba.beta,True,6,8,0.01549983024597168,0.01782846450805664,0.0010406970977783203,0.03436899185180664,174,5,175,84,1213,746,11553
all/randm09.02.02.12.020_0030.05.aba.beta,True,7,8,0.01880502700805664,0.024079322814941406,0.0011477470397949219,0.04403209686279297,167,7,172,94,1694,865,13061
all/randm09.02.02.13.020_0030.01.aba.beta,True,6,8,0.019315719604492188,0.024996280670166016,0.0015070438385009766,0.04581904411315918,225,5,231,110,2113,954,15113
all/randm09.02.02.13.020_0030.02.aba.beta,True,5,8,0.01400303840637207,0.02187037467956543,0.0016264915466308594,0.03749990463256836,171,5,175,93,1512,716,11005
all/randm09.02.02.13.020_0030.03.aba.beta,True,9,8,0.026624679565429688,0.03358912467956543,0.0012729167938232422,0.06148672103881836,270,7,293,132,3766,966,14893
all/randm09.02.02.13.020_0030.04.aba.beta,True,6,8,0.017750263214111328,0.022603511810302734,0.0011141300201416016,0.041467905044555664,215,5,219,115,1846,757,11733
all/randm09.02.02.13.020_0030.05.aba.beta,True,15,8,0.030899763107299805,0.044106245040893555,0.0016314983367919922,0.07663750648498535,256,14,262,116,2397,1152,17024
all/randm09.02.02.14.020_0030.01.aba.beta,True,2,6,0.002721071243286133,0.0025975704193115234,0.0007357597351074219,0.006054401397705078,69,2,74,36,359,543,8618
all/randm09.02.02.14.020_0030.02.aba.beta,True,4,6,0.0070037841796875,0.007898330688476562,0.0008656978607177734,0.015767812728881836,98,4,99,71,820,638,9876
all/randm09.02.02.14.020_0030.03.aba.beta,True,3,6,0.004235982894897461,0.004622220993041992,0.0007681846618652344,0.009626388549804688,73,3,73,52,425,564,8795
all/randm09.02.02.14.020_0030.04.aba.beta,True,2,6,0.003885030746459961,0.003389596939086914,0.0007905960083007812,0.008065223693847656,80,2,80,51,481,579,9159
all/randm09.02.02.14.020_0030.05.aba.beta,True,6,6,0.012630701065063477,0.01474761962890625,0.001046895980834961,0.028425216674804688,175,5,176,100,1892,800,12384
all/randm09.02.02.15.020_0030.01.aba.beta,True,5,8,0.012703418731689453,0.015929222106933594,0.0011873245239257812,0.029819965362548828,162,4,162,85,1133,918,14395
all/randm09.02.02.15.020_0030.02.aba.beta,True,6,8,0.014338016510009766,0.025194644927978516,0.0014078617095947266,0.04094052314758301,151,5,153,75,937,613,9297
all/randm09.02.02.15.020_0030.03.aba.beta,True,6,8,0.00978541374206543,0.01526188850402832,0.0008044242858886719,0.025851726531982422,161,5,162,73,1139,599,9289
all/randm09.02.02.15.020_0030.04.aba.beta,True,3,8,0.006713390350341797,0.008194684982299805,0.0007524490356445312,0.015660524368286133,144,2,144,75,857,557,8785
all/randm09.02.02.15.020_0030.05.aba.beta,True,7,8,0.013326168060302734,0.01636195182800293,0.0015833377838134766,0.03127145767211914,134,7,147,75,880,762,12065
all/randm09.02.02.16.020_0030.01.aba.beta,True,1,6,0.0015311241149902344,0.0013396739959716797,0.0007181167602539062,0.0035889148712158203,69,1,69,35,316,526,8543
all/randm09.02.02.16.020_0030.02.aba.beta,True,2,6,0.004348278045654297,0.003259897232055664,0.0008590221405029297,0.00846719741821289,83,2,83,41,445,657,10366
all/randm09.02.02.16.020_0030.03.aba.beta,True,2,6,0.002733945846557617,0.0025267601013183594,0.0010762214660644531,0.00633692741394043,88,2,88,40,608,723,11626
all/randm09.02.02.16.020_0030.04.aba.beta,True,1,6,0.002119779586791992,0.0014262199401855469,0.0006906986236572266,0.004236698150634766,79,1,80,43,379,531,8558
all/randm09.02.02.16.020_0030.05.aba.beta,True,1,6,0.0020749568939208984,0.001550436019897461,0.0018496513366699219,0.005475044250488281,73,1,75,45,336,532,8559
all/randm09.02.02.17.020_0030.01.aba.beta,True,7,9,0.025473356246948242,0.03249955177307129,0.00086212158203125,0.05883502960205078,233,5,239,114,1808,676,10484
all/randm09.02.02.17.020_0030.02.aba.beta,True,7,9,0.025676965713500977,0.04544258117675781,0.0011212825775146484,0.07224082946777344,214,6,214,127,1851,815,12508
all/randm09.02.02.17.020_0030.03.aba.beta,True,3,9,0.008116006851196289,0.011565208435058594,0.0006957054138183594,0.020376920700073242,153,2,153,74,868,555,8710
all/randm09.02.02.17.020_0030.04.aba.beta,True,9,9,0.021941423416137695,0.0337061882019043,0.0014050006866455078,0.0570526123046875,191,7,191,74,1212,674,10176
all/randm09.02.02.17.020_0030.05.aba.beta,True,9,9,0.0379481315612793,0.05152702331542969,0.002268075942993164,0.09174323081970215,217,9,222,117,1905,1557,24202
all/randm09.02.02.18.020_0030.01.aba.beta,True,6,7,0.01043558120727539,0.012611150741577148,0.0015418529510498047,0.024588584899902344,163,5,163,75,1450,737,11380
all/randm09.02.02.18.020_0030.02.aba.beta,True,6,7,0.00832366943359375,0.011181831359863281,0.0007498264312744141,0.020255327224731445,149,4,149,64,1122,588,9194
all/randm09.02.02.18.020_0030.03.aba.beta,True,7,7,0.01574563980102539,0.019896268844604492,0.0015418529510498047,0.03718376159667969,184,5,184,82,1414,957,14795
all/randm09.02.02.18.020_0030.04.aba.beta,True,8,7,0.019305944442749023,0.02227187156677246,0.0014770030975341797,0.043054819107055664,172,7,174,81,1311,1023,15491
all/randm09.02.02.18.020_0030.05.aba.beta,True,5,7,0.013418912887573242,0.01622629165649414,0.0014460086822509766,0.03109121322631836,164,5,166,98,2210,966,15389
all/randm09.02.02.19.020_0030.01.aba.beta,True,9,8,0.02746295928955078,0.02982020378112793,0.0015087127685546875,0.0587918758392334,209,8,209,87,2694,829,12685
all/randm09.02.02.19.020_0030.02.aba.beta,True,12,8,0.024672269821166992,0.031887054443359375,0.002261638641357422,0.05882096290588379,225,11,225,111,2177,1645,25416
all/randm09.02.02.19.020_0030.03.aba.beta,True,9,8,0.029261350631713867,0.029495954513549805,0.001049041748046875,0.05980634689331055,368,5,370,115,4434,735,11298
all/randm09.02.02.19.020_0030.04.aba.beta,True,9,8,0.026219606399536133,0.02797079086303711,0.0009944438934326172,0.05518484115600586,185,6,185,76,1710,675,10369
all/randm09.02.02.19.020_0030.05.aba.beta,True,9,8,0.0321660041809082,0.03584718704223633,0.002301454544067383,0.07031464576721191,327,6,329,127,2861,1451,22803
all/randm10.02.02.01.020_0030.01.aba.beta,True,3,6,0.0035386085510253906,0.004552602767944336,0.0007312297821044922,0.008822441101074219,72,3,72,46,355,558,8703
all/randm10.02.02.01.020_0030.02.aba.beta,True,2,6,0.0029098987579345703,0.0030908584594726562,0.0009634494781494141,0.006964206695556641,76,2,77,38,358,592,9458
all/randm10.02.02.01.020_0030.03.aba.beta,True,3,6,0.003998756408691406,0.004841327667236328,0.0010128021240234375,0.009852886199951172,74,3,74,40,400,553,8660
all/randm10.02.02.01.020_0030.04.aba.beta,True,3,6,0.0038313865661621094,0.004194021224975586,0.00092315673828125,0.008948564529418945,82,3,82,46,568,566,8792
all/randm10.02.02.01.020_0030.05.aba.beta,True,3,6,0.0069615840911865234,0.0060694217681884766,0.0017833709716796875,0.014814376831054688,117,2,118,50,612,1047,16768
all/randm10.02.02.02.020_0030.01.aba.beta,True,9,9,0.02399134635925293,0.03735995292663574,0.0015060901641845703,0.06285738945007324,219,7,230,110,1607,768,11505
all/randm10.02.02.02.020_0030.02.aba.beta,True,9,9,0.02521204948425293,0.040930747985839844,0.0011832714080810547,0.06732606887817383,309,6,319,125,2288,856,13245
all/randm10.02.02.02.020_0030.03.aba.beta,True,10,9,0.030948877334594727,0.05526280403137207,0.001280069351196289,0.08749175071716309,335,7,335,121,2723,843,13085
all/randm10.02.02.02.020_0030.04.aba.beta,True,10,9,0.024422883987426758,0.038110971450805664,0.0016367435455322266,0.06417059898376465,208,9,209,98,1780,936,14422
all/randm10.02.02.02.020_0030.05.aba.beta,True,9,9,0.022286176681518555,0.03374791145324707,0.001055002212524414,0.05708909034729004,203,7,204,97,1447,779,11687
all/randm10.02.02.03.020_0030.01.aba.beta,True,6,8,0.012550592422485352,0.015979290008544922,0.0010421276092529297,0.029572010040283203,151,5,152,70,874,742,11403
all/randm10.02.02.03.020_0030.02.aba.beta,True,3,8,0.005769491195678711,0.00869297981262207,0.0007343292236328125,0.015196800231933594,145,2,145,83,920,569,8887
all/randm10.02.02.03.020_0030.03.aba.beta,True,6,8,0.013140678405761719,0.016754865646362305,0.0007779598236083984,0.030673503875732422,201,5,209,104,1645,628,9801
all/randm10.02.02.03.020_0030.04.aba.beta,True,8,8,0.02880263328552246,0.032483816146850586,0.0012285709381103516,0.0625150203704834,300,6,303,111,2167,798,12193
all/randm10.02.02.03.020_0030.05.aba.beta,True,11,8,0.019637107849121094,0.02885890007019043,0.001493215560913086,0.04998922348022461,211,10,218,106,1648,1141,17354
all/randm10.02.02.04.020_0030.01.aba.beta,True,1,5,0.0014028549194335938,0.0011591911315917969,0.0007240772247314453,0.003286123275756836,52,1,52,38,215,538,8598
all/randm10.02.02.04.020_0030.02.aba.beta,True,3,5,0.00446009635925293,0.004544258117675781,0.001293182373046875,0.010297536849975586,101,2,101,58,526,554,8699
all/randm10.02.02.04.020_0030.03.aba.beta,True,1,5,0.0010128021240234375,0.0008356571197509766,0.0007619857788085938,0.002610445022583008,55,1,55,28,231,517,8509
all/randm10.02.02.04.020_0030.04.aba.beta,True,1,5,0.0012927055358886719,0.003837108612060547,0.0006778240203857422,0.005807638168334961,53,1,53,38,221,537,8587
all/randm10.02.02.04.020_0030.05.aba.beta,True,1,5,0.0024352073669433594,0.001813650131225586,0.0012013912200927734,0.005450248718261719,51,1,51,38,212,542,8614
all/randm10.02.02.05.020_0030.01.aba.beta,True,6,8,0.01046609878540039,0.018652915954589844,0.0009648799896240234,0.030083894729614258,162,5,162,80,1027,686,10682
all/randm10.02.02.05.020_0030.02.aba.beta,True,3,7,0.004696846008300781,0.0050201416015625,0.0012969970703125,0.011013984680175781,138,2,138,61,1025,902,14289
all/randm10.02.02.05.020_0030.03.aba.beta,True,3,8,0.006166219711303711,0.009360313415527344,0.0010118484497070312,0.016538381576538086,156,2,158,85,1056,781,12388
all/randm10.02.02.05.020_0030.04.aba.beta,True,1,8,0.004535198211669922,0.004369020462036133,0.0011587142944335938,0.010062932968139648,88,1,91,49,440,540,8609
all/randm10.02.02.05.020_0030.05.aba.beta,True,7,8,0.02235865592956543,0.03600263595581055,0.003279447555541992,0.06164073944091797,307,5,307,122,3622,1786,28316
all/randm10.02.02.06.020_0030.01.aba.beta,True,4,9,0.013950109481811523,0.016582965850830078,0.0010221004486083984,0.03155517578125,186,4,192,74,1465,793,12427
all/randm10.02.02.06.020_0030.02.aba.beta,True,8,9,0.03345918655395508,0.04229426383972168,0.0016138553619384766,0.07736730575561523,272,7,276,120,3074,1130,17666
all/randm10.02.02.06.020_0030.03.aba.beta,True,11,9,0.037893056869506836,0.05843377113342285,0.0018923282623291016,0.09821915626525879,340,9,340,120,2884,1051,16130
all/randm10.02.02.06.020_0030.04.aba.beta,True,6,9,0.027383804321289062,0.027539491653442383,0.0009241104125976562,0.0558474063873291,278,5,288,105,2614,698,10878
all/randm10.02.02.06.020_0030.05.aba.beta,True,8,9,0.036090850830078125,0.03832721710205078,0.0014019012451171875,0.0758199691772461,425,6,434,127,5633,917,14431
all/randm10.02.02.07.020_0030.01.aba.beta,True,11,9,0.038961172103881836,0.0608522891998291,0.001947641372680664,0.1017611026763916,288,10,321,164,2887,1429,22219
all/randm10.02.02.07.020_0030.02.aba.beta,True,9,9,0.02918696403503418,0.03993678092956543,0.0012583732604980469,0.07038211822509766,340,5,340,110,2718,887,14009
all/randm10.02.02.07.020_0030.03.aba.beta,True,7,9,0.02069234848022461,0.039177894592285156,0.0010211467742919922,0.06089138984680176,199,6,201,103,1518,772,11869
all/randm10.02.02.07.020_0030.04.aba.beta,True,10,9,0.04396653175354004,0.05689573287963867,0.0017995834350585938,0.1026618480682373,344,7,350,137,2851,971,14794
all/randm10.02.02.07.020_0030.05.aba.beta,True,8,9,0.028001785278320312,0.04273176193237305,0.0011785030364990234,0.07191205024719238,333,6,333,129,2792,801,12342
all/randm10.02.02.08.020_0030.01.aba.beta,True,4,9,0.012385845184326172,0.013170003890991211,0.0007572174072265625,0.026313066482543945,173,3,174,80,1156,593,9370
all/randm10.02.02.08.020_0030.02.aba.beta,True,7,9,0.02398228645324707,0.031816720962524414,0.0010199546813964844,0.05681896209716797,196,6,200,83,1334,685,10511
all/randm10.02.02.08.020_0030.03.aba.beta,True,3,9,0.015784502029418945,0.012020111083984375,0.0008966922760009766,0.028701305389404297,295,1,296,86,1917,541,8614
all/randm10.02.02.08.020_0030.04.aba.beta,True,6,9,0.022698163986206055,0.033251285552978516,0.0013265609741210938,0.057276010513305664,189,5,189,74,1335,589,9040
all/randm10.02.02.08.020_0030.05.aba.beta,True,3,9,0.007732868194580078,0.012537240982055664,0.0007326602935791016,0.021002769470214844,165,2,166,77,1014,554,8751
all/randm10.02.02.09.020_0030.01.aba.beta,True,9,7,0.013365983963012695,0.017661094665527344,0.0009963512420654297,0.03202342987060547,165,8,171,74,1156,806,12370
all/randm10.02.02.09.020_0030.02.aba.beta,True,6,7,0.008234024047851562,0.013226747512817383,0.0008227825164794922,0.022283554077148438,165,5,167,92,1306,638,9815
all/randm10.02.02.09.020_0030.03.aba.beta,True,4,7,0.006841897964477539,0.009652137756347656,0.0008094310760498047,0.017303466796875,142,3,142,81,978,600,9414
all/randm10.02.02.09.020_0030.04.aba.beta,True,6,7,0.010138988494873047,0.01491689682006836,0.0008554458618164062,0.025911331176757812,232,4,232,83,1662,609,9450
all/randm10.02.02.09.020_0030.05.aba.beta,True,5,7,0.00894618034362793,0.010532379150390625,0.0008394718170166016,0.020318031311035156,254,3,255,95,1884,626,9923
all/randm10.02.02.10.020_0030.01.aba.beta,True,3,7,0.005564212799072266,0.006789207458496094,0.0007946491241455078,0.013148069381713867,111,3,113,70,885,587,9148
all/randm10.02.02.10.020_0030.02.aba.beta,True,5,7,0.010023832321166992,0.014070987701416016,0.0012650489807128906,0.0253598690032959,161,4,161,95,1132,842,13033
all/randm10.02.02.10.020_0030.03.aba.beta,True,1,7,0.004503488540649414,0.0022084712982177734,0.0006754398345947266,0.007387399673461914,84,1,87,51,412,535,8583
all/randm10.02.02.10.020_0030.04.aba.beta,True,4,7,0.008218526840209961,0.00987100601196289,0.0007598400115966797,0.01884937286376953,124,3,124,52,661,549,8646
all/randm10.02.02.10.020_0030.05.aba.beta,True,5,7,0.007110595703125,0.011676549911499023,0.0008077621459960938,0.019594907760620117,144,4,144,73,961,639,9980
all/randm10.02.02.11.020_0030.01.aba.beta,True,1,7,0.002466440200805664,0.002056121826171875,0.0009150505065917969,0.005437612533569336,81,1,81,47,379,537,8591
all/randm10.02.02.11.020_0030.02.aba.beta,True,1,7,0.003040790557861328,0.002887248992919922,0.0007164478302001953,0.006644487380981445,81,1,81,50,375,543,8624
all/randm10.02.02.11.020_0030.03.aba.beta,True,6,7,0.011198043823242188,0.014405250549316406,0.0010755062103271484,0.026678800582885742,143,6,145,69,1030,842,12964
all/randm10.02.02.11.020_0030.04.aba.beta,True,3,7,0.008111000061035156,0.009202003479003906,0.0008273124694824219,0.018140316009521484,114,3,119,71,733,595,9298
all/randm10.02.02.11.020_0030.05.aba.beta,True,1,7,0.0024383068084716797,0.0021486282348632812,0.0007405281066894531,0.005327463150024414,78,1,78,47,359,541,8616
all/randm10.02.02.12.020_0030.01.aba.beta,True,7,8,0.015437841415405273,0.023296833038330078,0.0009160041809082031,0.039650678634643555,133,7,137,76,997,730,10986
all/randm10.02.02.12.020_0030.02.aba.beta,True,12,8,0.029510498046875,0.04306817054748535,0.0013799667358398438,0.0739586353302002,203,9,206,93,1681,958,15018
all/randm10.02.02.12.020_0030.03.aba.beta,True,7,8,0.014240026473999023,0.0172119140625,0.0008783340454101562,0.03233027458190918,171,5,173,73,1383,664,10368
all/randm10.02.02.12.020_0030.04.aba.beta,True,8,8,0.014717340469360352,0.01929020881652832,0.00075531005859375,0.03476285934448242,203,6,221,86,1887,618,9365
all/randm10.02.02.12.020_0030.05.aba.beta,True,9,8,0.03562569618225098,0.04336237907409668,0.0022735595703125,0.08126163482666016,363,7,365,129,3219,1383,21487
all/randm10.02.02.13.020_0030.01.aba.beta,True,2,6,0.005048036575317383,0.004350423812866211,0.0007224082946777344,0.010120868682861328,85,2,85,59,600,561,8905
all/randm10.02.02.13.020_0030.02.aba.beta,True,3,6,0.0043408870697021484,0.005051612854003906,0.0010972023010253906,0.010489702224731445,89,3,89,68,737,804,12793
all/randm10.02.02.13.020_0030.03.aba.beta,True,4,6,0.005832672119140625,0.007063627243041992,0.0008652210235595703,0.013761520385742188,123,3,123,67,930,683,10678
all/randm10.02.02.13.020_0030.04.aba.beta,True,5,6,0.006057024002075195,0.008086204528808594,0.001310586929321289,0.015453815460205078,120,4,120,72,855,810,12832
all/randm10.02.02.13.020_0030.05.aba.beta,True,6,6,0.009914398193359375,0.012181282043457031,0.0013756752014160156,0.023471355438232422,131,6,134,103,1460,1044,16093
all/randm10.02.02.14.020_0030.01.aba.beta,True,15,9,0.06351113319396973,0.08653783798217773,0.0015778541564941406,0.1516268253326416,381,12,386,133,3351,1190,17794
all/randm10.02.02.14.020_0030.02.aba.beta,True,8,9,0.02690911293029785,0.025812625885009766,0.0010199546813964844,0.0537416934967041,262,8,268,90,3746,732,11121
all/randm10.02.02.14.020_0030.03.aba.beta,True,9,9,0.02630305290222168,0.04204845428466797,0.0016894340515136719,0.07004094123840332,317,6,319,124,2587,1001,15723
all/randm10.02.02.14.020_0030.04.aba.beta,True,12,9,0.03750491142272949,0.05065011978149414,0.001241922378540039,0.08939695358276367,406,8,414,135,4935,950,14770
all/randm10.02.02.14.020_0030.05.aba.beta,True,13,9,0.07153820991516113,0.07653450965881348,0.0011639595031738281,0.14923667907714844,643,9,646,138,7877,790,12019
all/randm10.02.02.15.020_0030.01.aba.beta,True,8,8,0.014077901840209961,0.024813413619995117,0.0010173320770263672,0.039908647537231445,162,6,162,74,1030,788,12038
all/randm10.02.02.15.020_0030.02.aba.beta,True,6,8,0.011008501052856445,0.016829490661621094,0.001323699951171875,0.029161691665649414,156,5,156,60,1022,602,9168
all/randm10.02.02.15.020_0030.03.aba.beta,True,6,8,0.011875391006469727,0.018836021423339844,0.0009515285491943359,0.031662940979003906,178,5,180,87,1283,723,11074
all/randm10.02.02.15.020_0030.04.aba.beta,True,5,8,0.01394033432006836,0.016421794891357422,0.0010313987731933594,0.03139352798461914,170,4,173,79,1089,685,10588
all/randm10.02.02.15.020_0030.05.aba.beta,True,8,8,0.021578550338745117,0.025368690490722656,0.0015316009521484375,0.04847884178161621,191,6,191,68,1308,684,10330
all/randm10.02.02.16.020_0030.01.aba.beta,True,13,8,0.029323816299438477,0.04008173942565918,0.0015685558319091797,0.07097411155700684,302,11,302,112,2807,1175,17818
all/randm10.02.02.16.020_0030.02.aba.beta,True,7,8,0.023141860961914062,0.02608776092529297,0.0015597343444824219,0.05078935623168945,347,5,347,114,5310,853,13383
all/randm10.02.02.16.020_0030.03.aba.beta,True,8,8,0.01982402801513672,0.025609731674194336,0.0011441707611083984,0.04657793045043945,212,7,221,99,1871,844,12763
all/randm10.02.02.16.020_0030.04.aba.beta,True,7,8,0.02243518829345703,0.026282310485839844,0.0010755062103271484,0.04979300498962402,211,6,228,123,1816,790,11935
all/randm10.02.02.16.020_0030.05.aba.beta,True,13,8,0.06172943115234375,0.07948899269104004,0.002331256866455078,0.14354968070983887,417,10,417,168,6295,1575,24542
all/randm10.02.02.17.020_0030.01.aba.beta,True,4,7,0.013845682144165039,0.012563228607177734,0.0008533000946044922,0.027262210845947266,109,4,118,72,843,612,9501
all/randm10.02.02.17.020_0030.02.aba.beta,True,6,7,0.010331869125366211,0.010244607925415039,0.0008728504180908203,0.02144932746887207,143,6,166,84,1279,673,10346
all/randm10.02.02.17.020_0030.03.aba.beta,True,6,7,0.011270999908447266,0.01495671272277832,0.0009343624114990234,0.02716207504272461,147,5,147,84,1136,674,10339
all/randm10.02.02.17.020_0030.04.aba.beta,True,8,7,0.014722347259521484,0.01763749122619629,0.0013337135314941406,0.033693552017211914,157,8,161,100,1456,1006,15319
all/randm10.02.02.17.020_0030.05.aba.beta,True,4,7,0.006635904312133789,0.0057637691497802734,0.0007662773132324219,0.013165950775146484,161,3,163,67,1372,572,9066
all/randm10.02.02.18.020_0030.01.aba.beta,True,1,1,0.00011777877807617188,0.0002334117889404297,0.0007357597351074219,0.0010869503021240234,15,1,15,15,34,539,8607
all/randm10.02.02.18.020_0030.02.aba.beta,True,1,1,0.00011348724365234375,0.00022935867309570312,0.0007359981536865234,0.0010788440704345703,15,1,15,14,34,537,8599
all/randm10.02.02.18.020_0030.03.aba.beta,True,1,1,0.00012040138244628906,0.00023651123046875,0.0008864402770996094,0.0012433528900146484,15,1,15,15,34,537,8596
all/randm10.02.02.18.020_0030.04.aba.beta,True,1,1,0.00011444091796875,0.0002334117889404297,0.0006890296936035156,0.0010368824005126953,15,1,15,15,34,536,8587
all/randm10.02.02.18.020_0030.05.aba.beta,True,1,1,0.00011801719665527344,0.0002353191375732422,0.0006837844848632812,0.0010371208190917969,15,1,15,14,34,537,8596
all/randm10.02.02.19.020_0030.01.aba.beta,True,3,10,0.014094829559326172,0.01861095428466797,0.001425027847290039,0.03413081169128418,164,3,171,90,1153,657,10297
all/randm10.02.02.19.020_0030.02.aba.beta,True,3,10,0.01573801040649414,0.018057584762573242,0.0007188320159912109,0.034514427185058594,215,2,221,79,1395,554,8725
all/randm10.02.02.19.020_0030.03.aba.beta,True,10,10,0.044341325759887695,0.07436370849609375,0.0019698143005371094,0.12067484855651855,350,8,350,131,2609,1561,24206
all/randm10.02.02.19.020_0030.04.aba.beta,True,7,10,0.03039073944091797,0.04477548599243164,0.0015411376953125,0.07670736312866211,349,6,364,136,3490,1194,18665
all/randm10.02.02.19.020_0030.05.aba.beta,True,9,10,0.04027366638183594,0.06960892677307129,0.0020704269409179688,0.1119530200958252,301,8,326,185,2778,1390,21709
all/randm11.02.02.01.020_0030.01.aba.beta,True,12,10,0.044921159744262695,0.06553936004638672,0.0015764236450195312,0.11203694343566895,372,10,372,99,3440,832,12147
all/randm11.02.02.01.020_0030.02.aba.beta,True,9,10,0.0402979850769043,0.04711437225341797,0.0012257099151611328,0.0886380672454834,394,6,403,118,3585,773,11783
all/randm11.02.02.01.020_0030.03.aba.beta,True,16,10,0.06376242637634277,0.10091948509216309,0.0025815963745117188,0.16726350784301758,500,12,502,155,6187,1773,27385
all/randm11.02.02.01.020_0030.04.aba.beta,True,8,10,0.030800580978393555,0.04466390609741211,0.0011324882507324219,0.07659697532653809,370,5,370,116,3031,708,10956
all/randm11.02.02.01.020_0030.05.aba.beta,True,7,10,0.01923227310180664,0.02864360809326172,0.0011944770812988281,0.04907035827636719,362,4,364,104,3022,928,14442
all/randm11.02.02.02.020_0030.01.aba.beta,True,2,9,0.006895303726196289,0.007614850997924805,0.0011031627655029297,0.015613317489624023,189,2,190,73,1400,846,13637
all/randm11.02.02.02.020_0030.02.aba.beta,True,6,10,0.020387887954711914,0.03510761260986328,0.0024309158325195312,0.05792641639709473,236,5,251,114,1808,1501,24027
all/randm11.02.02.02.020_0030.03.aba.beta,True,6,10,0.02163386344909668,0.029613733291625977,0.0014605522155761719,0.05270814895629883,239,5,246,103,1714,1087,16868
all/randm11.02.02.02.020_0030.04.aba.beta,True,7,10,0.03404664993286133,0.05390524864196777,0.0022628307342529297,0.09021472930908203,308,6,322,142,3861,1287,20178
all/randm11.02.02.02.020_0030.05.aba.beta,True,6,10,0.01942729949951172,0.02801513671875,0.0010302066802978516,0.04847264289855957,238,5,248,94,1690,709,10907
all/randm11.02.02.03.020_0030.01.aba.beta,True,12,10,0.03416013717651367,0.044507741928100586,0.002011537551879883,0.08067941665649414,356,9,356,85,2996,1179,17793
all/randm11.02.02.03.020_0030.02.aba.beta,True,13,10,0.062255859375,0.07887840270996094,0.0017039775848388672,0.1428382396697998,1239,8,1239,131,15259,877,13356
all/randm11.02.02.03.020_0030.03.aba.beta,True,14,10,0.0670921802520752,0.06664896011352539,0.0014595985412597656,0.13520073890686035,784,10,784,137,15833,1174,17923
all/randm11.02.02.03.020_0030.04.aba.beta,True,16,10,0.05411887168884277,0.0738985538482666,0.0016362667083740234,0.1296536922454834,635,11,646,129,6113,844,12511
all/randm11.02.02.03.020_0030.05.aba.beta,True,10,10,0.04467344284057617,0.05803036689758301,0.0018138885498046875,0.10451769828796387,582,6,584,117,4815,825,12695
all/randm11.02.02.04.020_0030.01.aba.beta,True,8,9,0.021272659301757812,0.034742116928100586,0.0012392997741699219,0.05725407600402832,202,8,243,141,1717,745,11178
all/randm11.02.02.04.020_0030.02.aba.beta,True,4,9,0.014175653457641602,0.013177156448364258,0.0007388591766357422,0.0280916690826416,273,1,274,74,1776,534,8590
all/randm11.02.02.04.020_0030.03.aba.beta,True,2,9,0.0061054229736328125,0.009170293807983398,0.0006957054138183594,0.01597142219543457,120,2,128,62,640,549,8647
all/randm11.02.02.04.020_0030.04.aba.beta,True,4,9,0.010705947875976562,0.018853187561035156,0.0010051727294921875,0.030564308166503906,151,4,154,96,1154,791,12280
all/randm11.02.02.04.020_0030.05.aba.beta,True,3,9,0.0070819854736328125,0.010266542434692383,0.0008623600006103516,0.018210887908935547,118,3,118,71,807,675,10681
all/randm11.02.02.05.020_0030.01.aba.beta,True,7,8,0.016518354415893555,0.020899295806884766,0.0009453296661376953,0.038362979888916016,215,5,215,99,2404,704,10886
all/randm11.02.02.05.020_0030.02.aba.beta,True,7,8,0.016801834106445312,0.023966312408447266,0.0009720325469970703,0.04174017906188965,255,5,256,82,1634,708,10939
all/randm11.02.02.05.020_0030.03.aba.beta,True,5,8,0.012344598770141602,0.01620316505432129,0.0011086463928222656,0.029656410217285156,247,3,247,86,1585,593,9226
all/randm11.02.02.05.020_0030.04.aba.beta,True,6,8,0.017617225646972656,0.02685689926147461,0.0013535022735595703,0.045827627182006836,173,5,179,90,1262,644,9990
all/randm11.02.02.05.020_0030.05.aba.beta,True,5,8,0.01296544075012207,0.016822338104248047,0.0013298988342285156,0.031117677688598633,159,3,160,74,997,590,9290
all/randm11.02.02.06.020_0030.01.aba.beta,True,4,8,0.00790095329284668,0.013191938400268555,0.0009167194366455078,0.022009611129760742,148,3,148,76,957,649,10199
all/randm11.02.02.06.020_0030.02.aba.beta,True,6,8,0.012684106826782227,0.01667928695678711,0.0018467903137207031,0.03121018409729004,137,6,137,76,1565,1023,16382
all/randm11.02.02.06.020_0030.03.aba.beta,True,4,8,0.007686138153076172,0.014615774154663086,0.0012688636779785156,0.023570775985717773,140,3,142,62,766,664,10379
all/randm11.02.02.06.020_0030.04.aba.beta,True,9,8,0.01951742172241211,0.030890703201293945,0.0012409687042236328,0.05164909362792969,198,7,200,95,1700,857,13033
all/randm11.02.02.06.020_0030.05.aba.beta,True,5,8,0.010943889617919922,0.014884233474731445,0.0012612342834472656,0.027089357376098633,170,3,172,73,1567,582,9088
all/randm11.02.02.07.020_0030.01.aba.beta,True,7,9,0.022182941436767578,0.031939029693603516,0.0024755001068115234,0.05659747123718262,299,5,300,105,2048,1195,18515
all/randm11.02.02.07.020_0030.02.aba.beta,True,6,9,0.015738725662231445,0.026003122329711914,0.0011069774627685547,0.042848825454711914,299,4,299,120,2209,820,12751
all/randm11.02.02.07.020_0030.03.aba.beta,True,8,9,0.023647546768188477,0.044397830963134766,0.0017943382263183594,0.0698397159576416,340,6,342,141,2670,1244,19474
all/randm11.02.02.07.020_0030.04.aba.beta,True,10,9,0.03622269630432129,0.04812145233154297,0.0012044906616210938,0.08554863929748535,537,7,537,113,4196,808,12573
all/randm11.02.02.07.020_0030.05.aba.beta,True,6,9,0.016466140747070312,0.030839920043945312,0.0010519027709960938,0.04835796356201172,283,4,283,114,1927,704,10795
all/randm11.02.02.08.020_0030.01.aba.beta,True,1,6,0.0020411014556884766,0.0014514923095703125,0.0007734298706054688,0.004266023635864258,69,1,69,43,364,533,8578
all/randm11.02.02.08.020_0030.02.aba.beta,True,3,6,0.003706216812133789,0.0037565231323242188,0.0012590885162353516,0.00872182846069336,89,3,89,33,532,581,9083
all/randm11.02.02.08.020_0030.03.aba.beta,True,3,6,0.004596710205078125,0.004980325698852539,0.0009632110595703125,0.010540246963500977,79,3,79,59,552,704,11065
all/randm11.02.02.08.020_0030.04.aba.beta,True,5,6,0.007803201675415039,0.007830381393432617,0.000885009765625,0.016518592834472656,124,5,125,70,1021,664,10141
all/randm11.02.02.08.020_0030.05.aba.beta,True,5,6,0.00652003288269043,0.006347179412841797,0.0008177757263183594,0.013684988021850586,112,5,117,49,938,601,9143
all/randm11.02.02.09.020_0030.01.aba.beta,True,2,6,0.002457857131958008,0.0019350051879882812,0.0007321834564208984,0.0051250457763671875,105,1,108,47,551,521,8502
all/randm11.02.02.09.020_0030.02.aba.beta,True,3,6,0.003665447235107422,0.0045185089111328125,0.0007963180541992188,0.008980274200439453,119,2,120,68,682,584,9207
all/randm11.02.02.09.020_0030.03.aba.beta,True,8,6,0.016237735748291016,0.021898508071899414,0.002142190933227539,0.04027843475341797,156,7,156,107,1371,1169,18120
all/randm11.02.02.09.020_0030.04.aba.beta,True,8,6,0.016769886016845703,0.02125716209411621,0.0013055801391601562,0.03933262825012207,156,7,156,101,1220,915,14161
all/randm11.02.02.09.020_0030.05.aba.beta,True,5,6,0.006285190582275391,0.007844209671020508,0.0008015632629394531,0.014930963516235352,122,4,122,75,787,615,9458
all/randm11.02.02.10.020_0030.01.aba.beta,True,22,9,0.09366369247436523,0.14089083671569824,0.0033566951751708984,0.23791122436523438,749,17,749,201,10517,2340,36007
all/randm11.02.02.10.020_0030.02.aba.beta,True,12,9,0.03951859474182129,0.058707475662231445,0.0016238689422607422,0.09984993934631348,386,8,386,127,4086,1223,18729
all/randm11.02.02.10.020_0030.03.aba.beta,True,12,9,0.04797482490539551,0.0511171817779541,0.002054929733276367,0.10114693641662598,297,10,301,110,4147,1156,17944
all/randm11.02.02.10.020_0030.04.aba.beta,True,20,9,0.09152436256408691,0.11449980735778809,0.001996755599975586,0.20802092552185059,394,16,394,113,4822,1444,21654
all/randm11.02.02.10.020_0030.05.aba.beta,True,8,8,0.024304866790771484,0.03493142127990723,0.0011289119720458984,0.06036520004272461,352,6,353,147,4161,879,13672
all/randm11.02.02.11.020_0030.01.aba.beta,True,6,11,0.02237677574157715,0.033910512924194336,0.0032362937927246094,0.059523582458496094,228,5,232,73,1400,1982,31790
all/randm11.02.02.11.020_0030.02.aba.beta,True,2,10,0.007393360137939453,0.007400989532470703,0.0006546974182128906,0.015449047088623047,199,1,199,64,1170,533,8575
all/randm11.02.02.11.020_0030.03.aba.beta,True,3,11,0.011744260787963867,0.01488041877746582,0.0007081031799316406,0.027332782745361328,157,3,157,64,918,552,8675
all/randm11.02.02.11.020_0030.04.aba.beta,True,6,11,0.021602392196655273,0.046990394592285156,0.0025358200073242188,0.07112860679626465,247,6,259,116,2002,1959,31240
all/randm11.02.02.11.020_0030.05.aba.beta,True,6,11,0.02405261993408203,0.040280818939208984,0.0013432502746582031,0.06567668914794922,263,4,267,77,1801,1064,16839
all/randm11.02.02.12.020_0030.01.aba.beta,True,5,6,0.0075206756591796875,0.013344764709472656,0.0014412403106689453,0.02230668067932129,182,3,182,78,1134,753,11871
all/randm11.02.02.12.020_0030.02.aba.beta,True,3,6,0.0053980350494384766,0.005216121673583984,0.001317739486694336,0.011931896209716797,89,3,93,60,683,587,9358
all/randm11.02.02.12.020_0030.03.aba.beta,True,4,6,0.004968166351318359,0.0047109127044677734,0.0007407665252685547,0.010419845581054688,104,4,112,63,1052,594,9313
all/randm11.02.02.12.020_0030.04.aba.beta,True,1,6,0.004729747772216797,0.002288818359375,0.0011873245239257812,0.008205890655517578,73,1,75,40,340,537,8599
all/randm11.02.02.12.020_0030.05.aba.beta,True,5,6,0.01076817512512207,0.011523246765136719,0.001499176025390625,0.023790597915649414,188,3,189,75,1198,680,10776
all/randm11.02.02.13.020_0030.01.aba.beta,True,9,9,0.023546934127807617,0.03274869918823242,0.0011658668518066406,0.05746150016784668,218,8,223,93,2077,879,13291
all/randm11.02.02.13.020_0030.02.aba.beta,True,6,9,0.02696061134338379,0.034465789794921875,0.002473592758178711,0.06389999389648438,350,4,353,104,2556,718,11118
all/randm11.02.02.13.020_0030.03.aba.beta,True,6,9,0.016101360321044922,0.02436995506286621,0.0007627010345458984,0.04123401641845703,187,5,190,80,1229,619,9354
all/randm11.02.02.13.020_0030.04.aba.beta,True,7,9,0.030420541763305664,0.03698921203613281,0.001758575439453125,0.0691683292388916,260,6,275,122,3296,918,14192
all/randm11.02.02.13.020_0030.05.aba.beta,True,7,9,0.022333621978759766,0.037436485290527344,0.001505136489868164,0.06127524375915527,211,6,211,103,1673,864,13264
all/randm11.02.02.14.020_0030.01.aba.beta,True,11,9,0.039440155029296875,0.06667017936706543,0.001238107681274414,0.10734844207763672,355,8,355,132,3283,886,13498
all/randm11.02.02.14.020_0030.02.aba.beta,True,12,9,0.06101250648498535,0.09691238403320312,0.0029630661010742188,0.1608879566192627,340,10,341,153,2805,1692,26014
all/randm11.02.02.14.020_0030.03.aba.beta,True,10,9,0.0456085205078125,0.06351208686828613,0.0017573833465576172,0.11087799072265625,252,8,255,132,2260,1181,18378
all/randm11.02.02.14.020_0030.04.aba.beta,True,14,9,0.06780409812927246,0.11458516120910645,0.0024178028106689453,0.18480706214904785,376,12,377,190,3577,1542,23532
all/randm11.02.02.14.020_0030.05.aba.beta,True,14,9,0.057846784591674805,0.09966349601745605,0.0016374588012695312,0.1591477394104004,516,11,516,154,4306,1261,19885
all/randm11.02.02.15.020_0030.01.aba.beta,True,5,10,0.017101287841796875,0.024756193161010742,0.0007042884826660156,0.04256176948547363,359,3,360,88,2508,558,8707
all/randm11.02.02.15.020_0030.02.aba.beta,True,2,10,0.008024215698242188,0.009029150009155273,0.0007488727569580078,0.01780223846435547,154,2,161,66,967,540,8614
all/randm11.02.02.15.020_0030.03.aba.beta,True,4,10,0.017341136932373047,0.02683234214782715,0.0008046627044677734,0.04497814178466797,198,3,198,89,1392,588,9174
all/randm11.02.02.15.020_0030.04.aba.beta,True,10,10,0.03580474853515625,0.05718660354614258,0.0009853839874267578,0.09397673606872559,234,7,237,91,1873,697,10599
all/randm11.02.02.15.020_0030.05.aba.beta,True,7,10,0.027696847915649414,0.04604601860046387,0.0011098384857177734,0.07485270500183105,252,6,259,123,2113,804,12571
all/randm11.02.02.16.020_0030.01.aba.beta,True,4,9,0.013546943664550781,0.01833939552307129,0.0007762908935546875,0.03266263008117676,186,2,189,76,1162,581,9119
all/randm11.02.02.16.020_0030.02.aba.beta,True,2,9,0.006166219711303711,0.007042646408081055,0.0009057521820068359,0.014114618301391602,156,2,157,70,1712,693,11091
all/randm11.02.02.16.020_0030.03.aba.beta,True,11,9,0.03347301483154297,0.05043649673461914,0.0023429393768310547,0.08625245094299316,327,8,329,111,2360,1202,18527
all/randm11.02.02.16.020_0030.04.aba.beta,True,6,9,0.015680789947509766,0.020530223846435547,0.0009438991546630859,0.0371549129486084,328,4,328,100,2476,657,10288
all/randm11.02.02.16.020_0030.05.aba.beta,True,3,9,0.009474039077758789,0.010564088821411133,0.0009646415710449219,0.021002769470214844,178,3,178,82,1800,738,11700
all/randm11.02.02.17.020_0030.01.aba.beta,True,13,11,0.04524850845336914,0.07090187072753906,0.0010669231414794922,0.1172173023223877,419,10,433,121,4782,792,11669
all/randm11.02.02.17.020_0030.02.aba.beta,True,9,11,0.033251047134399414,0.05655932426452637,0.0009253025054931641,0.09073567390441895,382,5,382,101,2935,706,10960
all/randm11.02.02.17.020_0030.03.aba.beta,True,14,11,0.058274030685424805,0.09998440742492676,0.0018596649169921875,0.16011810302734375,447,12,453,159,3901,1135,17072
all/randm11.02.02.17.020_0030.04.aba.beta,True,12,11,0.06148171424865723,0.08466768264770508,0.0016303062438964844,0.1477797031402588,429,8,433,132,3636,837,12858
all/randm11.02.02.17.020_0030.05.aba.beta,True,18,11,0.07967376708984375,0.14640188217163086,0.001993894577026367,0.22806954383850098,729,14,729,166,8455,1251,19262
all/randm11.02.02.18.020_0030.01.aba.beta,True,7,7,0.012841224670410156,0.01544809341430664,0.0010793209075927734,0.02936863899230957,151,6,156,81,1043,851,12991
all/randm11.02.02.18.020_0030.02.aba.beta,True,12,7,0.03757596015930176,0.05254721641540527,0.0022084712982177734,0.0923316478729248,201,11,201,124,2093,1359,20583
all/randm11.02.02.18.020_0030.03.aba.beta,True,5,7,0.0072972774505615234,0.008380413055419922,0.0008339881896972656,0.01651167869567871,132,4,133,63,768,628,9650
all/randm11.02.02.18.020_0030.04.aba.beta,True,2,7,0.005354404449462891,0.00299072265625,0.0006909370422363281,0.009036064147949219,94,2,94,41,516,538,8581
all/randm11.02.02.18.020_0030.05.aba.beta,True,6,7,0.009399652481079102,0.00995945930480957,0.0013620853424072266,0.0207211971282959,111,6,111,42,690,987,15572
all/randm11.02.02.19.020_0030.01.aba.beta,True,17,11,0.07311654090881348,0.11371421813964844,0.002156972885131836,0.18898773193359375,817,14,821,142,9731,1156,17467
all/randm11.02.02.19.020_0030.02.aba.beta,True,13,11,0.058824777603149414,0.10055923461914062,0.0016589164733886719,0.1610429286956787,456,9,456,140,5207,1235,19145
all/randm11.02.02.19.020_0030.03.aba.beta,True,11,11,0.057503461837768555,0.10408258438110352,0.003143310546875,0.16472935676574707,290,10,290,138,2591,1371,20850
all/randm11.02.02.19.020_0030.04.aba.beta,True,9,11,0.0340113639831543,0.04847550392150879,0.0010399818420410156,0.0835268497467041,412,5,421,112,3379,716,11217
all/randm11.02.02.19.020_0030.05.aba.beta,True,15,11,0.06733322143554688,0.07528567314147949,0.0017044544219970703,0.14432334899902344,516,9,516,97,5426,1316,20510
all/randm12.02.02.01.020_0030.01.aba.beta,True,6,8,0.015498876571655273,0.02274322509765625,0.001092672348022461,0.039334774017333984,220,5,235,108,2384,829,13082
all/randm12.02.02.01.020_0030.02.aba.beta,True,2,8,0.004668712615966797,0.005452871322631836,0.0007386207580566406,0.010860204696655273,86,2,87,59,415,555,8675
all/randm12.02.02.01.020_0030.03.aba.beta,True,3,8,0.007626533508300781,0.0077800750732421875,0.0009393692016601562,0.016345977783203125,118,3,120,64,667,691,10893
all/randm12.02.02.01.020_0030.04.aba.beta,True,3,8,0.008365154266357422,0.00819253921508789,0.0007367134094238281,0.01729440689086914,181,2,184,79,1179,574,9183
all/randm12.02.02.01.020_0030.05.aba.beta,True,2,8,0.004521846771240234,0.00559687614440918,0.0011916160583496094,0.011310338973999023,102,2,102,58,564,572,9118
all/randm12.02.02.02.020_0030.01.aba.beta,True,8,11,0.05316948890686035,0.04514813423156738,0.0013003349304199219,0.09961795806884766,777,5,780,123,9374,636,9981
all/randm12.02.02.02.020_0030.02.aba.beta,True,11,11,0.04715251922607422,0.06703972816467285,0.0010693073272705078,0.11526155471801758,280,8,297,103,2615,744,10942
all/randm12.02.02.02.020_0030.03.aba.beta,True,6,11,0.02237725257873535,0.030339956283569336,0.0015759468078613281,0.054293155670166016,640,2,641,103,5062,549,8664
all/randm12.02.02.02.020_0030.04.aba.beta,True,7,11,0.045557498931884766,0.06540107727050781,0.0013096332550048828,0.11226820945739746,394,4,394,107,3000,633,9837
all/randm12.02.02.02.020_0030.05.aba.beta,True,12,11,0.050850629806518555,0.0787043571472168,0.0010514259338378906,0.13060641288757324,289,10,303,122,3696,812,12228
all/randm12.02.02.03.020_0030.01.aba.beta,True,9,11,0.039075613021850586,0.05767083168029785,0.0010540485382080078,0.09780049324035645,291,7,294,98,2245,777,11681
all/randm12.02.02.03.020_0030.02.aba.beta,True,7,11,0.03902101516723633,0.06623172760009766,0.0011138916015625,0.10636663436889648,414,5,419,126,3611,800,12299
all/randm12.02.02.03.020_0030.03.aba.beta,True,6,11,0.023944616317749023,0.04538464546203613,0.0010116100311279297,0.07034087181091309,261,5,265,104,2018,768,11928
all/randm12.02.02.03.020_0030.04.aba.beta,True,6,11,0.02468705177307129,0.047385215759277344,0.0016705989837646484,0.07374286651611328,236,5,236,109,1705,801,12305
all/randm12.02.02.03.020_0030.05.aba.beta,True,9,11,0.038075923919677734,0.06613898277282715,0.0010216236114501953,0.10523653030395508,235,7,242,96,1738,701,10656
all/randm12.02.02.04.020_0030.01.aba.beta,True,7,11,0.032225608825683594,0.054759979248046875,0.0009756088256835938,0.08796119689941406,410,4,412,125,4838,679,10661
all/randm12.02.02.04.020_0030.02.aba.beta,True,16,11,0.07783102989196777,0.1340627670288086,0.0018889904022216797,0.21378278732299805,472,13,478,168,4466,1108,16415
all/randm12.02.02.04.020_0030.03.aba.beta,True,10,11,0.06564664840698242,0.09579110145568848,0.0012023448944091797,0.16264009475708008,683,7,684,136,7024,868,13185
all/randm12.02.02.04.020_0030.04.aba.beta,True,10,11,0.03879523277282715,0.050251007080078125,0.0008780956268310547,0.08992433547973633,424,6,438,123,3915,652,9971
all/randm12.02.02.04.020_0030.05.aba.beta,True,13,11,0.06252670288085938,0.08698415756225586,0.0015125274658203125,0.15102338790893555,287,12,300,145,3204,1101,16516
all/randm12.02.02.05.020_0030.01.aba.beta,True,18,10,0.09675359725952148,0.1391124725341797,0.004863262176513672,0.24072933197021484,563,14,567,207,8124,3261,51166
all/randm12.02.02.05.020_0030.02.aba.beta,True,18,10,0.13030219078063965,0.15415668487548828,0.0026090145111083984,0.28706789016723633,862,13,870,147,15079,1802,27530
all/randm12.02.02.05.020_0030.03.aba.beta,True,27,12,0.3199653625488281,0.4823734760284424,0.006273508071899414,0.8086123466491699,1657,21,1657,234,30847,3889,60414
all/randm12.02.02.05.020_0030.04.aba.beta,True,17,12,0.1655416488647461,0.20729351043701172,0.004151821136474609,0.3769869804382324,1495,12,1496,194,26319,2802,44152
all/randm12.02.02.05.020_0030.05.aba.beta,True,14,10,0.06245684623718262,0.05746173858642578,0.0019407272338867188,0.12185931205749512,523,8,545,154,6904,1376,21570
all/randm12.02.02.06.020_0030.01.aba.beta,True,27,10,0.26537108421325684,0.5390141010284424,0.008237600326538086,0.8126227855682373,732,23,761,329,7398,5440,85728
all/randm12.02.02.06.020_0030.02.aba.beta,True,24,9,0.19539809226989746,0.297360897064209,0.005479574203491211,0.49823856353759766,900,20,900,230,8566,3668,57009
all/randm12.02.02.06.020_0030.03.aba.beta,True,31,10,0.5992810726165771,1.8253250122070312,0.007788419723510742,2.432394504547119,3487,25,3487,302,47296,5629,86931
all/randm12.02.02.06.020_0030.04.aba.beta,True,23,10,0.3249959945678711,0.8225517272949219,0.0035772323608398438,1.1511249542236328,3928,17,3928,238,78334,2073,32441
all/randm12.02.02.06.020_0030.05.aba.beta,True,28,11,0.43647027015686035,0.42032599449157715,0.006121158599853516,0.862917423248291,1667,21,1667,246,32791,4111,63990
all/randm12.02.02.07.020_0030.01.aba.beta,True,4,7,0.007729291915893555,0.008678674697875977,0.001222848892211914,0.017630815505981445,130,4,130,83,1374,962,14861
all/randm12.02.02.07.020_0030.02.aba.beta,True,13,7,0.025943517684936523,0.028234004974365234,0.0017173290252685547,0.05589485168457031,280,9,280,89,3396,1076,16539
all/randm12.02.02.07.020_0030.03.aba.beta,True,3,7,0.006301403045654297,0.00680232048034668,0.0010979175567626953,0.014201641082763672,136,3,146,83,1546,841,13393
all/randm12.02.02.07.020_0030.04.aba.beta,True,5,7,0.008415937423706055,0.009580612182617188,0.0007426738739013672,0.01873922348022461,149,3,149,67,1145,584,9177
all/randm12.02.02.07.020_0030.05.aba.beta,True,6,7,0.013380050659179688,0.01653146743774414,0.0015842914581298828,0.03149580955505371,183,4,184,95,1608,720,11440
all/randm12.02.02.08.020_0030.01.aba.beta,True,8,8,0.021033525466918945,0.022689342498779297,0.0009186267852783203,0.04464149475097656,282,6,283,79,2337,693,10459
all/randm12.02.02.08.020_0030.02.aba.beta,True,14,8,0.03526592254638672,0.05765843391418457,0.0017445087432861328,0.09466886520385742,305,12,305,131,2502,1245,18969
all/randm12.02.02.08.020_0030.03.aba.beta,True,12,8,0.044524431228637695,0.04735898971557617,0.0020093917846679688,0.09389281272888184,539,9,539,147,5803,1442,22639
all/randm12.02.02.08.020_0030.04.aba.beta,True,7,8,0.021680355072021484,0.025710582733154297,0.0014836788177490234,0.048874616622924805,319,5,340,122,2692,768,12125
all/randm12.02.02.08.020_0030.05.aba.beta,True,7,8,0.015863418579101562,0.02415919303894043,0.0008976459503173828,0.040920257568359375,255,5,255,89,1873,639,9766
all/randm12.02.02.09.020_0030.01.aba.beta,True,12,10,0.053015947341918945,0.07435345649719238,0.0013637542724609375,0.12873315811157227,268,10,271,133,2891,1068,16458
all/randm12.02.02.09.020_0030.02.aba.beta,True,12,10,0.07081222534179688,0.07814550399780273,0.0011737346649169922,0.1501314640045166,268,10,275,131,2246,852,12551
all/randm12.02.02.09.020_0030.03.aba.beta,True,12,10,0.04636859893798828,0.0657036304473877,0.0011818408966064453,0.11325407028198242,545,8,546,120,4337,871,13280
all/randm12.02.02.09.020_0030.04.aba.beta,True,11,10,0.05232739448547363,0.06708860397338867,0.0016660690307617188,0.12108206748962402,395,7,407,144,3506,842,13068
all/randm12.02.02.09.020_0030.05.aba.beta,True,13,10,0.05398130416870117,0.06347179412841797,0.0013811588287353516,0.11883425712585449,365,10,375,108,3146,982,14871
all/randm12.02.02.10.020_0030.01.aba.beta,True,14,11,0.0622868537902832,0.10273456573486328,0.0023603439331054688,0.16738176345825195,467,12,475,163,4291,1788,27414
all/randm12.02.02.10.020_0030.02.aba.beta,True,23,11,0.12153005599975586,0.19191789627075195,0.004730224609375,0.3181781768798828,806,17,810,165,11022,2785,42678
all/randm12.02.02.10.020_0030.03.aba.beta,True,17,11,0.0817110538482666,0.14596271514892578,0.0018491744995117188,0.2295229434967041,715,13,725,169,6663,1439,21687
all/randm12.02.02.10.020_0030.04.aba.beta,True,13,11,0.04965090751647949,0.0762794017791748,0.0020856857299804688,0.12801599502563477,283,10,319,141,2526,1440,22140
all/randm12.02.02.10.020_0030.05.aba.beta,True,14,11,0.05664253234863281,0.10663843154907227,0.0017533302307128906,0.16503429412841797,362,10,386,193,4362,1298,20146
all/randm12.02.02.11.020_0030.01.aba.beta,True,9,11,0.03797197341918945,0.0699319839477539,0.003192901611328125,0.11109685897827148,271,8,284,122,2056,2073,32792
all/randm12.02.02.11.020_0030.02.aba.beta,True,8,11,0.028527498245239258,0.042783260345458984,0.0007755756378173828,0.07208633422851562,591,4,591,110,4490,592,9163
all/randm12.02.02.11.020_0030.03.aba.beta,True,7,11,0.03175473213195801,0.05778336524963379,0.000993967056274414,0.09053206443786621,230,5,234,115,1660,722,11003
all/randm12.02.02.11.020_0030.04.aba.beta,True,7,11,0.03650951385498047,0.04537081718444824,0.0008335113525390625,0.08271384239196777,638,4,638,118,4897,607,9354
all/randm12.02.02.11.020_0030.05.aba.beta,True,6,11,0.024949312210083008,0.04162716865539551,0.0008044242858886719,0.06738090515136719,222,4,229,99,1448,614,9442
all/randm12.02.02.12.020_0030.01.aba.beta,True,6,9,0.013617277145385742,0.019054889678955078,0.0012447834014892578,0.03391695022583008,170,4,171,70,1006,567,8793
all/randm12.02.02.12.020_0030.02.aba.beta,True,4,9,0.012173891067504883,0.027468204498291016,0.0010347366333007812,0.04067683219909668,168,4,168,83,1111,802,12427
all/randm12.02.02.12.020_0030.03.aba.beta,True,8,9,0.02081012725830078,0.027594566345214844,0.002313852310180664,0.05071854591369629,219,6,224,83,1455,1408,22204
all/randm12.02.02.12.020_0030.04.aba.beta,True,5,9,0.012822628021240234,0.01769542694091797,0.0012938976287841797,0.03181195259094238,206,4,212,87,1335,949,14871
all/randm12.02.02.12.020_0030.05.aba.beta,True,6,9,0.014695405960083008,0.022663116455078125,0.0010302066802978516,0.038388729095458984,197,5,199,100,1321,853,13326
all/randm12.02.02.13.020_0030.01.aba.beta,True,9,9,0.02810382843017578,0.03240203857421875,0.0013837814331054688,0.0618896484375,188,9,192,76,1653,953,14202
all/randm12.02.02.13.020_0030.02.aba.beta,True,4,9,0.011617898941040039,0.01721811294555664,0.0007352828979492188,0.0295712947845459,143,4,143,65,936,584,9011
all/randm12.02.02.13.020_0030.03.aba.beta,True,8,9,0.024540185928344727,0.035614013671875,0.0014379024505615234,0.06159210205078125,200,7,201,100,1532,727,10972
all/randm12.02.02.13.020_0030.04.aba.beta,True,6,9,0.0164034366607666,0.019636869430541992,0.0007803440093994141,0.03682065010070801,239,5,256,101,1991,623,9609
all/randm12.02.02.13.020_0030.05.aba.beta,True,7,9,0.01730966567993164,0.022458314895629883,0.0011749267578125,0.04094290733337402,167,7,173,88,1575,688,10390
all/randm12.02.02.14.020_0030.01.aba.beta,True,20,9,0.16396021842956543,0.23997759819030762,0.002876758575439453,0.4068145751953125,1307,14,1307,207,16896,2161,33553
all/randm12.02.02.14.020_0030.02.aba.beta,True,24,9,0.21700692176818848,0.5347797870635986,0.0036401748657226562,0.7554268836975098,1308,18,1308,238,19506,2634,40591
all/randm12.02.02.14.020_0030.03.aba.beta,True,32,9,0.3275127410888672,1.067500352859497,0.0061800479888916016,1.4011931419372559,2229,26,2229,264,30268,4149,64388
all/randm12.02.02.14.020_0030.04.aba.beta,True,24,9,0.14458847045898438,0.22863197326660156,0.004469633102416992,0.37769007682800293,1155,18,1155,213,11840,2953,45391
all/randm12.02.02.14.020_0030.05.aba.beta,True,21,8,0.15688371658325195,0.18727922439575195,0.003963947296142578,0.3481268882751465,1089,16,1089,224,18046,2610,41401
all/randm12.02.02.15.020_0030.01.aba.beta,True,3,5,0.002692699432373047,0.0031681060791015625,0.0007228851318359375,0.006583690643310547,58,3,58,44,307,562,8773
all/randm12.02.02.15.020_0030.02.aba.beta,True,2,5,0.003570079803466797,0.0040438175201416016,0.0014693737030029297,0.009083271026611328,89,1,89,50,417,535,8555
all/randm12.02.02.15.020_0030.03.aba.beta,True,1,5,0.001605987548828125,0.001275777816772461,0.0007395744323730469,0.003621339797973633,51,1,51,35,210,541,8613
all/randm12.02.02.15.020_0030.04.aba.beta,True,2,5,0.0019342899322509766,0.0016422271728515625,0.0007457733154296875,0.0043222904205322266,95,1,100,46,473,519,8491
all/randm12.02.02.15.020_0030.05.aba.beta,True,1,5,0.0017399787902832031,0.001050710678100586,0.0007340908050537109,0.0035247802734375,54,1,56,39,232,535,8581
all/randm12.02.02.16.020_0030.01.aba.beta,True,1,1,0.00016498565673828125,0.0002415180206298828,0.0007147789001464844,0.0011212825775146484,15,1,15,15,34,534,8555
all/randm12.02.02.16.020_0030.02.aba.beta,True,1,1,0.00011229515075683594,0.000225067138671875,0.000701904296875,0.001039266586303711,15,1,15,14,34,533,8582
all/randm12.02.02.16.020_0030.03.aba.beta,True,1,1,0.0001125335693359375,0.0002288818359375,0.0007176399230957031,0.0010590553283691406,15,1,15,15,34,543,8621
all/randm12.02.02.16.020_0030.04.aba.beta,True,1,1,0.00011038780212402344,0.0002224445343017578,0.000701904296875,0.0010347366333007812,15,1,15,14,34,539,8609
all/randm12.02.02.16.020_0030.05.aba.beta,True,1,1,0.00010800361633300781,0.00021910667419433594,0.0006928443908691406,0.0010199546813964844,15,1,15,13,34,526,8544
all/randm12.02.02.17.020_0030.01.aba.beta,True,14,12,0.11767387390136719,0.18956327438354492,0.0015118122100830078,0.3087489604949951,951,9,958,166,13046,1009,15462
all/randm12.02.02.17.020_0030.02.aba.beta,True,18,12,0.161299467086792,0.21616435050964355,0.002274751663208008,0.37973856925964355,2567,13,2567,179,30390,1106,16216
all/randm12.02.02.17.020_0030.03.aba.beta,True,15,12,0.0947868824005127,0.17193245887756348,0.0014674663543701172,0.2681868076324463,790,11,790,158,7444,1061,15912
all/randm12.02.02.17.020_0030.04.aba.beta,True,17,12,0.1132211685180664,0.17673683166503906,0.0015721321105957031,0.29153013229370117,545,12,551,167,5264,1233,18856
all/randm12.02.02.17.020_0030.05.aba.beta,True,19,12,0.11827373504638672,0.19084477424621582,0.0017147064208984375,0.310833215713501,1424,15,1424,152,13633,1183,17281
all/randm12.02.02.18.020_0030.01.aba.beta,True,9,10,0.03943204879760742,0.04915285110473633,0.0011973381042480469,0.0897822380065918,403,7,421,130,4211,687,10417
all/randm12.02.02.18.020_0030.02.aba.beta,True,10,10,0.040331125259399414,0.059642791748046875,0.0010960102081298828,0.10106992721557617,394,8,395,102,3849,795,12119
all/randm12.02.02.18.020_0030.03.aba.beta,True,11,10,0.0360713005065918,0.05049705505371094,0.0017342567443847656,0.0883026123046875,386,9,386,100,4374,1017,15594
all/randm12.02.02.18.020_0030.04.aba.beta,True,11,10,0.05725431442260742,0.08666825294494629,0.0015952587127685547,0.14551782608032227,460,9,478,157,5038,990,14909
all/randm12.02.02.18.020_0030.05.aba.beta,True,9,10,0.040667057037353516,0.06742525100708008,0.0014998912811279297,0.10959219932556152,418,7,425,132,3940,1004,15461
all/randm12.02.02.19.020_0030.01.aba.beta,True,2,10,0.007306337356567383,0.008301973342895508,0.0008606910705566406,0.01646900177001953,130,2,131,62,754,573,9090
all/randm12.02.02.19.020_0030.02.aba.beta,True,7,10,0.02311229705810547,0.03872871398925781,0.0013430118560791016,0.06318402290344238,362,5,363,107,2751,611,9305
all/randm12.02.02.19.020_0030.03.aba.beta,True,4,10,0.012323379516601562,0.018930673599243164,0.0008234977722167969,0.03207755088806152,214,3,221,86,1344,607,9574
all/randm12.02.02.19.020_0030.04.aba.beta,True,2,10,0.007523775100708008,0.011502981185913086,0.0008437633514404297,0.019870519638061523,154,2,156,63,917,602,9512
all/randm12.02.02.19.020_0030.05.aba.beta,True,3,10,0.011603593826293945,0.014383792877197266,0.0011744499206542969,0.027161836624145508,308,1,310,79,2006,534,8586
all/randm13.02.02.01.020_0030.01.aba.beta,True,7,9,0.020868301391601562,0.03201937675476074,0.0017321109771728516,0.054619789123535156,233,6,233,122,2575,1266,19955
all/randm13.02.02.01.020_0030.02.aba.beta,True,14,9,0.035860300064086914,0.060469865798950195,0.0026831626892089844,0.0990133285522461,332,12,337,135,2751,1478,22539
all/randm13.02.02.01.020_0030.03.aba.beta,True,12,9,0.04326128959655762,0.06484246253967285,0.002053976058959961,0.11015772819519043,290,9,291,138,3476,1369,21209
all/randm13.02.02.01.020_0030.04.aba.beta,True,7,9,0.018484830856323242,0.022485971450805664,0.000982046127319336,0.04195284843444824,203,6,205,94,1442,803,12215
all/randm13.02.02.01.020_0030.05.aba.beta,True,11,9,0.03862142562866211,0.053983449935913086,0.0011837482452392578,0.09378862380981445,366,9,368,142,3554,912,13646
all/randm13.02.02.02.020_0030.01.aba.beta,True,4,8,0.008379936218261719,0.012100458145141602,0.0008280277252197266,0.021308422088623047,163,3,163,87,1170,612,9551
all/randm13.02.02.02.020_0030.02.aba.beta,True,3,8,0.006441593170166016,0.008388280868530273,0.0014057159423828125,0.0162355899810791,152,2,152,74,926,988,15641
all/randm13.02.02.02.020_0030.03.aba.beta,True,5,8,0.01116943359375,0.014204740524291992,0.0008115768432617188,0.02618575096130371,185,3,186,91,1366,598,9484
all/randm13.02.02.02.020_0030.04.aba.beta,True,8,8,0.016367435455322266,0.02171945571899414,0.0008199214935302734,0.03890681266784668,285,5,286,109,2143,632,9776
all/randm13.02.02.02.020_0030.05.aba.beta,True,5,8,0.012037277221679688,0.015289545059204102,0.0008947849273681641,0.028221607208251953,179,4,181,82,1905,651,10025
all/randm13.02.02.03.020_0030.01.aba.beta,True,10,11,0.03922224044799805,0.06779122352600098,0.0021202564239501953,0.10913372039794922,468,8,473,148,4686,1157,17542
all/randm13.02.02.03.020_0030.02.aba.beta,True,13,11,0.07773494720458984,0.10020875930786133,0.0014111995697021484,0.17935490608215332,705,9,705,159,8872,932,14151
all/randm13.02.02.03.020_0030.03.aba.beta,True,13,11,0.050966501235961914,0.10448837280273438,0.00531315803527832,0.1607680320739746,300,12,329,153,3298,3335,52648
all/randm13.02.02.03.020_0030.04.aba.beta,True,17,11,0.07526850700378418,0.1381075382232666,0.002897500991821289,0.21627354621887207,444,14,447,152,4630,1615,24093
all/randm13.02.02.03.020_0030.05.aba.beta,True,13,11,0.06521439552307129,0.10451745986938477,0.002268552780151367,0.17200040817260742,466,10,472,151,5750,1056,16140
all/randm13.02.02.04.020_0030.01.aba.beta,True,20,12,0.1379706859588623,0.2599601745605469,0.0027523040771484375,0.4006831645965576,1017,13,1032,176,14572,1804,27832
all/randm13.02.02.04.020_0030.02.aba.beta,True,26,12,0.15516281127929688,0.22942543029785156,0.003147602081298828,0.38773584365844727,601,20,602,154,9474,2158,32647
all/randm13.02.02.04.020_0030.03.aba.beta,True,12,12,0.04117774963378906,0.06462883949279785,0.001234292984008789,0.1070408821105957,474,10,474,98,4124,822,12067
all/randm13.02.02.04.020_0030.04.aba.beta,True,14,12,0.06676077842712402,0.12102651596069336,0.0017628669738769531,0.18955016136169434,361,13,400,151,3470,1194,17653
all/randm13.02.02.04.020_0030.05.aba.beta,True,18,12,0.09000325202941895,0.1602926254272461,0.0027391910552978516,0.2530350685119629,438,15,446,142,3813,1906,28668
all/randm13.02.02.05.020_0030.01.aba.beta,True,11,12,0.043451547622680664,0.09633231163024902,0.0013952255249023438,0.14117908477783203,290,9,290,124,2552,998,14931
all/randm13.02.02.05.020_0030.02.aba.beta,True,9,12,0.0527496337890625,0.08560633659362793,0.0019769668579101562,0.14033293724060059,349,8,391,154,2940,1093,17104
all/randm13.02.02.05.020_0030.03.aba.beta,True,9,12,0.039203643798828125,0.07060384750366211,0.0015530586242675781,0.11136054992675781,276,8,285,95,2036,724,10915
all/randm13.02.02.05.020_0030.04.aba.beta,True,12,12,0.05943012237548828,0.0841822624206543,0.0016026496887207031,0.14521503448486328,553,10,555,115,5432,1140,17296
all/randm13.02.02.05.020_0030.05.aba.beta,True,14,12,0.0644080638885498,0.1220235824584961,0.0016052722930908203,0.18803691864013672,425,11,428,121,3204,1157,17256
all/randm13.02.02.06.020_0030.01.aba.beta,True,4,9,0.014713764190673828,0.015658855438232422,0.0011844635009765625,0.03155708312988281,203,3,203,57,1277,599,9487
all/randm13.02.02.06.020_0030.02.aba.beta,True,5,9,0.01761174201965332,0.028803110122680664,0.0014770030975341797,0.047891855239868164,236,4,236,112,1954,680,10687
all/randm13.02.02.06.020_0030.03.aba.beta,True,9,9,0.031586647033691406,0.035179853439331055,0.001129150390625,0.06789565086364746,279,7,284,94,2805,849,13007
all/randm13.02.02.06.020_0030.04.aba.beta,True,8,9,0.02622365951538086,0.03391122817993164,0.001458883285522461,0.06159377098083496,236,7,246,114,2201,961,14804
all/randm13.02.02.06.020_0030.05.aba.beta,True,5,9,0.013862848281860352,0.01816701889038086,0.001316070556640625,0.033345937728881836,183,5,183,84,1588,641,9878
all/randm13.02.02.07.020_0030.01.aba.beta,True,6,11,0.024457216262817383,0.039728403091430664,0.0010797977447509766,0.06526541709899902,359,3,361,101,2607,707,11163
all/randm13.02.02.07.020_0030.02.aba.beta,True,11,11,0.0540313720703125,0.0705108642578125,0.0016214847564697266,0.12616372108459473,289,9,312,117,2297,774,11560
all/randm13.02.02.07.020_0030.03.aba.beta,True,6,11,0.027663707733154297,0.032592058181762695,0.0007815361022949219,0.061037302017211914,239,4,247,83,1655,571,8868
all/randm13.02.02.07.020_0030.04.aba.beta,True,12,11,0.044255733489990234,0.06521916389465332,0.001268625259399414,0.11074352264404297,265,9,275,102,2132,909,13502
all/randm13.02.02.07.020_0030.05.aba.beta,True,5,11,0.01904296875,0.024173259735107422,0.0008065700531005859,0.04402279853820801,241,3,250,87,1516,586,9158
all/randm13.02.02.08.020_0030.01.aba.beta,True,16,11,0.07826995849609375,0.11589789390563965,0.0016021728515625,0.1957700252532959,443,12,443,140,3966,1045,15914
all/randm13.02.02.08.020_0030.02.aba.beta,True,13,11,0.06485700607299805,0.09723854064941406,0.001425027847290039,0.16352057456970215,406,10,406,108,3180,963,14325
all/randm13.02.02.08.020_0030.03.aba.beta,True,18,11,0.12545251846313477,0.13900351524353027,0.002435922622680664,0.2668919563293457,1112,13,1115,152,9608,1472,22519
all/randm13.02.02.08.020_0030.04.aba.beta,True,7,11,0.024547576904296875,0.0329744815826416,0.0010294914245605469,0.05855154991149902,383,4,383,107,2955,665,10470
all/randm13.02.02.08.020_0030.05.aba.beta,True,8,11,0.03906607627868652,0.053823232650756836,0.0019533634185791016,0.09484267234802246,422,4,429,122,3406,875,13596
all/randm13.02.02.09.020_0030.01.aba.beta,True,18,11,0.09321856498718262,0.1370525360107422,0.00289154052734375,0.23316264152526855,718,13,718,166,8209,1561,24432
all/randm13.02.02.09.020_0030.02.aba.beta,True,12,11,0.0635383129119873,0.08660173416137695,0.0018987655639648438,0.1520388126373291,458,9,472,133,4904,1113,16805
all/randm13.02.02.09.020_0030.03.aba.beta,True,19,11,0.10288357734680176,0.12684154510498047,0.0024673938751220703,0.2321925163269043,458,15,462,144,5102,1693,25762
all/randm13.02.02.09.020_0030.04.aba.beta,True,14,11,0.08762431144714355,0.09807705879211426,0.0040051937103271484,0.18970656394958496,852,9,855,144,9550,2364,37073
all/randm13.02.02.09.020_0030.05.aba.beta,True,12,11,0.06619524955749512,0.09326457977294922,0.002585172653198242,0.16204500198364258,742,8,742,144,6476,1760,27536
all/randm13.02.02.10.020_0030.01.aba.beta,True,7,11,0.031599998474121094,0.05063033103942871,0.0010192394256591797,0.08324956893920898,371,5,372,117,2640,705,10824
all/randm13.02.02.10.020_0030.02.aba.beta,True,12,12,0.05135154724121094,0.11667871475219727,0.003092527389526367,0.17112278938293457,295,11,300,129,2203,2262,35320
all/randm13.02.02.10.020_0030.03.aba.beta,True,4,10,0.011398553848266602,0.01891946792602539,0.0007364749908447266,0.03105449676513672,206,3,207,81,1390,569,8902
all/randm13.02.02.10.020_0030.04.aba.beta,True,10,12,0.06215834617614746,0.10410046577453613,0.0015575885772705078,0.1678164005279541,736,7,737,150,6189,994,15595
all/randm13.02.02.10.020_0030.05.aba.beta,True,10,12,0.04564404487609863,0.10072731971740723,0.002337217330932617,0.14870858192443848,405,8,407,131,3051,1677,26179
all/randm13.02.02.11.020_0030.01.aba.beta,True,10,11,0.0468287467956543,0.08005619049072266,0.0010576248168945312,0.12794256210327148,361,8,367,124,2755,726,10989
all/randm13.02.02.11.020_0030.02.aba.beta,True,8,11,0.040392160415649414,0.05646705627441406,0.0009512901306152344,0.09781050682067871,427,5,435,125,3261,747,11467
all/randm13.02.02.11.020_0030.03.aba.beta,True,12,11,0.046842098236083984,0.1013946533203125,0.0014908313751220703,0.14972758293151855,385,9,391,130,2983,1086,16694
all/randm13.02.02.11.020_0030.04.aba.beta,True,6,11,0.02366042137145996,0.03483700752258301,0.0008366107940673828,0.05933403968811035,361,3,364,99,2437,590,9155
all/randm13.02.02.11.020_0030.05.aba.beta,True,5,11,0.019184589385986328,0.03247380256652832,0.0007634162902832031,0.05242180824279785,584,2,585,102,4314,545,8628
all/randm13.02.02.12.020_0030.01.aba.beta,True,4,7,0.009247779846191406,0.009763002395629883,0.0009362697601318359,0.019947052001953125,114,4,114,73,1306,649,10162
all/randm13.02.02.12.020_0030.02.aba.beta,True,1,7,0.0027713775634765625,0.0048999786376953125,0.0007021427154541016,0.008373498916625977,81,1,85,50,378,533,8556
all/randm13.02.02.12.020_0030.03.aba.beta,True,1,7,0.0024018287658691406,0.0019526481628417969,0.0009648799896240234,0.005319356918334961,74,1,76,46,336,532,8543
all/randm13.02.02.12.020_0030.04.aba.beta,True,1,7,0.004530668258666992,0.002866983413696289,0.0012235641479492188,0.0086212158203125,85,1,86,39,409,526,8531
all/randm13.02.02.12.020_0030.05.aba.beta,True,3,7,0.005837440490722656,0.008771181106567383,0.0007715225219726562,0.015380144119262695,144,2,145,73,1011,614,9841
all/randm13.02.02.13.020_0030.01.aba.beta,True,22,12,0.11919498443603516,0.227644681930542,0.0020389556884765625,0.3488786220550537,834,16,834,187,7649,1502,22280
all/randm13.02.02.13.020_0030.02.aba.beta,True,21,12,0.2072620391845703,0.36655211448669434,0.0025725364685058594,0.5763866901397705,2355,15,2355,188,26314,1620,24321
all/randm13.02.02.13.020_0030.03.aba.beta,True,20,12,0.14719033241271973,0.2783377170562744,0.0034728050231933594,0.4290008544921875,858,13,864,190,13513,2023,31224
all/randm13.02.02.13.020_0030.04.aba.beta,True,18,12,0.220261812210083,0.3865981101989746,0.0029768943786621094,0.6098368167877197,1604,12,1604,221,17100,1813,28360
all/randm13.02.02.13.020_0030.05.aba.beta,True,19,12,0.0983433723449707,0.211625337600708,0.0030646324157714844,0.3130333423614502,791,14,791,175,8012,2002,31606
all/randm13.02.02.14.020_0030.01.aba.beta,True,15,9,0.07077670097351074,0.09987545013427734,0.0030035972595214844,0.17365574836730957,383,13,387,133,4007,1692,26314
all/randm13.02.02.14.020_0030.02.aba.beta,True,11,9,0.03600168228149414,0.05022549629211426,0.0013275146484375,0.0875546932220459,372,7,376,109,3474,921,14156
all/randm13.02.02.14.020_0030.03.aba.beta,True,18,9,0.08212137222290039,0.10091328620910645,0.002055644989013672,0.1850903034210205,718,14,718,146,9044,1489,22484
all/randm13.02.02.14.020_0030.04.aba.beta,True,11,9,0.03723001480102539,0.05583500862121582,0.0017809867858886719,0.09484601020812988,281,10,285,125,2829,1213,18644
all/randm13.02.02.14.020_0030.05.aba.beta,True,12,9,0.04826617240905762,0.06304597854614258,0.0013382434844970703,0.11265039443969727,345,9,347,110,3940,973,14589
all/randm13.02.02.15.020_0030.01.aba.beta,True,15,11,0.07945990562438965,0.16384005546569824,0.002009153366088867,0.24530911445617676,703,10,703,140,8821,1176,18396
all/randm13.02.02.15.020_0030.02.aba.beta,True,20,11,0.155076265335083,0.24337244033813477,0.005110502243041992,0.40355920791625977,838,17,854,247,10541,3014,46252
all/randm13.02.02.15.020_0030.03.aba.beta,True,13,11,0.0630943775177002,0.08319759368896484,0.0010869503021240234,0.14737892150878906,684,8,687,140,5848,815,12462
all/randm13.02.02.15.020_0030.04.aba.beta,True,20,11,0.14152169227600098,0.20922255516052246,0.004072904586791992,0.35481715202331543,744,15,755,201,7837,2812,43583
all/randm13.02.02.15.020_0030.05.aba.beta,True,14,11,0.07131719589233398,0.09726142883300781,0.0011959075927734375,0.16977453231811523,688,9,688,139,5860,910,13686
all/randm13.02.02.16.020_0030.01.aba.beta,True,13,11,0.057381391525268555,0.11161589622497559,0.0020422935485839844,0.17103958129882812,431,11,445,158,3697,1054,16294
all/randm13.02.02.16.020_0030.02.aba.beta,True,10,11,0.038330793380737305,0.06077456474304199,0.0012135505676269531,0.10031890869140625,426,8,432,123,3597,945,14340
all/randm13.02.02.16.020_0030.03.aba.beta,True,5,11,0.02132248878479004,0.029735326766967773,0.0007958412170410156,0.05185365676879883,201,3,201,78,1275,571,8834
all/randm13.02.02.16.020_0030.04.aba.beta,True,7,11,0.03487586975097656,0.054238080978393555,0.000982522964477539,0.09009647369384766,375,5,393,126,2718,705,10775
all/randm13.02.02.16.020_0030.05.aba.beta,True,6,11,0.022308349609375,0.036397695541381836,0.0009286403656005859,0.05963468551635742,385,3,385,106,2850,660,10487
all/randm13.02.02.17.020_0030.01.aba.beta,True,7,9,0.014410972595214844,0.019362211227416992,0.000972747802734375,0.03474593162536621,182,6,182,72,1111,719,10961
all/randm13.02.02.17.020_0030.02.aba.beta,True,6,9,0.018791913986206055,0.02126169204711914,0.0007681846618652344,0.04082179069519043,194,4,202,83,1335,591,9193
all/randm13.02.02.17.020_0030.03.aba.beta,True,5,9,0.013693094253540039,0.01761174201965332,0.000812530517578125,0.032117366790771484,177,3,179,86,1210,590,9155
all/randm13.02.02.17.020_0030.04.aba.beta,True,6,9,0.016394376754760742,0.026647329330444336,0.0009324550628662109,0.04397416114807129,206,4,206,88,1501,681,10594
all/randm13.02.02.17.020_0030.05.aba.beta,True,7,9,0.01918768882751465,0.02663421630859375,0.0008409023284912109,0.04666280746459961,198,5,198,83,1361,600,9164
all/randm13.02.02.18.020_0030.01.aba.beta,True,9,10,0.03741145133972168,0.07451057434082031,0.0012319087982177734,0.11315393447875977,246,7,248,145,2159,899,13908
all/randm13.02.02.18.020_0030.02.aba.beta,True,12,10,0.04402279853820801,0.06742191314697266,0.001589059829711914,0.11303377151489258,233,10,239,115,1831,1093,16463
all/randm13.02.02.18.020_0030.03.aba.beta,True,7,10,0.030852079391479492,0.05236482620239258,0.0018181800842285156,0.08503508567810059,236,6,237,139,2057,1254,19544
all/randm13.02.02.18.020_0030.04.aba.beta,True,14,10,0.08382606506347656,0.09810400009155273,0.002209186553955078,0.18413925170898438,429,10,429,159,4583,1291,20478
all/randm13.02.02.18.020_0030.05.aba.beta,True,13,10,0.053284406661987305,0.0877373218536377,0.0018246173858642578,0.14284634590148926,260,12,263,116,2386,1230,18599
all/randm13.02.02.19.020_0030.01.aba.beta,True,9,12,0.05049324035644531,0.07314229011535645,0.0011827945709228516,0.12481832504272461,798,6,809,146,6699,833,12828
all/randm13.02.02.19.020_0030.02.aba.beta,True,8,12,0.04887962341308594,0.07010102272033691,0.0010411739349365234,0.12002182006835938,1245,3,1245,136,10585,571,8908
all/randm13.02.02.19.020_0030.03.aba.beta,True,11,12,0.058887481689453125,0.08755111694335938,0.001734018325805664,0.14817261695861816,489,7,507,163,3996,919,14047
all/randm13.02.02.19.020_0030.04.aba.beta,True,10,12,0.1188359260559082,0.14377975463867188,0.0008537769317626953,0.2634694576263428,2743,3,2753,158,29097,630,10053
all/randm13.02.02.19.020_0030.05.aba.beta,True,12,12,0.09048843383789062,0.13424944877624512,0.0025005340576171875,0.22723841667175293,571,10,575,169,7047,1395,21304
all/randm14.02.02.01.020_0030.01.aba.beta,True,1,3,0.0007884502410888672,0.0008060932159423828,0.0012173652648925781,0.002811908721923828,31,1,31,27,106,535,8574
all/randm14.02.02.01.020_0030.02.aba.beta,True,1,3,0.000461578369140625,0.00044989585876464844,0.0007050037384033203,0.0016164779663085938,31,1,31,26,106,532,8565
all/randm14.02.02.01.020_0030.03.aba.beta,True,1,3,0.0007729530334472656,0.0009639263153076172,0.0015170574188232422,0.003253936767578125,35,1,35,25,130,532,8568
all/randm14.02.02.01.020_0030.04.aba.beta,True,1,3,0.00048089027404785156,0.000400543212890625,0.0006721019744873047,0.0015535354614257812,38,1,38,21,149,528,8550
all/randm14.02.02.01.020_0030.05.aba.beta,True,1,3,0.0006101131439208984,0.0004696846008300781,0.0006830692291259766,0.0017628669738769531,32,1,32,28,112,529,8529
all/randm14.02.02.02.020_0030.01.aba.beta,True,6,9,0.021139144897460938,0.02214360237121582,0.0008313655853271484,0.044114112854003906,553,3,567,114,4973,622,9675
all/randm14.02.02.02.020_0030.02.aba.beta,True,4,9,0.02151346206665039,0.019895076751708984,0.0008208751678466797,0.042229413986206055,225,3,228,75,2050,581,9090
all/randm14.02.02.02.020_0030.03.aba.beta,True,3,9,0.009893655776977539,0.010011672973632812,0.0007610321044921875,0.02066636085510254,290,1,293,70,2048,537,8595
all/randm14.02.02.02.020_0030.04.aba.beta,True,5,9,0.012782096862792969,0.017033100128173828,0.0007317066192626953,0.030546903610229492,308,2,313,99,2353,555,8780
all/randm14.02.02.02.020_0030.05.aba.beta,True,7,9,0.024525880813598633,0.025048017501831055,0.001413106918334961,0.05098700523376465,329,5,331,88,2449,641,9850
all/randm14.02.02.03.020_0030.01.aba.beta,True,10,12,0.04734992980957031,0.08012676239013672,0.0012812614440917969,0.12875795364379883,728,7,728,129,7985,1002,15455
all/randm14.02.02.03.020_0030.02.aba.beta,True,16,12,0.09353494644165039,0.15736770629882812,0.0018148422241210938,0.2527174949645996,476,12,488,147,4672,1170,17666
all/randm14.02.02.03.020_0030.03.aba.beta,True,13,12,0.0755317211151123,0.17665386199951172,0.0016031265258789062,0.25378870964050293,1282,9,1282,183,11728,1178,18112
all/randm14.02.02.03.020_0030.04.aba.beta,True,12,12,0.07747721672058105,0.13530445098876953,0.0024726390838623047,0.2152543067932129,717,9,717,166,6102,1188,18611
all/randm14.02.02.03.020_0030.05.aba.beta,True,8,12,0.05233192443847656,0.07971930503845215,0.0009129047393798828,0.1329641342163086,668,4,668,128,5281,667,10349
all/randm14.02.02.04.020_0030.01.aba.beta,True,15,12,0.04833674430847168,0.11105799674987793,0.001733541488647461,0.16112828254699707,424,13,426,115,3319,1259,18974
all/randm14.02.02.04.020_0030.02.aba.beta,True,12,12,0.0742180347442627,0.11392426490783691,0.002111673355102539,0.19025397300720215,494,8,508,168,5227,1167,17850
all/randm14.02.02.04.020_0030.03.aba.beta,True,11,12,0.039108991622924805,0.07594060897827148,0.001020669937133789,0.11607027053833008,280,10,300,106,2092,718,10483
all/randm14.02.02.04.020_0030.04.aba.beta,True,8,12,0.028267621994018555,0.06027674674987793,0.001954793930053711,0.0904991626739502,265,7,270,118,2305,1475,23040
all/randm14.02.02.04.020_0030.05.aba.beta,True,16,12,0.11201357841491699,0.152540922164917,0.0017256736755371094,0.2662801742553711,1673,10,1673,165,20468,1307,20143
all/randm14.02.02.05.020_0030.01.aba.beta,True,11,12,0.08585166931152344,0.0819253921508789,0.0014908313751220703,0.16926789283752441,913,5,913,148,11312,727,11483
all/randm14.02.02.05.020_0030.02.aba.beta,True,12,12,0.07728338241577148,0.13517522811889648,0.0025565624237060547,0.21501517295837402,730,9,732,160,6198,1577,24548
all/randm14.02.02.05.020_0030.03.aba.beta,True,20,12,0.09741806983947754,0.1723322868347168,0.002130270004272461,0.2718806266784668,513,18,519,144,5524,1357,19905
all/randm14.02.02.05.020_0030.04.aba.beta,True,11,12,0.039994001388549805,0.07362794876098633,0.000989675521850586,0.11461162567138672,402,8,403,116,3128,739,11124
all/randm14.02.02.05.020_0030.05.aba.beta,True,14,12,0.054337501525878906,0.08617401123046875,0.0012667179107666016,0.14177823066711426,369,13,372,112,3539,982,14404
all/randm14.02.02.06.020_0030.01.aba.beta,True,27,11,0.2189159393310547,0.34705662727355957,0.0065233707427978516,0.5724959373474121,835,21,852,230,8547,4114,65386
all/randm14.02.02.06.020_0030.02.aba.beta,True,21,11,0.13522982597351074,0.2336595058441162,0.003432750701904297,0.37232208251953125,748,17,759,195,12185,2499,38719
all/randm14.02.02.06.020_0030.03.aba.beta,True,17,11,0.11074376106262207,0.14902019500732422,0.0035915374755859375,0.2633554935455322,787,13,797,195,8659,2267,35562
all/randm14.02.02.06.020_0030.04.aba.beta,True,19,11,0.14844155311584473,0.21244430541992188,0.0029020309448242188,0.3637878894805908,1342,13,1342,185,16424,1658,25736
all/randm14.02.02.06.020_0030.05.aba.beta,True,24,11,0.1481482982635498,0.2432408332824707,0.004143953323364258,0.39553308486938477,1241,18,1241,195,12701,2759,42355
all/randm14.02.02.07.020_0030.01.aba.beta,True,17,12,0.14592552185058594,0.18747901916503906,0.0013611316680908203,0.3347656726837158,1481,10,1481,159,14530,1043,15910
all/randm14.02.02.07.020_0030.02.aba.beta,True,18,12,0.1873178482055664,0.26035642623901367,0.0026657581329345703,0.45034003257751465,1551,11,1551,189,20582,1639,25564
all/randm14.02.02.07.020_0030.03.aba.beta,True,15,12,0.0920400619506836,0.1475234031677246,0.0017514228820800781,0.24131488800048828,719,11,726,151,6525,1269,19709
all/randm14.02.02.07.020_0030.04.aba.beta,True,27,12,0.2558927536010742,0.4529857635498047,0.0045375823974609375,0.7134160995483398,1526,21,1535,233,21021,2847,45232
all/randm14.02.02.07.020_0030.05.aba.beta,True,13,12,0.07391715049743652,0.1120607852935791,0.0017559528350830078,0.18773388862609863,749,8,749,141,7043,1311,20589
all/randm14.02.02.08.020_0030.01.aba.beta,True,10,10,0.030349254608154297,0.05069446563720703,0.0010151863098144531,0.08205890655517578,609,6,609,127,7082,720,10882
all/randm14.02.02.08.020_0030.02.aba.beta,True,15,10,0.06109452247619629,0.08540177345275879,0.0017747879028320312,0.1482710838317871,493,12,494,147,6094,1272,19673
all/randm14.02.02.08.020_0030.03.aba.beta,True,12,10,0.04043006896972656,0.0682518482208252,0.0017819404602050781,0.11046385765075684,264,12,281,147,3624,1396,21550
all/randm14.02.02.08.020_0030.04.aba.beta,True,9,10,0.026369810104370117,0.04854440689086914,0.001154184341430664,0.07606840133666992,353,7,353,122,2783,903,13816
all/randm14.02.02.08.020_0030.05.aba.beta,True,11,10,0.03713202476501465,0.05235719680786133,0.001649618148803711,0.09113883972167969,264,9,264,102,2809,1213,18676
all/randm14.02.02.09.020_0030.01.aba.beta,True,15,12,0.09653663635253906,0.151505708694458,0.002349853515625,0.25039219856262207,744,10,748,140,6989,1507,23180
all/randm14.02.02.09.020_0030.02.aba.beta,True,14,12,0.05372881889343262,0.09114742279052734,0.0014848709106445312,0.1463611125946045,480,10,491,141,5469,1129,17685
all/randm14.02.02.09.020_0030.03.aba.beta,True,13,12,0.06676983833312988,0.12918400764465332,0.0029158592224121094,0.1988697052001953,504,9,518,180,4763,1764,27515
all/randm14.02.02.09.020_0030.04.aba.beta,True,12,12,0.0482022762298584,0.0987708568572998,0.002012014389038086,0.1489851474761963,428,9,433,143,3468,1180,17918
all/randm14.02.02.09.020_0030.05.aba.beta,True,8,12,0.04534602165222168,0.06313538551330566,0.0016512870788574219,0.11013269424438477,446,5,457,124,3721,765,11831
all/randm14.02.02.10.020_0030.01.aba.beta,True,4,5,0.003916025161743164,0.003955364227294922,0.00092315673828125,0.008794546127319336,108,3,109,58,618,738,11750
all/randm14.02.02.10.020_0030.02.aba.beta,True,4,5,0.005684375762939453,0.004389762878417969,0.0008759498596191406,0.010950088500976562,107,3,109,69,622,674,10527
all/randm14.02.02.10.020_0030.03.aba.beta,True,3,5,0.006730079650878906,0.0051534175872802734,0.0011875629425048828,0.013071060180664062,108,2,109,61,722,552,8866
all/randm14.02.02.10.020_0030.04.aba.beta,True,2,5,0.004145622253417969,0.0030770301818847656,0.0012774467468261719,0.008500099182128906,76,2,82,54,437,582,9193
all/randm14.02.02.10.020_0030.05.aba.beta,True,5,5,0.00712132453918457,0.005978107452392578,0.0012576580047607422,0.01435708999633789,123,4,125,79,882,647,10043
all/randm14.02.02.11.020_0030.01.aba.beta,True,5,10,0.02018451690673828,0.020453453063964844,0.0008785724639892578,0.04151654243469238,287,4,289,94,3435,639,9967
all/randm14.02.02.11.020_0030.02.aba.beta,True,7,10,0.02382683753967285,0.03579401969909668,0.0011200904846191406,0.06074094772338867,227,6,237,104,1752,808,12686
all/randm14.02.02.11.020_0030.03.aba.beta,True,10,10,0.03622579574584961,0.04017758369445801,0.001173257827758789,0.0775766372680664,306,7,308,95,2995,850,13141
all/randm14.02.02.11.020_0030.04.aba.beta,True,14,10,0.07103252410888672,0.09956860542297363,0.002769947052001953,0.1733710765838623,466,12,470,148,5023,1659,25335
all/randm14.02.02.11.020_0030.05.aba.beta,True,8,10,0.038161277770996094,0.045458316802978516,0.0010235309600830078,0.08464312553405762,367,5,369,105,3441,718,11226
all/randm14.02.02.12.020_0030.01.aba.beta,True,15,11,0.09006667137145996,0.11865925788879395,0.001251220703125,0.2099771499633789,757,10,761,139,7730,935,13686
all/randm14.02.02.12.020_0030.02.aba.beta,True,15,11,0.056876420974731445,0.09360504150390625,0.0014390945434570312,0.15192055702209473,685,11,685,134,5868,1017,15221
all/randm14.02.02.12.020_0030.03.aba.beta,True,19,11,0.10201811790466309,0.1779170036315918,0.0026025772094726562,0.28253769874572754,518,15,518,166,5839,1777,27103
all/randm14.02.02.12.020_0030.04.aba.beta,True,17,11,0.06786489486694336,0.1361069679260254,0.001577138900756836,0.20554900169372559,762,14,766,152,8763,1209,17760
all/randm14.02.02.12.020_0030.05.aba.beta,True,15,11,0.04860639572143555,0.0770113468170166,0.0013318061828613281,0.12694954872131348,436,12,436,125,4134,946,14267
all/randm14.02.02.13.020_0030.01.aba.beta,True,15,13,0.1922011375427246,0.22047829627990723,0.0018243789672851562,0.414503812789917,2720,9,2721,177,29741,1131,17533
all/randm14.02.02.13.020_0030.02.aba.beta,True,15,13,0.08946108818054199,0.15622758865356445,0.0013866424560546875,0.24707531929016113,815,11,818,155,7118,955,14200
all/randm14.02.02.13.020_0030.03.aba.beta,True,16,13,0.09277081489562988,0.17915582656860352,0.002045869827270508,0.2739725112915039,523,13,532,147,4875,1592,24439
all/randm14.02.02.13.020_0030.04.aba.beta,True,17,13,0.0894019603729248,0.17047858238220215,0.0014317035675048828,0.26131224632263184,832,12,832,136,8423,972,14734
all/randm14.02.02.13.020_0030.05.aba.beta,True,17,13,0.11681723594665527,0.21363186836242676,0.0020148754119873047,0.33246397972106934,956,13,960,167,10159,1300,19723
all/randm14.02.02.14.020_0030.01.aba.beta,True,20,11,0.10181188583374023,0.1693873405456543,0.002490520477294922,0.27368974685668945,733,17,736,160,6290,1637,24653
all/randm14.02.02.14.020_0030.02.aba.beta,True,5,11,0.021607637405395508,0.03581571578979492,0.0016932487487792969,0.05911660194396973,175,5,182,88,1198,694,10703
all/randm14.02.02.14.020_0030.03.aba.beta,True,9,11,0.029013633728027344,0.05290532112121582,0.0010366439819335938,0.08295559883117676,264,8,267,89,1833,772,11503
all/randm14.02.02.14.020_0030.04.aba.beta,True,5,11,0.023656845092773438,0.034429073333740234,0.0008141994476318359,0.05890011787414551,272,3,279,93,2500,577,9065
all/randm14.02.02.14.020_0030.05.aba.beta,True,6,11,0.026938915252685547,0.03621172904968262,0.001069784164428711,0.06422042846679688,201,6,207,78,1499,745,11541
all/randm14.02.02.15.020_0030.01.aba.beta,True,9,12,0.04271531105041504,0.07740163803100586,0.0017201900482177734,0.12183713912963867,415,6,416,135,3339,757,11785
all/randm14.02.02.15.020_0030.02.aba.beta,True,11,12,0.06145977973937988,0.12528657913208008,0.0019068717956542969,0.18865323066711426,699,7,702,149,5813,1009,15630
all/randm14.02.02.15.020_0030.03.aba.beta,True,17,12,0.09380960464477539,0.15387701988220215,0.0019478797912597656,0.2496345043182373,782,12,784,158,6636,1379,20756
all/randm14.02.02.15.020_0030.04.aba.beta,True,15,12,0.09339237213134766,0.14777159690856934,0.0021271705627441406,0.24329113960266113,764,11,765,159,7817,1490,22967
all/randm14.02.02.15.020_0030.05.aba.beta,True,12,12,0.05891871452331543,0.10443925857543945,0.001779794692993164,0.16513776779174805,470,8,472,157,3961,1248,19537
all/randm14.02.02.16.020_0030.01.aba.beta,True,20,10,0.10941505432128906,0.13817477226257324,0.0019676685333251953,0.2495574951171875,500,14,509,164,5781,1514,22959
all/randm14.02.02.16.020_0030.02.aba.beta,True,19,10,0.09492087364196777,0.13901782035827637,0.0037517547607421875,0.23769044876098633,767,13,773,178,8130,2555,39362
all/randm14.02.02.16.020_0030.03.aba.beta,True,15,10,0.06753659248352051,0.09059882164001465,0.0033180713653564453,0.1614534854888916,422,9,422,135,6522,2014,31381
all/randm14.02.02.16.020_0030.04.aba.beta,True,19,11,0.09945154190063477,0.19393110275268555,0.0028727054595947266,0.29625535011291504,1310,14,1310,180,15474,2021,31188
all/randm14.02.02.16.020_0030.05.aba.beta,True,17,10,0.09214377403259277,0.1450188159942627,0.0028793811798095703,0.24004197120666504,703,12,703,157,8825,1789,27440
all/randm14.02.02.17.020_0030.01.aba.beta,True,20,11,0.11093521118164062,0.15106797218322754,0.0020971298217773438,0.2641003131866455,506,16,515,179,4890,1512,22667
all/randm14.02.02.17.020_0030.02.aba.beta,True,17,11,0.09694886207580566,0.13962268829345703,0.003322601318359375,0.23989415168762207,497,13,504,167,4829,2076,32285
all/randm14.02.02.17.020_0030.03.aba.beta,True,15,11,0.31621551513671875,0.1976630687713623,0.001260995864868164,0.5151395797729492,2916,7,2916,162,44271,875,13642
all/randm14.02.02.17.020_0030.04.aba.beta,True,18,11,0.08017086982727051,0.10232925415039062,0.0013427734375,0.18384289741516113,804,14,804,134,7948,1084,15749
all/randm14.02.02.17.020_0030.05.aba.beta,True,12,11,0.1338205337524414,0.3375861644744873,0.0012829303741455078,0.4726896286010742,2059,7,2059,142,22246,752,11245
all/randm14.02.02.18.020_0030.01.aba.beta,True,16,13,0.15239405632019043,0.26409244537353516,0.0013544559478759766,0.41784095764160156,1569,11,1569,180,19899,1056,15967
all/randm14.02.02.18.020_0030.02.aba.beta,True,18,13,0.15590786933898926,0.3285839557647705,0.003886699676513672,0.48837852478027344,1045,13,1057,221,13755,2399,37588
all/randm14.02.02.18.020_0030.03.aba.beta,True,10,13,0.0797116756439209,0.1381070613861084,0.0024204254150390625,0.22023916244506836,510,8,513,156,4503,1505,23600
all/randm14.02.02.18.020_0030.04.aba.beta,True,19,13,0.19544124603271484,0.31345629692077637,0.002854585647583008,0.5117521286010742,888,14,891,186,8389,1532,23741
all/randm14.02.02.18.020_0030.05.aba.beta,True,16,13,0.0907285213470459,0.1965477466583252,0.002354145050048828,0.2896304130554199,399,13,405,152,4343,1507,23950
all/randm14.02.02.19.020_0030.01.aba.beta,True,5,13,0.02114701271057129,0.05196428298950195,0.0011327266693115234,0.07424402236938477,263,4,268,101,1791,842,13200
all/randm14.02.02.19.020_0030.02.aba.beta,True,11,13,0.039832115173339844,0.07643842697143555,0.0008873939514160156,0.1171579360961914,457,8,459,104,3594,685,10181
all/randm14.02.02.19.020_0030.03.aba.beta,True,5,13,0.03249478340148926,0.06106209754943848,0.0009655952453613281,0.09452247619628906,440,3,445,118,3137,659,10192
all/randm14.02.02.19.020_0030.04.aba.beta,True,8,13,0.04147005081176758,0.07505559921264648,0.0008747577667236328,0.1174004077911377,304,6,311,102,2202,656,10020
all/randm14.02.02.19.020_0030.05.aba.beta,True,7,13,0.043749094009399414,0.07718372344970703,0.0008616447448730469,0.12179446220397949,465,5,469,118,3571,668,10214
all/randm15.02.02.01.020_0030.01.aba.beta,True,20,13,0.1777973175048828,0.32210707664489746,0.0027904510498046875,0.502694845199585,948,16,961,209,12049,2136,32622
all/randm15.02.02.01.020_0030.02.aba.beta,True,16,13,0.13146042823791504,0.1960000991821289,0.0033359527587890625,0.330796480178833,834,11,834,157,8501,1960,30413
all/randm15.02.02.01.020_0030.03.aba.beta,True,25,13,0.25154948234558105,0.4041874408721924,0.0027480125427246094,0.658484935760498,1717,19,1723,218,23227,1800,26797
all/randm15.02.02.01.020_0030.04.aba.beta,True,16,13,0.12431216239929199,0.22876811027526855,0.0037682056427001953,0.35684847831726074,551,14,554,194,5243,2161,33688
all/randm15.02.02.01.020_0030.05.aba.beta,True,30,13,0.19429397583007812,0.39690232276916504,0.0051767826080322266,0.5963730812072754,904,25,908,226,10053,3158,48768
all/randm15.02.02.02.020_0030.01.aba.beta,True,17,10,0.1682279109954834,0.15258097648620605,0.0024170875549316406,0.3232259750366211,1303,11,1308,155,18141,1268,19215
all/randm15.02.02.02.020_0030.02.aba.beta,True,14,10,0.06303858757019043,0.07642912864685059,0.0014748573303222656,0.14094257354736328,391,10,398,129,3968,1001,14885
all/randm15.02.02.02.020_0030.03.aba.beta,True,15,10,0.0642547607421875,0.07604289054870605,0.0010230541229248047,0.14132070541381836,1047,11,1047,122,10670,794,11678
all/randm15.02.02.02.020_0030.04.aba.beta,True,10,10,0.05022716522216797,0.05428600311279297,0.0015826225280761719,0.10609579086303711,422,8,428,109,4288,756,11369
all/randm15.02.02.02.020_0030.05.aba.beta,True,19,10,0.12280726432800293,0.1589043140411377,0.002682209014892578,0.2843937873840332,1276,13,1276,194,17272,1719,26236
all/randm15.02.02.03.020_0030.01.aba.beta,True,29,12,0.2594137191772461,0.3656580448150635,0.0041351318359375,0.6292068958282471,969,22,969,186,15228,2635,40475
all/randm15.02.02.03.020_0030.02.aba.beta,True,17,11,0.08741974830627441,0.141371488571167,0.0032956600189208984,0.2320868968963623,512,12,533,211,5315,2368,36829
all/randm15.02.02.03.020_0030.03.aba.beta,True,18,12,0.10207962989807129,0.1831347942352295,0.002193927764892578,0.28740835189819336,887,14,897,194,9749,1369,20525
all/randm15.02.02.03.020_0030.04.aba.beta,True,13,12,0.06827306747436523,0.10587453842163086,0.0010733604431152344,0.17522096633911133,459,9,467,130,3875,818,12188
all/randm15.02.02.03.020_0030.05.aba.beta,True,18,12,0.15021252632141113,0.24785733222961426,0.0038022994995117188,0.4018721580505371,992,12,997,209,14632,2093,32353
all/randm15.02.02.04.020_0030.01.aba.beta,True,11,12,0.09008216857910156,0.10991191864013672,0.001623392105102539,0.20161747932434082,1325,7,1325,150,18535,1038,16103
all/randm15.02.02.04.020_0030.02.aba.beta,True,22,12,0.11776542663574219,0.18192005157470703,0.002773761749267578,0.3024592399597168,832,16,832,139,7930,1821,28148
all/randm15.02.02.04.020_0030.03.aba.beta,True,14,12,0.10064244270324707,0.1523573398590088,0.0019383430480957031,0.25493812561035156,1289,9,1290,155,11336,942,14200
all/randm15.02.02.04.020_0030.04.aba.beta,True,22,12,0.21322178840637207,0.4879293441772461,0.003709554672241211,0.7048606872558594,1030,16,1030,230,14233,2337,36591
all/randm15.02.02.04.020_0030.05.aba.beta,True,15,12,0.08936524391174316,0.12699151039123535,0.0021452903747558594,0.21850204467773438,498,11,498,146,6163,1191,18292
all/randm15.02.02.05.020_0030.01.aba.beta,True,17,11,0.08814096450805664,0.14756560325622559,0.0022687911987304688,0.2379753589630127,539,14,570,189,5199,1651,26002
all/randm15.02.02.05.020_0030.02.aba.beta,True,15,11,0.08007168769836426,0.11140179634094238,0.001653909683227539,0.19312739372253418,460,11,462,124,4672,1081,16420
all/randm15.02.02.05.020_0030.03.aba.beta,True,10,11,0.038288116455078125,0.058324575424194336,0.0009005069732666016,0.09751319885253906,415,7,431,114,3431,660,9909
all/randm15.02.02.05.020_0030.04.aba.beta,True,12,11,0.06610536575317383,0.1009817123413086,0.0016717910766601562,0.16875886917114258,492,9,505,146,5485,1143,17557
all/randm15.02.02.05.020_0030.05.aba.beta,True,10,11,0.032958984375,0.06230735778808594,0.0014984607696533203,0.09676480293273926,376,8,378,113,2925,1171,18070
all/randm15.02.02.06.020_0030.01.aba.beta,True,21,11,0.19273614883422852,0.22844672203063965,0.0016179084777832031,0.42280077934265137,2096,15,2096,191,21521,1239,18566
all/randm15.02.02.06.020_0030.02.aba.beta,True,20,11,0.12149238586425781,0.22254037857055664,0.002420186996459961,0.3464529514312744,1334,15,1334,171,18866,1686,25319
all/randm15.02.02.06.020_0030.03.aba.beta,True,20,11,0.09523844718933105,0.11618828773498535,0.002361297607421875,0.21378803253173828,936,14,936,153,15078,1553,23403
all/randm15.02.02.06.020_0030.04.aba.beta,True,19,11,0.10748672485351562,0.21721744537353516,0.0033371448516845703,0.32804131507873535,817,15,817,199,11366,2174,33728
all/randm15.02.02.06.020_0030.05.aba.beta,True,17,11,0.0979146957397461,0.13443922996520996,0.003221273422241211,0.23557519912719727,745,12,745,163,8309,1850,28188
all/randm15.02.02.07.020_0030.01.aba.beta,True,15,13,0.07504725456237793,0.14803791046142578,0.002214670181274414,0.22529983520507812,514,11,523,170,5070,1327,20221
all/randm15.02.02.07.020_0030.02.aba.beta,True,13,13,0.08586263656616211,0.1549086570739746,0.0025484561920166016,0.24331974983215332,431,11,445,178,4325,1417,21961
all/randm15.02.02.07.020_0030.03.aba.beta,True,17,13,0.13814258575439453,0.28198695182800293,0.005013942718505859,0.4251434803009033,823,12,825,204,7340,2731,43294
all/randm15.02.02.07.020_0030.04.aba.beta,True,14,13,0.09229230880737305,0.13943004608154297,0.002768278121948242,0.23449063301086426,877,9,883,145,8283,1697,26245
all/randm15.02.02.07.020_0030.05.aba.beta,True,12,13,0.06861686706542969,0.11504864692687988,0.001943349838256836,0.1856088638305664,338,11,370,171,2789,1417,21476
all/randm15.02.02.08.020_0030.01.aba.beta,True,14,11,0.06299614906311035,0.1148834228515625,0.0012798309326171875,0.17915940284729004,420,12,427,137,3425,1011,14803
all/randm15.02.02.08.020_0030.02.aba.beta,True,13,11,0.05499911308288574,0.08863139152526855,0.0018222332000732422,0.14545273780822754,425,10,427,132,4054,1336,20337
all/randm15.02.02.08.020_0030.03.aba.beta,True,19,11,0.14554309844970703,0.20347929000854492,0.0016326904296875,0.35065507888793945,1293,12,1293,162,14558,1178,17572
all/randm15.02.02.08.020_0030.04.aba.beta,True,14,11,0.067169189453125,0.09798598289489746,0.0016207695007324219,0.16677594184875488,465,11,476,144,4530,1216,18110
all/randm15.02.02.08.020_0030.05.aba.beta,True,11,11,0.049623727798461914,0.0743412971496582,0.0016355514526367188,0.12560057640075684,306,9,325,131,2483,1166,17964
all/randm15.02.02.09.020_0030.01.aba.beta,True,18,11,0.18342256546020508,1.348698616027832,0.0022928714752197266,1.5344140529632568,2323,12,2323,179,30287,1572,24106
all/randm15.02.02.09.020_0030.02.aba.beta,True,17,11,0.17665982246398926,0.45233798027038574,0.0014710426330566406,0.6304688453674316,1852,11,1859,190,17660,1025,15507
all/randm15.02.02.09.020_0030.03.aba.beta,True,21,11,0.30521655082702637,2.887505531311035,0.001687765121459961,3.1944098472595215,3118,14,3118,169,32139,1147,17437
all/randm15.02.02.09.020_0030.04.aba.beta,True,26,11,0.20676803588867188,0.3568458557128906,0.003507375717163086,0.5671212673187256,1233,19,1233,221,12821,2324,35329
all/randm15.02.02.09.020_0030.05.aba.beta,True,26,11,0.24818110466003418,1.449744701385498,0.0033583641052246094,1.7012841701507568,2131,21,2131,209,25151,2418,36836
all/randm15.02.02.10.020_0030.01.aba.beta,True,1,4,0.0008115768432617188,0.0005872249603271484,0.0006744861602783203,0.0020732879638671875,48,1,48,25,217,540,8607
all/randm15.02.02.10.020_0030.02.aba.beta,True,1,4,0.0010292530059814453,0.0006299018859863281,0.0006649494171142578,0.0023241043090820312,42,1,42,30,175,536,8598
all/randm15.02.02.10.020_0030.03.aba.beta,True,1,4,0.0007579326629638672,0.0005486011505126953,0.0006844997406005859,0.0019910335540771484,44,1,45,25,190,538,8606
all/randm15.02.02.10.020_0030.04.aba.beta,True,1,4,0.0007989406585693359,0.0005681514739990234,0.0006914138793945312,0.0020585060119628906,46,1,46,26,205,534,8587
all/randm15.02.02.10.020_0030.05.aba.beta,True,1,4,0.0010609626770019531,0.0005879402160644531,0.0006785392761230469,0.002327442169189453,53,1,53,25,255,530,8547
all/randm15.02.02.11.020_0030.01.aba.beta,True,9,12,0.04354667663574219,0.07772660255432129,0.0015451908111572266,0.1228184700012207,255,7,257,117,1854,1038,15917
all/randm15.02.02.11.020_0030.02.aba.beta,True,8,12,0.03728461265563965,0.07265281677246094,0.0010814666748046875,0.11101889610290527,310,6,315,130,2542,864,13298
all/randm15.02.02.11.020_0030.03.aba.beta,True,12,12,0.06884193420410156,0.11150693893432617,0.0013628005981445312,0.18171167373657227,443,10,445,143,3558,926,14072
all/randm15.02.02.11.020_0030.04.aba.beta,True,15,12,0.12293267250061035,0.1888444423675537,0.0013089179992675781,0.31308603286743164,770,10,776,158,10095,1017,15518
all/randm15.02.02.11.020_0030.05.aba.beta,True,10,12,0.04728507995605469,0.0771031379699707,0.0012040138244628906,0.12559223175048828,316,7,329,139,2531,935,14251
all/randm15.02.02.12.020_0030.01.aba.beta,True,20,14,0.15561151504516602,0.25890469551086426,0.0017409324645996094,0.4162571430206299,945,15,950,184,8780,1265,18637
all/randm15.02.02.12.020_0030.02.aba.beta,True,16,14,0.2296161651611328,0.5594754219055176,0.0010790824890136719,0.7901706695556641,3041,8,3041,169,32848,802,12214
all/randm15.02.02.12.020_0030.03.aba.beta,True,18,14,0.16895627975463867,0.2653489112854004,0.0024454593658447266,0.4367506504058838,1759,11,1763,207,17382,1624,24943
all/randm15.02.02.12.020_0030.04.aba.beta,True,11,14,0.07211422920227051,0.10648250579833984,0.0008702278137207031,0.17946696281433105,916,5,924,138,8206,658,10098
all/randm15.02.02.12.020_0030.05.aba.beta,True,17,14,0.1134955883026123,0.22014904022216797,0.0020911693572998047,0.3357357978820801,573,13,578,150,5913,1293,19308
all/randm15.02.02.13.020_0030.01.aba.beta,True,33,10,0.5512309074401855,5.844443321228027,0.0048024654388427734,6.400476694107056,3498,26,3498,228,42645,3219,50096
all/randm15.02.02.13.020_0030.02.aba.beta,True,24,10,0.32410216331481934,1.797133445739746,0.005243539810180664,2.126479148864746,2594,17,2594,265,37733,3063,47730
all/randm15.02.02.13.020_0030.03.aba.beta,True,27,10,0.5045139789581299,6.814099550247192,0.004788875579833984,7.323402404785156,3952,20,3952,245,70199,3289,51138
all/randm15.02.02.13.020_0030.04.aba.beta,True,21,10,0.23906946182250977,0.3626992702484131,0.004025697708129883,0.6057944297790527,1473,14,1489,227,24826,2466,38876
all/randm15.02.02.13.020_0030.05.aba.beta,True,30,10,0.9061644077301025,28.49035668373108,0.006183624267578125,29.40270471572876,4101,23,4101,274,101158,3884,60150
all/randm15.02.02.14.020_0030.01.aba.beta,True,6,12,0.024595975875854492,0.03405165672302246,0.0008592605590820312,0.059506893157958984,249,5,259,90,1693,647,9826
all/randm15.02.02.14.020_0030.02.aba.beta,True,10,12,0.04719829559326172,0.07825469970703125,0.0010836124420166016,0.12653660774230957,364,8,418,155,3376,792,11982
all/randm15.02.02.14.020_0030.03.aba.beta,True,8,12,0.048757076263427734,0.0762472152709961,0.0010635852813720703,0.1260678768157959,468,6,477,133,3930,840,12796
all/randm15.02.02.14.020_0030.04.aba.beta,True,15,12,0.08639049530029297,0.12766385078430176,0.00457000732421875,0.21862435340881348,473,12,482,135,3928,2615,41131
all/randm15.02.02.14.020_0030.05.aba.beta,True,9,12,0.03459882736206055,0.06806802749633789,0.000997781753540039,0.10366463661193848,251,8,251,100,1836,799,11864
all/randm15.02.02.15.020_0030.01.aba.beta,True,6,11,0.018029212951660156,0.03128671646118164,0.0014231204986572266,0.05073904991149902,227,4,227,93,1732,654,10124
all/randm15.02.02.15.020_0030.02.aba.beta,True,10,11,0.056816816329956055,0.060277700424194336,0.0016243457794189453,0.11871886253356934,479,6,483,91,4328,845,13175
all/randm15.02.02.15.020_0030.03.aba.beta,True,6,11,0.03543210029602051,0.05320858955383301,0.0008182525634765625,0.08945894241333008,378,4,380,93,2948,640,9844
all/randm15.02.02.15.020_0030.04.aba.beta,True,14,11,0.06541585922241211,0.06961679458618164,0.002106189727783203,0.13713884353637695,477,9,487,102,4588,1442,22355
all/randm15.02.02.15.020_0030.05.aba.beta,True,11,11,0.0877523422241211,0.07323718070983887,0.0012180805206298828,0.16220760345458984,1477,5,1477,152,15011,935,14600
all/randm15.02.02.16.020_0030.01.aba.beta,True,20,14,0.30814576148986816,0.34958982467651367,0.0034873485565185547,0.6612229347229004,1783,15,1787,210,23008,2093,32950
all/randm15.02.02.16.020_0030.02.aba.beta,True,18,14,0.15325355529785156,0.28876328468322754,0.0029821395874023438,0.44499897956848145,887,15,888,187,8106,1976,30477
all/randm15.02.02.16.020_0030.03.aba.beta,True,26,14,0.27851200103759766,0.5425240993499756,0.005609273910522461,0.8266453742980957,1784,20,1784,243,22412,4079,64425
all/randm15.02.02.16.020_0030.04.aba.beta,True,22,14,0.2139573097229004,0.375469446182251,0.003101348876953125,0.5925281047821045,1127,18,1159,212,16674,2108,32661
all/randm15.02.02.16.020_0030.05.aba.beta,True,8,14,0.04344010353088379,0.08151412010192871,0.0011229515075683594,0.12607717514038086,523,4,527,116,4780,804,12663
all/randm15.02.02.17.020_0030.01.aba.beta,True,4,7,0.005827665328979492,0.007953882217407227,0.0009706020355224609,0.01475214958190918,145,3,147,70,873,630,10047
all/randm15.02.02.17.020_0030.02.aba.beta,True,5,7,0.010285139083862305,0.016494274139404297,0.0012772083282470703,0.028056621551513672,167,4,167,103,1358,826,12868
all/randm15.02.02.17.020_0030.03.aba.beta,True,4,7,0.0070989131927490234,0.007102012634277344,0.0008022785186767578,0.015003204345703125,147,3,148,70,941,589,9303
all/randm15.02.02.17.020_0030.04.aba.beta,True,4,7,0.007662296295166016,0.010020256042480469,0.0014319419860839844,0.01911449432373047,144,3,145,86,991,685,10757
all/randm15.02.02.17.020_0030.05.aba.beta,True,5,7,0.011683225631713867,0.014013290405273438,0.001241922378540039,0.026938438415527344,163,4,165,91,1246,772,12189
all/randm15.02.02.18.020_0030.01.aba.beta,True,25,13,0.18698430061340332,0.36035871505737305,0.0031614303588867188,0.5505044460296631,958,19,999,250,9878,2154,32664
all/randm15.02.02.18.020_0030.02.aba.beta,True,18,13,0.22251582145690918,0.39675331115722656,0.0032961368560791016,0.6225652694702148,1609,12,1609,218,16335,1875,29164
all/randm15.02.02.18.020_0030.03.aba.beta,True,27,13,0.45340538024902344,0.7434163093566895,0.003998279571533203,1.200819969177246,3413,20,3413,235,56379,2725,41851
all/randm15.02.02.18.020_0030.04.aba.beta,True,19,13,0.10939359664916992,0.2308521270751953,0.002196788787841797,0.34244251251220703,532,15,532,181,6358,1613,24218
all/randm15.02.02.18.020_0030.05.aba.beta,True,30,13,0.6182963848114014,1.6102983951568604,0.0060651302337646484,2.2346599102020264,3427,22,3427,248,55630,3372,52558
all/randm15.02.02.19.020_0030.01.aba.beta,True,18,15,0.1652975082397461,0.30568861961364746,0.003534078598022461,0.474520206451416,667,12,667,199,8857,2251,34703
all/randm15.02.02.19.020_0030.02.aba.beta,True,14,13,0.09548783302307129,0.14136219024658203,0.0016484260559082031,0.23849844932556152,810,10,810,142,7682,992,15040
all/randm15.02.02.19.020_0030.03.aba.beta,True,15,13,0.1362156867980957,0.18576765060424805,0.0024728775024414062,0.32445621490478516,897,11,901,184,7716,1601,24453
all/randm15.02.02.19.020_0030.04.aba.beta,True,21,15,0.184037446975708,0.4096362590789795,0.0044095516204833984,0.5980832576751709,644,18,650,193,5793,2773,43134
all/randm15.02.02.19.020_0030.05.aba.beta,True,18,13,0.15684866905212402,0.26144886016845703,0.0027496814727783203,0.4210472106933594,835,14,847,183,7203,2027,31490
all/randm16.02.02.01.020_0030.01.aba.beta,True,30,12,0.5117628574371338,0.8164818286895752,0.0059010982513427734,1.3341457843780518,2751,23,2753,211,36496,3761,57207
all/randm16.02.02.01.020_0030.02.aba.beta,True,25,12,0.2117142677307129,0.3874990940093994,0.0055615901947021484,0.6047749519348145,1494,18,1494,243,17362,3386,53731
all/randm16.02.02.01.020_0030.03.aba.beta,True,24,11,0.3237476348876953,0.4995384216308594,0.003941059112548828,0.8272271156311035,2413,19,2416,248,32952,2497,39352
all/randm16.02.02.01.020_0030.04.aba.beta,True,27,12,0.22451400756835938,0.5273029804229736,0.0071561336517333984,0.7589731216430664,1042,22,1047,241,16550,4692,74067
all/randm16.02.02.01.020_0030.05.aba.beta,True,22,12,0.26903367042541504,1.2829351425170898,0.0030231475830078125,1.5549919605255127,4192,16,4194,242,54438,2010,30619
all/randm16.02.02.02.020_0030.01.aba.beta,True,27,15,0.2988777160644531,0.4940016269683838,0.002541780471801758,0.7954211235046387,1217,20,1232,204,14807,1725,26096
all/randm16.02.02.02.020_0030.02.aba.beta,True,27,15,0.5465903282165527,1.0942625999450684,0.004258871078491211,1.6451117992401123,3687,18,3691,268,47724,2874,44758
all/randm16.02.02.02.020_0030.03.aba.beta,True,28,15,2.1356968879699707,2.322641372680664,0.0045125484466552734,4.46285080909729,15256,16,15257,263,261211,2439,37581
all/randm16.02.02.02.020_0030.04.aba.beta,True,20,15,0.22667193412780762,0.37990880012512207,0.0040514469146728516,0.6106321811676025,1886,13,1886,181,21550,2304,35294
all/randm16.02.02.02.020_0030.05.aba.beta,True,31,15,0.4184589385986328,0.6473557949066162,0.0037560462951660156,1.069570779800415,3627,23,3627,234,54466,2691,40923
all/randm16.02.02.03.020_0030.01.aba.beta,True,9,11,0.03936600685119629,0.07434248924255371,0.0019991397857666016,0.1157076358795166,329,8,331,140,2760,1409,21997
all/randm16.02.02.03.020_0030.02.aba.beta,True,18,11,0.08712267875671387,0.16188740730285645,0.0017061233520507812,0.2507162094116211,694,14,694,157,7223,1243,18785
all/randm16.02.02.03.020_0030.03.aba.beta,True,11,11,0.0481572151184082,0.0920417308807373,0.0018496513366699219,0.14204859733581543,688,8,691,148,6599,943,14400
all/randm16.02.02.03.020_0030.04.aba.beta,True,10,11,0.04081988334655762,0.07880353927612305,0.002256631851196289,0.12188005447387695,420,7,420,146,3970,1610,24878
all/randm16.02.02.03.020_0030.05.aba.beta,True,11,11,0.06795287132263184,0.0972146987915039,0.0014812946319580078,0.16664886474609375,740,8,750,156,6815,1047,16245
all/randm16.02.02.04.020_0030.01.aba.beta,True,9,13,0.042040109634399414,0.10231208801269531,0.0016276836395263672,0.1459798812866211,300,8,308,122,2310,1178,18320
all/randm16.02.02.04.020_0030.02.aba.beta,True,17,13,0.09904360771179199,0.17908906936645508,0.002495288848876953,0.280627965927124,558,13,576,177,5538,1478,23031
all/randm16.02.02.04.020_0030.03.aba.beta,True,9,13,0.08349204063415527,0.10630679130554199,0.0012385845184326172,0.19103741645812988,843,5,862,170,9091,880,13832
all/randm16.02.02.04.020_0030.04.aba.beta,True,9,13,0.04771065711975098,0.0684361457824707,0.001667022705078125,0.1178138256072998,318,7,331,92,2408,776,11874
all/randm16.02.02.04.020_0030.05.aba.beta,True,13,13,0.07539820671081543,0.1286625862121582,0.003252744674682617,0.20731353759765625,546,9,546,146,5224,2127,33820
all/randm16.02.02.05.020_0030.01.aba.beta,True,27,13,0.2756950855255127,0.4051969051361084,0.004914283752441406,0.6858062744140625,1037,21,1038,205,15318,3320,52427
all/randm16.02.02.05.020_0030.02.aba.beta,True,26,13,0.2504997253417969,0.4863135814666748,0.0045375823974609375,0.7413508892059326,1636,19,1642,197,18658,3008,47656
all/randm16.02.02.05.020_0030.03.aba.beta,True,23,13,0.20692658424377441,0.413250207901001,0.004315376281738281,0.6244921684265137,1065,18,1091,249,16362,3147,48772
all/randm16.02.02.05.020_0030.04.aba.beta,True,25,13,0.338181734085083,0.491710901260376,0.0031769275665283203,0.8330695629119873,2867,19,2867,190,40030,2223,33744
all/randm16.02.02.05.020_0030.05.aba.beta,True,18,13,0.13871097564697266,0.28793978691101074,0.0030717849731445312,0.42972254753112793,881,14,897,201,9749,2316,36364
all/randm16.02.02.06.020_0030.01.aba.beta,True,10,12,0.059723615646362305,0.09901785850524902,0.0021114349365234375,0.16085290908813477,334,8,355,159,3089,1228,19071
all/randm16.02.02.06.020_0030.02.aba.beta,True,12,12,0.05800604820251465,0.09077334403991699,0.001461029052734375,0.15024042129516602,370,10,391,131,3610,756,11220
all/randm16.02.02.06.020_0030.03.aba.beta,True,21,12,0.1331954002380371,0.17919421195983887,0.0019373893737792969,0.3143270015716553,523,15,527,149,7763,1370,21200
all/randm16.02.02.06.020_0030.04.aba.beta,True,9,12,0.04368281364440918,0.07543373107910156,0.001116037368774414,0.12023258209228516,269,7,285,127,1970,814,12340
all/randm16.02.02.06.020_0030.05.aba.beta,True,10,12,0.041166067123413086,0.08110380172729492,0.0018923282623291016,0.12416219711303711,297,9,313,121,2234,1380,21431
all/randm16.02.02.07.020_0030.01.aba.beta,True,16,11,0.08551502227783203,0.1137845516204834,0.0026395320892333984,0.20193910598754883,421,12,423,146,4444,1709,26094
all/randm16.02.02.07.020_0030.02.aba.beta,True,9,10,0.037949323654174805,0.04612922668457031,0.0016057491302490234,0.08568429946899414,270,6,270,120,2897,1151,17777
all/randm16.02.02.07.020_0030.03.aba.beta,True,13,11,0.05686140060424805,0.09814572334289551,0.0015223026275634766,0.15652942657470703,425,10,428,150,4851,1115,16965
all/randm16.02.02.07.020_0030.04.aba.beta,True,13,10,0.053069114685058594,0.07235097885131836,0.002578258514404297,0.12799835205078125,671,10,674,144,6990,1828,29126
all/randm16.02.02.07.020_0030.05.aba.beta,True,17,11,0.07929420471191406,0.15067458152770996,0.0036966800689697266,0.23366546630859375,717,13,726,200,6418,2442,38190
all/randm16.02.02.08.020_0030.01.aba.beta,True,20,14,0.2976562976837158,0.601637601852417,0.0025620460510253906,0.9018559455871582,2622,15,2622,200,26166,1675,25202
all/randm16.02.02.08.020_0030.02.aba.beta,True,15,14,0.2725839614868164,0.2972419261932373,0.0013532638549804688,0.5711791515350342,1799,9,1799,167,27957,915,13528
all/randm16.02.02.08.020_0030.03.aba.beta,True,21,14,0.2685515880584717,0.4628121852874756,0.0029697418212890625,0.7343335151672363,1675,15,1675,179,16295,2199,33790
all/randm16.02.02.08.020_0030.04.aba.beta,True,16,14,0.21464228630065918,0.3078453540802002,0.002706766128540039,0.5251944065093994,1696,10,1696,169,23490,1861,28374
all/randm16.02.02.08.020_0030.05.aba.beta,True,23,14,0.25847887992858887,0.73982834815979,0.0028657913208007812,1.0011730194091797,1597,18,1602,217,15360,1847,27614
all/randm16.02.02.09.020_0030.01.aba.beta,True,14,12,0.06920075416564941,0.0998542308807373,0.0009396076202392578,0.16999459266662598,851,9,852,128,7823,739,10971
all/randm16.02.02.09.020_0030.02.aba.beta,True,12,12,0.05013728141784668,0.07903003692626953,0.0010955333709716797,0.1302628517150879,464,8,477,134,4046,841,12567
all/randm16.02.02.09.020_0030.03.aba.beta,True,4,12,0.02367234230041504,0.03140401840209961,0.0008349418640136719,0.05591130256652832,418,2,425,114,3162,569,8994
all/randm16.02.02.09.020_0030.04.aba.beta,True,9,12,0.054630279541015625,0.07909798622131348,0.0012526512145996094,0.1349809169769287,453,7,471,135,4604,913,13867
all/randm16.02.02.09.020_0030.05.aba.beta,True,12,12,0.09792542457580566,0.10343790054321289,0.0010747909545898438,0.2024381160736084,886,7,895,134,8269,783,11921
all/randm16.02.02.10.020_0030.01.aba.beta,True,8,9,0.026069164276123047,0.037248849868774414,0.0012423992156982422,0.0645604133605957,307,6,313,106,2209,896,13877
all/randm16.02.02.10.020_0030.02.aba.beta,True,10,9,0.030359506607055664,0.0439295768737793,0.0011706352233886719,0.07545971870422363,246,7,266,126,2057,867,13166
all/randm16.02.02.10.020_0030.03.aba.beta,True,13,9,0.05326104164123535,0.05718803405761719,0.001790761947631836,0.11223983764648438,396,8,405,142,3907,1282,19667
all/randm16.02.02.10.020_0030.04.aba.beta,True,7,9,0.02213764190673828,0.03457474708557129,0.0014379024505615234,0.058150291442871094,306,4,306,108,2294,697,10782
all/randm16.02.02.10.020_0030.05.aba.beta,True,9,9,0.026088953018188477,0.043004512786865234,0.0014717578887939453,0.07056522369384766,307,7,307,122,2420,1147,18093
all/randm16.02.02.11.020_0030.01.aba.beta,True,14,13,0.10281968116760254,0.18568801879882812,0.0016663074493408203,0.2901740074157715,772,11,772,158,6680,1158,17459
all/randm16.02.02.11.020_0030.02.aba.beta,True,10,13,0.09941291809082031,0.11822080612182617,0.0013840198516845703,0.21901774406433105,1589,4,1590,145,15961,696,10746
all/randm16.02.02.11.020_0030.03.aba.beta,True,14,13,0.07411074638366699,0.13376951217651367,0.001168966293334961,0.20904922485351562,829,9,829,127,7717,896,13570
all/randm16.02.02.11.020_0030.04.aba.beta,True,23,13,0.20897173881530762,0.3493659496307373,0.0035941600799560547,0.561931848526001,901,18,912,169,10763,1967,29651
all/randm16.02.02.11.020_0030.05.aba.beta,True,18,13,0.11472487449645996,0.26410341262817383,0.0019197463989257812,0.38074803352355957,859,13,859,153,8820,1405,21144
all/randm16.02.02.12.020_0030.01.aba.beta,True,11,14,0.11075162887573242,0.18852996826171875,0.001600503921508789,0.30088210105895996,1536,6,1538,166,13909,1116,17693
all/randm16.02.02.12.020_0030.02.aba.beta,True,8,14,0.05252385139465332,0.08835673332214355,0.002069234848022461,0.14294981956481934,515,5,520,125,4013,1177,18568
all/randm16.02.02.12.020_0030.03.aba.beta,True,10,14,0.08272790908813477,0.11385273933410645,0.0012001991271972656,0.19778084754943848,901,3,907,139,8112,830,13311
all/randm16.02.02.12.020_0030.04.aba.beta,True,11,14,0.07871556282043457,0.12437200546264648,0.0008232593536376953,0.20391082763671875,909,5,910,116,7810,637,9728
all/randm16.02.02.12.020_0030.05.aba.beta,True,11,14,0.09197711944580078,0.18103766441345215,0.0013577938079833984,0.27437257766723633,609,7,615,162,6888,983,15092
all/randm16.02.02.13.020_0030.01.aba.beta,True,8,11,0.03480386734008789,0.06014132499694824,0.0008709430694580078,0.09581613540649414,384,5,385,115,2872,639,9804
all/randm16.02.02.13.020_0030.02.aba.beta,True,8,11,0.04925847053527832,0.06452083587646484,0.0021696090698242188,0.11594891548156738,740,4,742,140,6734,1110,17492
all/randm16.02.02.13.020_0030.03.aba.beta,True,10,11,0.035333871841430664,0.06978392601013184,0.001565694808959961,0.10668349266052246,298,9,301,128,2485,845,12540
all/randm16.02.02.13.020_0030.04.aba.beta,True,7,11,0.030609607696533203,0.04785799980163574,0.0011892318725585938,0.07965683937072754,286,6,301,96,1998,777,11882
all/randm16.02.02.13.020_0030.05.aba.beta,True,7,11,0.026925086975097656,0.04448962211608887,0.0008358955383300781,0.0722506046295166,375,5,386,123,2755,654,9988
all/randm16.02.02.14.020_0030.01.aba.beta,True,5,6,0.004715919494628906,0.006092071533203125,0.0007138252258300781,0.01152181625366211,114,4,114,54,689,582,8964
all/randm16.02.02.14.020_0030.02.aba.beta,True,1,6,0.0020592212677001953,0.0014727115631103516,0.0006949901580810547,0.0042269229888916016,79,1,80,44,404,543,8626
all/randm16.02.02.14.020_0030.03.aba.beta,True,1,6,0.0020780563354492188,0.0012412071228027344,0.0007457733154296875,0.004065036773681641,85,1,85,32,449,535,8590
all/randm16.02.02.14.020_0030.04.aba.beta,True,2,6,0.003384113311767578,0.0030639171600341797,0.0006847381591796875,0.007132768630981445,83,2,83,49,500,542,8668
all/randm16.02.02.14.020_0030.05.aba.beta,True,1,6,0.0033359527587890625,0.002104043960571289,0.0013442039489746094,0.006784200668334961,72,1,72,32,361,532,8571
all/randm16.02.02.15.020_0030.01.aba.beta,True,21,15,0.18162083625793457,0.3742220401763916,0.002285003662109375,0.5581278800964355,1105,14,1121,207,12044,1664,25232
all/randm16.02.02.15.020_0030.02.aba.beta,True,20,15,0.2311258316040039,0.8763437271118164,0.0023789405822753906,1.1098484992980957,1629,16,1629,175,14985,1779,26844
all/randm16.02.02.15.020_0030.03.aba.beta,True,17,15,0.1897122859954834,0.34807825088500977,0.002521991729736328,0.5403125286102295,993,13,997,191,9185,1536,23334
all/randm16.02.02.15.020_0030.04.aba.beta,True,20,15,0.23553204536437988,0.4680135250091553,0.0023050308227539062,0.7058506011962891,2142,12,2143,233,26199,1671,26513
all/randm16.02.02.15.020_0030.05.aba.beta,True,16,15,0.1785295009613037,0.2880856990814209,0.002679109573364258,0.46929430961608887,970,10,972,171,8724,1521,23684
all/randm16.02.02.16.020_0030.01.aba.beta,True,11,11,0.05482792854309082,0.0871744155883789,0.0016360282897949219,0.14363837242126465,361,10,363,138,4418,1206,18534
all/randm16.02.02.16.020_0030.02.aba.beta,True,17,11,0.07935810089111328,0.10720539093017578,0.001931905746459961,0.18849539756774902,430,12,435,127,4848,1347,20432
all/randm16.02.02.16.020_0030.03.aba.beta,True,13,11,0.059919118881225586,0.0817716121673584,0.001459360122680664,0.14315009117126465,459,10,476,123,4943,926,14252
all/randm16.02.02.16.020_0030.04.aba.beta,True,9,11,0.043402910232543945,0.055277109146118164,0.0008413791656494141,0.09952139854431152,690,5,696,131,6369,648,9939
all/randm16.02.02.16.020_0030.05.aba.beta,True,13,11,0.0641939640045166,0.09773087501525879,0.002075672149658203,0.1640005111694336,459,10,468,155,4137,1032,15569
all/randm16.02.02.17.020_0030.01.aba.beta,True,14,13,0.09418988227844238,0.17702627182006836,0.0018014907836914062,0.27301764488220215,594,10,601,172,7633,1371,21564
all/randm16.02.02.17.020_0030.02.aba.beta,True,17,14,0.17361783981323242,0.3808300495147705,0.002272367477416992,0.5567202568054199,1500,13,1500,194,13977,1642,25127
all/randm16.02.02.17.020_0030.03.aba.beta,True,20,14,0.16276049613952637,0.3162558078765869,0.003586292266845703,0.482602596282959,702,15,706,180,9193,2575,39908
all/randm16.02.02.17.020_0030.04.aba.beta,True,18,13,0.14369750022888184,0.21918511390686035,0.002027273178100586,0.3649098873138428,884,14,891,167,7890,1478,22209
all/randm16.02.02.17.020_0030.05.aba.beta,True,21,13,0.13837122917175293,0.2934696674346924,0.0030126571655273438,0.43485355377197266,619,18,627,187,7283,2175,33379
all/randm16.02.02.18.020_0030.01.aba.beta,True,23,10,0.18450641632080078,0.19080090522766113,0.003956317901611328,0.37926363945007324,555,18,555,173,10299,2381,36576
all/randm16.02.02.18.020_0030.02.aba.beta,True,23,10,0.14977335929870605,0.22720861434936523,0.0026051998138427734,0.37958717346191406,866,17,866,190,10397,1891,28683
all/randm16.02.02.18.020_0030.03.aba.beta,True,22,10,0.12269091606140137,0.18666505813598633,0.004228353500366211,0.3135843276977539,707,18,707,218,9433,2581,39422
all/randm16.02.02.18.020_0030.04.aba.beta,True,17,10,0.08389782905578613,0.12301826477050781,0.002578258514404297,0.20949435234069824,484,13,488,187,5164,1868,28475
all/randm16.02.02.18.020_0030.05.aba.beta,True,20,10,0.13250517845153809,0.19080352783203125,0.0032300949096679688,0.3265388011932373,1109,16,1109,171,16181,2058,31508
all/randm16.02.02.19.020_0030.01.aba.beta,True,19,13,0.183760404586792,0.3715324401855469,0.00393223762512207,0.5592250823974609,1771,13,1780,257,19744,1933,30212
all/randm16.02.02.19.020_0030.02.aba.beta,True,20,13,0.20069313049316406,0.4096837043762207,0.0027763843536376953,0.6131532192230225,2391,13,2391,218,23006,1841,28688
all/randm16.02.02.19.020_0030.03.aba.beta,True,22,13,0.20317721366882324,0.46933579444885254,0.004564762115478516,0.6770777702331543,942,17,946,273,9839,3006,46836
all/randm16.02.02.19.020_0030.04.aba.beta,True,20,13,0.12533807754516602,0.2076554298400879,0.0018460750579833984,0.3348395824432373,977,16,983,167,11951,1400,20917
all/randm16.02.02.19.020_0030.05.aba.beta,True,30,13,0.4048922061920166,0.7896904945373535,0.005869865417480469,1.2004525661468506,1561,25,1561,258,16193,3583,54609
all/randm17.02.02.01.020_0030.01.aba.beta,True,16,14,0.1303863525390625,0.2861216068267822,0.0022420883178710938,0.4187500476837158,903,12,909,170,8263,1178,17619
all/randm17.02.02.01.020_0030.02.aba.beta,True,23,14,0.3052852153778076,0.5216550827026367,0.0038967132568359375,0.8308370113372803,1818,18,1839,251,22664,2747,42232
all/randm17.02.02.01.020_0030.03.aba.beta,True,20,13,0.1980452537536621,0.3995628356933594,0.002448558807373047,0.6000566482543945,1612,14,1612,194,17387,1727,26926
all/randm17.02.02.01.020_0030.04.aba.beta,True,20,14,0.19527935981750488,0.36843442916870117,0.005541324615478516,0.5692551136016846,1076,15,1076,235,12089,3705,58120
all/randm17.02.02.01.020_0030.05.aba.beta,True,19,13,0.1685044765472412,0.26290321350097656,0.0019600391387939453,0.4333677291870117,1557,13,1557,146,19805,1274,19120
all/randm17.02.02.02.020_0030.01.aba.beta,True,10,12,0.044449567794799805,0.09312129020690918,0.001538991928100586,0.13910984992980957,441,8,441,163,3730,1038,16095
all/randm17.02.02.02.020_0030.02.aba.beta,True,9,12,0.03781461715698242,0.06630277633666992,0.0012631416320800781,0.10538053512573242,433,7,433,121,3238,765,11480
all/randm17.02.02.02.020_0030.03.aba.beta,True,27,12,0.17561650276184082,0.29190993309020996,0.004720926284790039,0.4722473621368408,894,20,897,202,10228,3068,47705
all/randm17.02.02.02.020_0030.04.aba.beta,True,16,12,0.07028055191040039,0.12389230728149414,0.001756429672241211,0.19592928886413574,507,13,507,156,5447,1337,20510
all/randm17.02.02.02.020_0030.05.aba.beta,True,17,12,0.0812997817993164,0.1893177032470703,0.0032269954681396484,0.27384448051452637,485,14,488,183,4922,2481,38533
all/randm17.02.02.03.020_0030.01.aba.beta,True,11,14,0.05101466178894043,0.1002814769744873,0.001600503921508789,0.15289664268493652,887,7,889,136,7585,1134,17463
all/randm17.02.02.03.020_0030.02.aba.beta,True,14,14,0.08463597297668457,0.186690092086792,0.002251863479614258,0.2735779285430908,561,11,566,165,5523,1449,22341
all/randm17.02.02.03.020_0030.03.aba.beta,True,14,13,0.09167027473449707,0.1452162265777588,0.0029027462005615234,0.23978924751281738,904,10,910,152,7910,2051,32129
all/randm17.02.02.03.020_0030.04.aba.beta,True,16,13,0.11687064170837402,0.28289008140563965,0.003907918930053711,0.4036686420440674,779,12,779,184,6581,2337,36060
all/randm17.02.02.03.020_0030.05.aba.beta,True,17,14,0.11896491050720215,0.2566244602203369,0.0027353763580322266,0.3783247470855713,933,13,939,184,9093,1849,29111
all/randm17.02.02.04.020_0030.01.aba.beta,True,27,16,0.8234071731567383,7.958758592605591,0.0029230117797851562,8.785088777542114,6951,18,6951,207,103079,1807,28052
all/randm17.02.02.04.020_0030.02.aba.beta,True,31,16,0.7228989601135254,2.478316307067871,0.002955198287963867,3.2041704654693604,3894,23,3894,196,57534,1933,28263
all/randm17.02.02.04.020_0030.03.aba.beta,True,25,16,0.460038423538208,1.0815083980560303,0.00391077995300293,1.5454576015472412,3654,17,3657,212,42408,2263,34412
all/randm17.02.02.04.020_0030.04.aba.beta,True,27,16,0.8931469917297363,1.0162456035614014,0.003005504608154297,1.912398099899292,7416,18,7416,251,97501,2082,31751
all/randm17.02.02.04.020_0030.05.aba.beta,True,31,16,0.6934423446655273,2.2822580337524414,0.0051500797271728516,2.9808504581451416,6440,24,6440,262,79659,3170,48259
all/randm17.02.02.05.020_0030.01.aba.beta,True,10,10,0.04646420478820801,0.05120420455932617,0.0009653568267822266,0.0986337661743164,668,5,676,121,5899,724,11177
all/randm17.02.02.05.020_0030.02.aba.beta,True,9,10,0.031270742416381836,0.048171043395996094,0.0011239051818847656,0.0805656909942627,362,6,364,103,2709,803,12340
all/randm17.02.02.05.020_0030.03.aba.beta,True,6,10,0.02266716957092285,0.032961130142211914,0.0009961128234863281,0.056624412536621094,219,5,225,95,2156,666,10185
all/randm17.02.02.05.020_0030.04.aba.beta,True,9,10,0.03941059112548828,0.05385708808898926,0.0017538070678710938,0.09502148628234863,252,6,290,138,1874,829,12615
all/randm17.02.02.05.020_0030.05.aba.beta,True,7,10,0.02035975456237793,0.02960062026977539,0.0008587837219238281,0.05081915855407715,316,5,316,91,2137,647,9869
all/randm17.02.02.06.020_0030.01.aba.beta,True,34,14,0.7284789085388184,2.589864492416382,0.005631446838378906,3.323974847793579,10220,26,10220,271,151235,3904,60906
all/randm17.02.02.06.020_0030.02.aba.beta,True,24,14,0.47536659240722656,0.529228925704956,0.0033817291259765625,1.0079772472381592,3879,15,3879,248,52511,2282,35773
all/randm17.02.02.06.020_0030.03.aba.beta,True,35,14,0.5923094749450684,1.2759332656860352,0.008146286010742188,1.8763890266418457,1848,29,1848,319,23377,5434,83370
all/randm17.02.02.06.020_0030.04.aba.beta,True,19,13,0.2009749412536621,0.30324578285217285,0.0021953582763671875,0.5064160823822021,1549,13,1551,195,17363,1644,24394
all/randm17.02.02.06.020_0030.05.aba.beta,True,21,13,0.1916642189025879,0.39029908180236816,0.002936840057373047,0.5849001407623291,1498,17,1498,195,17790,2237,34238
all/randm17.02.02.07.020_0030.01.aba.beta,True,18,17,1.5981731414794922,2.4492547512054443,0.0027246475219726562,4.050152540206909,13217,9,13217,218,164208,1954,30831
all/randm17.02.02.07.020_0030.02.aba.beta,True,19,17,0.2201228141784668,0.5185768604278564,0.003010988235473633,0.7417106628417969,1872,15,1876,182,18633,2015,30556
all/randm17.02.02.07.020_0030.03.aba.beta,True,20,17,0.46830201148986816,0.7729306221008301,0.0021393299102783203,1.2433719635009766,3755,13,3755,190,41994,1157,17411
all/randm17.02.02.07.020_0030.04.aba.beta,True,28,17,0.3952968120574951,0.7529294490814209,0.004248380661010742,1.1524746417999268,1250,20,1267,207,15342,2744,41979
all/randm17.02.02.07.020_0030.05.aba.beta,True,24,17,0.635932445526123,1.8942615985870361,0.004030704498291016,2.53422474861145,6482,18,6484,249,73189,2408,37195
all/randm17.02.02.08.020_0030.01.aba.beta,True,17,14,0.16001200675964355,0.2526969909667969,0.0027353763580322266,0.41544437408447266,1612,12,1619,194,16032,1374,21181
all/randm17.02.02.08.020_0030.02.aba.beta,True,15,14,0.14516830444335938,0.22777056694030762,0.0019309520721435547,0.37486982345581055,1017,9,1017,163,9065,1227,19133
all/randm17.02.02.08.020_0030.03.aba.beta,True,11,14,0.08804512023925781,0.16391539573669434,0.001314401626586914,0.25327491760253906,633,8,640,157,5742,994,15043
all/randm17.02.02.08.020_0030.04.aba.beta,True,15,14,0.16917896270751953,0.22546148300170898,0.0013442039489746094,0.3959846496582031,3114,9,3114,176,35887,982,15046
all/randm17.02.02.08.020_0030.05.aba.beta,True,17,14,0.1632366180419922,0.24502348899841309,0.002326488494873047,0.4105865955352783,961,11,973,173,9144,1321,20093
all/randm17.02.02.09.020_0030.01.aba.beta,True,12,13,0.10466742515563965,0.17611956596374512,0.002062082290649414,0.2828490734100342,2617,7,2617,189,26781,1166,18125
all/randm17.02.02.09.020_0030.02.aba.beta,True,18,14,0.09817290306091309,0.2118206024169922,0.0016853809356689453,0.3116788864135742,2607,13,2607,177,25418,1192,18021
all/randm17.02.02.09.020_0030.03.aba.beta,True,16,14,0.1061854362487793,0.17968463897705078,0.0029115676879882812,0.28878164291381836,475,13,476,148,7327,1590,24171
all/randm17.02.02.09.020_0030.04.aba.beta,True,20,14,0.16634464263916016,0.2924220561981201,0.0037114620208740234,0.4624781608581543,654,16,686,194,7495,1916,29901
all/randm17.02.02.09.020_0030.05.aba.beta,True,16,14,0.20863056182861328,0.2554185390472412,0.002415180206298828,0.4664642810821533,1865,10,1865,187,27171,1759,27497
all/randm17.02.02.10.020_0030.01.aba.beta,True,8,10,0.027920007705688477,0.030722618103027344,0.0015070438385009766,0.0601496696472168,268,7,268,78,2872,1136,17749
all/randm17.02.02.10.020_0030.02.aba.beta,True,6,10,0.03244900703430176,0.03069472312927246,0.0012829303741455078,0.06442666053771973,318,5,338,148,3719,936,14877
all/randm17.02.02.10.020_0030.03.aba.beta,True,11,11,0.05834794044494629,0.06746244430541992,0.0012390613555908203,0.12704944610595703,490,7,534,185,4771,922,14200
all/randm17.02.02.10.020_0030.04.aba.beta,True,4,11,0.01642131805419922,0.02180314064025879,0.0008451938629150391,0.03906965255737305,218,3,223,90,1423,647,10130
all/randm17.02.02.10.020_0030.05.aba.beta,True,6,11,0.018785953521728516,0.03160881996154785,0.0007812976837158203,0.05117607116699219,228,4,229,85,1510,619,9591
all/randm17.02.02.11.020_0030.01.aba.beta,True,12,13,0.06187796592712402,0.12111163139343262,0.001043558120727539,0.18403315544128418,854,8,860,145,8362,788,11888
all/randm17.02.02.11.020_0030.02.aba.beta,True,10,13,0.04908251762390137,0.07051396369934082,0.0008072853088378906,0.12040376663208008,788,5,788,124,6443,615,9439
all/randm17.02.02.11.020_0030.03.aba.beta,True,16,13,0.10903263092041016,0.23772192001342773,0.0016131401062011719,0.34836769104003906,762,13,763,151,6555,1187,17637
all/randm17.02.02.11.020_0030.04.aba.beta,True,13,13,0.08133220672607422,0.1170814037322998,0.0015497207641601562,0.19996333122253418,862,7,862,126,8657,718,10892
all/randm17.02.02.11.020_0030.05.aba.beta,True,9,13,0.06107211112976074,0.08397436141967773,0.001035928726196289,0.14608240127563477,846,5,846,149,7297,696,10954
all/randm17.02.02.12.020_0030.01.aba.beta,True,26,15,0.30053162574768066,0.8512094020843506,0.0039997100830078125,1.155740737915039,1033,21,1039,230,12007,2899,44172
all/randm17.02.02.12.020_0030.02.aba.beta,True,20,15,0.31925225257873535,0.6621663570404053,0.00359344482421875,0.9850120544433594,1718,15,1719,238,16293,2377,36490
all/randm17.02.02.12.020_0030.03.aba.beta,True,15,15,0.44299912452697754,2.5253520011901855,0.0027260780334472656,2.9710772037506104,5634,8,5634,177,63649,1719,27668
all/randm17.02.02.12.020_0030.04.aba.beta,True,29,15,0.3535490036010742,1.409073829650879,0.0047512054443359375,1.767374038696289,2937,24,2937,258,29350,2832,44025
all/randm17.02.02.12.020_0030.05.aba.beta,True,17,14,0.15047097206115723,0.29738736152648926,0.0021429061889648438,0.45000123977661133,909,12,911,177,12079,1394,21170
all/randm17.02.02.13.020_0030.01.aba.beta,True,32,16,0.5401589870452881,1.2645959854125977,0.010682344436645508,1.8154373168945312,3394,26,3394,262,36751,6480,100487
all/randm17.02.02.13.020_0030.02.aba.beta,True,29,16,0.6979961395263672,1.4756250381469727,0.004220008850097656,2.1778411865234375,3877,21,3877,227,52374,2651,40148
all/randm17.02.02.13.020_0030.03.aba.beta,True,39,16,0.8203723430633545,1.4672443866729736,0.009413003921508789,2.297029733657837,2207,32,2207,257,34088,5647,88206
all/randm17.02.02.13.020_0030.04.aba.beta,True,31,16,0.5002565383911133,0.7275552749633789,0.005678892135620117,1.2334907054901123,2198,22,2201,260,30122,3675,56974
all/randm17.02.02.13.020_0030.05.aba.beta,True,36,16,0.705721378326416,1.981546401977539,0.010013103485107422,2.6972808837890625,2140,28,2140,218,28579,6618,102940
all/randm17.02.02.14.020_0030.01.aba.beta,True,20,12,0.19666552543640137,0.3463563919067383,0.00319671630859375,0.5462186336517334,1496,13,1506,224,15842,2373,36814
all/randm17.02.02.14.020_0030.02.aba.beta,True,19,12,0.1273634433746338,0.22270750999450684,0.0020627975463867188,0.35213375091552734,861,14,861,169,12145,1580,23928
all/randm17.02.02.14.020_0030.03.aba.beta,True,19,12,0.10909366607666016,0.18974852561950684,0.002969503402709961,0.30181169509887695,724,15,727,152,6563,2022,30518
all/randm17.02.02.14.020_0030.04.aba.beta,True,18,12,0.13626956939697266,0.22253799438476562,0.003084421157836914,0.3618919849395752,887,14,887,152,11419,2043,31349
all/randm17.02.02.14.020_0030.05.aba.beta,True,22,11,0.10866212844848633,0.16241025924682617,0.002825498580932617,0.2738978862762451,811,18,820,183,9585,2064,31654
all/randm17.02.02.15.020_0030.01.aba.beta,True,5,8,0.013012886047363281,0.010526657104492188,0.0007600784301757812,0.02429962158203125,178,3,190,75,1148,552,8709
all/randm17.02.02.15.020_0030.02.aba.beta,True,5,8,0.014295339584350586,0.013486623764038086,0.000820159912109375,0.028602123260498047,173,4,174,81,1091,606,9347
all/randm17.02.02.15.020_0030.03.aba.beta,True,9,8,0.019643306732177734,0.030668020248413086,0.0014014244079589844,0.051712751388549805,156,8,156,68,1007,931,14344
all/randm17.02.02.15.020_0030.04.aba.beta,True,4,8,0.01574993133544922,0.01432037353515625,0.0009028911590576172,0.030973196029663086,135,4,145,79,928,664,10187
all/randm17.02.02.15.020_0030.05.aba.beta,True,4,8,0.010950088500976562,0.011942386627197266,0.0008428096771240234,0.02373528480529785,167,3,168,82,1153,595,9378
all/randm17.02.02.16.020_0030.01.aba.beta,True,25,14,0.3758981227874756,1.0179052352905273,0.002276182174682617,1.3960795402526855,3375,18,3376,189,47728,1537,23066
all/randm17.02.02.16.020_0030.02.aba.beta,True,21,14,0.18734288215637207,0.271167516708374,0.0028989315032958984,0.461409330368042,1022,15,1058,237,10431,1899,29695
all/randm17.02.02.16.020_0030.03.aba.beta,True,21,14,0.20688509941101074,0.5226202011108398,0.002435922622680664,0.7319412231445312,3107,15,3107,199,34707,1489,22670
all/randm17.02.02.16.020_0030.04.aba.beta,True,22,14,0.446929931640625,0.7270748615264893,0.003440380096435547,1.1774451732635498,3667,14,3671,244,56491,2053,31690
all/randm17.02.02.16.020_0030.05.aba.beta,True,17,14,0.15155982971191406,0.2392711639404297,0.0013394355773925781,0.39217042922973633,1557,10,1560,155,15010,1011,15083
all/randm17.02.02.17.020_0030.01.aba.beta,True,31,16,1.7628965377807617,12.467005014419556,0.005033969879150391,14.234935522079468,12828,20,12828,276,226401,3248,49808
all/randm17.02.02.17.020_0030.02.aba.beta,True,28,16,1.6683838367462158,6.067013740539551,0.004329681396484375,7.739727258682251,12351,21,12351,243,177325,2754,42149
all/randm17.02.02.17.020_0030.03.aba.beta,True,30,16,1.7192912101745605,35.14123463630676,0.004923343658447266,36.86544919013977,16106,17,16106,251,289115,2608,40676
all/randm17.02.02.17.020_0030.04.aba.beta,True,34,15,1.614865779876709,10.18503189086914,0.011093854904174805,11.810991525650024,6769,25,6769,284,132100,6305,98845
all/randm17.02.02.17.020_0030.05.aba.beta,True,28,16,0.919926643371582,2.235320568084717,0.007844924926757812,3.1630921363830566,4301,19,4301,237,59472,4651,72619
all/randm17.02.02.18.020_0030.01.aba.beta,True,9,12,0.038993120193481445,0.06219625473022461,0.0013768672943115234,0.10256624221801758,443,7,443,102,3487,714,10987
all/randm17.02.02.18.020_0030.02.aba.beta,True,16,12,0.08385205268859863,0.13517165184020996,0.0015916824340820312,0.22061538696289062,524,12,531,153,6075,1102,16871
all/randm17.02.02.18.020_0030.03.aba.beta,True,8,12,0.03755044937133789,0.0650949478149414,0.0007560253143310547,0.10340142250061035,404,5,405,102,2867,593,9039
all/randm17.02.02.18.020_0030.04.aba.beta,True,7,12,0.04064774513244629,0.05765390396118164,0.0013539791107177734,0.0996556282043457,532,5,539,126,5203,747,11573
all/randm17.02.02.18.020_0030.05.aba.beta,True,11,12,0.06861424446105957,0.09518909454345703,0.0008893013000488281,0.16469264030456543,739,7,743,122,5948,679,10306
all/randm17.02.02.19.020_0030.01.aba.beta,True,18,14,0.13126301765441895,0.27248644828796387,0.0031890869140625,0.4069385528564453,945,13,954,168,10895,2482,38351
all/randm17.02.02.19.020_0030.02.aba.beta,True,16,14,0.09501338005065918,0.1670083999633789,0.0036323070526123047,0.2656540870666504,967,11,988,158,9297,2572,40261
all/randm17.02.02.19.020_0030.03.aba.beta,True,18,14,0.15754151344299316,0.37027549743652344,0.007314920425415039,0.5351319313049316,2592,13,2592,176,24855,5016,79149
all/randm17.02.02.19.020_0030.04.aba.beta,True,13,13,0.07175874710083008,0.16631674766540527,0.001963376998901367,0.24003887176513672,749,10,750,144,6045,1446,21842
all/randm17.02.02.19.020_0030.05.aba.beta,True,15,14,0.12888240814208984,0.2559363842010498,0.0030493736267089844,0.38786816596984863,1013,10,1021,159,10396,2025,31777
all/randm18.02.02.01.020_0030.01.aba.beta,True,17,18,0.40011096000671387,0.738987922668457,0.0021152496337890625,1.14121413230896,3913,11,3914,247,42881,1434,21952
all/randm18.02.02.01.020_0030.02.aba.beta,True,23,16,0.4962143898010254,3.8935585021972656,0.005716562271118164,4.395489454269409,3634,16,3634,199,43179,2971,47611
all/randm18.02.02.01.020_0030.03.aba.beta,True,16,18,0.28592944145202637,0.46466636657714844,0.0020287036895751953,0.75262451171875,2397,9,2397,204,25717,1246,19177
all/randm18.02.02.01.020_0030.04.aba.beta,True,19,18,0.40529751777648926,2.5697288513183594,0.002031564712524414,2.977057933807373,3902,13,3902,226,45671,1413,21299
all/randm18.02.02.01.020_0030.05.aba.beta,True,26,18,1.070253610610962,2.355318069458008,0.0036783218383789062,3.4292500019073486,8097,18,8097,235,97837,2673,40935
all/randm18.02.02.02.020_0030.01.aba.beta,True,16,16,0.2853245735168457,0.44679880142211914,0.003328084945678711,0.7354514598846436,2055,9,2057,192,20300,2048,32290
all/randm18.02.02.02.020_0030.02.aba.beta,True,9,16,0.09165000915527344,0.15305709838867188,0.0015540122985839844,0.2462611198425293,967,5,970,134,8906,1111,17268
all/randm18.02.02.02.020_0030.03.aba.beta,True,15,16,0.13802194595336914,0.30461573600769043,0.0022640228271484375,0.444901704788208,651,13,656,145,6974,1513,23897
all/randm18.02.02.02.020_0030.04.aba.beta,True,24,16,0.24814414978027344,0.48717617988586426,0.002893209457397461,0.7382135391235352,691,18,707,173,8199,2017,30271
all/randm18.02.02.02.020_0030.05.aba.beta,True,17,16,0.4331932067871094,0.49620485305786133,0.001668691635131836,0.9310667514801025,3849,11,3858,192,47037,1097,16462
all/randm18.02.02.03.020_0030.01.aba.beta,True,20,13,0.32613158226013184,0.377321720123291,0.002063751220703125,0.705517053604126,1679,14,1679,202,26239,1418,21533
all/randm18.02.02.03.020_0030.02.aba.beta,True,25,13,0.18545293807983398,0.3615753650665283,0.004053831100463867,0.5510821342468262,981,19,990,190,9812,2934,45510
all/randm18.02.02.03.020_0030.03.aba.beta,True,15,13,0.1032717227935791,0.15681147575378418,0.0023081302642822266,0.2623913288116455,544,10,555,149,5354,1289,19814
all/randm18.02.02.03.020_0030.04.aba.beta,True,15,13,0.0953681468963623,0.14410018920898438,0.0010943412780761719,0.24056267738342285,526,9,531,143,5210,818,12098
all/randm18.02.02.03.020_0030.05.aba.beta,True,28,13,0.23785734176635742,0.3554496765136719,0.003036975860595703,0.596343994140625,1594,23,1597,201,17602,2214,32770
all/randm18.02.02.04.020_0030.01.aba.beta,True,23,16,0.2646644115447998,0.5356378555297852,0.0031397342681884766,0.8034420013427734,1162,17,1178,179,14199,2121,33519
all/randm18.02.02.04.020_0030.02.aba.beta,True,12,16,0.09729981422424316,0.23118138313293457,0.002126932144165039,0.3306081295013428,383,10,395,156,3233,1236,18797
all/randm18.02.02.04.020_0030.03.aba.beta,True,11,16,0.11788702011108398,0.22457337379455566,0.0015864372253417969,0.34404683113098145,1031,6,1032,154,9101,1093,16896
all/randm18.02.02.04.020_0030.04.aba.beta,True,14,16,0.14978408813476562,0.31585025787353516,0.001699209213256836,0.4673335552215576,1808,7,1810,172,17625,779,11945
all/randm18.02.02.04.020_0030.05.aba.beta,True,17,16,0.3057377338409424,1.0769035816192627,0.0029790401458740234,1.385620355606079,3572,10,3572,196,43558,1605,25298
all/randm18.02.02.05.020_0030.01.aba.beta,True,16,14,0.1615450382232666,0.26355409622192383,0.002081155776977539,0.42718029022216797,1169,10,1181,236,15101,1391,21679
all/randm18.02.02.05.020_0030.02.aba.beta,True,29,14,0.5671799182891846,0.909156322479248,0.005411863327026367,1.481748104095459,3398,23,3398,284,40593,3274,50606
all/randm18.02.02.05.020_0030.03.aba.beta,True,17,14,0.11404776573181152,0.2303452491760254,0.0016880035400390625,0.346081018447876,420,15,426,158,4180,1333,20024
all/randm18.02.02.05.020_0030.04.aba.beta,True,20,14,0.19251060485839844,0.327559232711792,0.0030448436737060547,0.5231146812438965,1594,14,1601,185,16002,1685,26156
all/randm18.02.02.05.020_0030.05.aba.beta,True,24,14,0.26378583908081055,0.5449936389923096,0.002256155014038086,0.8110356330871582,1981,16,1981,187,32288,1627,24196
all/randm18.02.02.06.020_0030.01.aba.beta,True,18,14,0.7404851913452148,4.878542900085449,0.0016739368438720703,5.620702028274536,6139,9,6152,235,87725,1207,18601
all/randm18.02.02.06.020_0030.02.aba.beta,True,18,14,0.33136820793151855,0.9489495754241943,0.0020911693572998047,1.2824089527130127,2984,11,2984,191,30618,1322,20378
all/randm18.02.02.06.020_0030.03.aba.beta,True,15,14,0.13024401664733887,0.1873304843902588,0.0010898113250732422,0.3186643123626709,811,8,816,151,6952,771,11608
all/randm18.02.02.06.020_0030.04.aba.beta,True,17,14,0.2938365936279297,0.7554736137390137,0.0016255378723144531,1.0509357452392578,3001,10,3001,200,30700,1156,17807
all/randm18.02.02.06.020_0030.05.aba.beta,True,25,14,0.3473854064941406,1.918137550354004,0.00397181510925293,2.2694947719573975,1806,16,1810,214,24778,2327,35578
all/randm18.02.02.07.020_0030.01.aba.beta,True,24,16,0.41712355613708496,0.754918098449707,0.002514362335205078,1.174556016921997,3698,14,3698,230,41101,1743,26265
all/randm18.02.02.07.020_0030.02.aba.beta,True,25,16,1.261793613433838,5.542965412139893,0.005873680114746094,6.810632705688477,6735,16,6735,246,104866,3905,62036
all/randm18.02.02.07.020_0030.03.aba.beta,True,19,16,1.464937686920166,4.760196208953857,0.0032770633697509766,6.228410959243774,11293,10,11293,232,170550,1931,30098
all/randm18.02.02.07.020_0030.04.aba.beta,True,24,16,0.428480863571167,1.841191291809082,0.0048236846923828125,2.274495840072632,3357,16,3364,233,35891,3604,56639
all/randm18.02.02.07.020_0030.05.aba.beta,True,27,16,2.270325183868408,9.571885824203491,0.0035712718963623047,11.845782279968262,22516,17,22516,247,300337,2436,37581
all/randm18.02.02.08.020_0030.01.aba.beta,True,14,17,0.21411967277526855,0.3769340515136719,0.0011501312255859375,0.5922038555145264,4036,7,4036,182,45027,764,11527
all/randm18.02.02.08.020_0030.02.aba.beta,True,20,17,0.544163703918457,3.903353452682495,0.0017969608306884766,4.449314117431641,6684,12,6684,193,97776,1261,19283
all/randm18.02.02.08.020_0030.03.aba.beta,True,18,17,0.3050200939178467,1.2881217002868652,0.0017774105072021484,1.594919204711914,3513,11,3517,190,35595,1250,19165
all/randm18.02.02.08.020_0030.04.aba.beta,True,17,17,1.1747117042541504,3.5694515705108643,0.0016238689422607422,4.745787143707275,12793,9,12793,245,160078,1067,16446
all/randm18.02.02.08.020_0030.05.aba.beta,True,19,17,0.24900054931640625,0.5716819763183594,0.0022470951080322266,0.8229296207427979,1212,13,1225,203,13604,1279,19494
all/randm18.02.02.09.020_0030.01.aba.beta,True,20,12,0.12523770332336426,0.26000356674194336,0.0021920204162597656,0.3874332904815674,1315,16,1315,155,14057,1600,24067
all/randm18.02.02.09.020_0030.02.aba.beta,True,20,12,0.11082959175109863,0.18727731704711914,0.0038661956787109375,0.3019731044769287,596,16,596,179,10119,2566,40503
all/randm18.02.02.09.020_0030.03.aba.beta,True,16,12,0.07608318328857422,0.12354063987731934,0.0018820762634277344,0.2015058994293213,541,12,565,155,6582,1435,21411
all/randm18.02.02.09.020_0030.04.aba.beta,True,23,12,0.14749741554260254,0.2554910182952881,0.003580808639526367,0.406569242477417,908,17,912,180,12685,2391,36971
all/randm18.02.02.09.020_0030.05.aba.beta,True,12,11,0.0426180362701416,0.0671694278717041,0.0014979839324951172,0.11128544807434082,710,7,710,127,5948,794,12052
all/randm18.02.02.10.020_0030.01.aba.beta,True,16,14,0.1657581329345703,0.25381994247436523,0.002585172653198242,0.4221632480621338,938,12,940,213,8646,1440,21844
all/randm18.02.02.10.020_0030.02.aba.beta,True,21,14,0.3527846336364746,1.034381628036499,0.0016536712646484375,1.388819932937622,2995,14,2995,195,31935,1126,16569
all/randm18.02.02.10.020_0030.03.aba.beta,True,23,14,0.24526667594909668,0.36905789375305176,0.0027217864990234375,0.6170463562011719,935,18,935,207,9613,1947,29463
all/randm18.02.02.10.020_0030.04.aba.beta,True,28,14,0.2845273017883301,0.5691206455230713,0.004136800765991211,0.8577847480773926,1007,23,1007,233,11584,2796,43604
all/randm18.02.02.10.020_0030.05.aba.beta,True,18,14,0.3084855079650879,1.042574405670166,0.0016937255859375,1.3527536392211914,3337,10,3337,189,41933,854,12592
all/randm18.02.02.11.020_0030.01.aba.beta,True,23,15,0.21747827529907227,0.41144585609436035,0.003013134002685547,0.6319372653961182,649,17,652,174,8602,1894,28416
all/randm18.02.02.11.020_0030.02.aba.beta,True,18,14,0.18626022338867188,0.2946512699127197,0.0023152828216552734,0.4832267761230469,1097,12,1113,185,12630,1649,25496
all/randm18.02.02.11.020_0030.03.aba.beta,True,28,14,0.2975449562072754,0.48047876358032227,0.007476329803466797,0.7855000495910645,1080,22,1085,238,15171,4068,63771
all/randm18.02.02.11.020_0030.04.aba.beta,True,30,15,0.7254040241241455,1.26497220993042,0.006432533264160156,1.9968087673187256,3674,23,3676,231,62733,3912,60582
all/randm18.02.02.11.020_0030.05.aba.beta,True,23,15,0.3614156246185303,0.8833222389221191,0.0020220279693603516,1.2467598915100098,3565,15,3565,205,50600,1414,21023
all/randm18.02.02.12.020_0030.01.aba.beta,True,16,11,0.08038592338562012,0.12505340576171875,0.002058267593383789,0.20749759674072266,459,12,472,157,4216,1476,22290
all/randm18.02.02.12.020_0030.02.aba.beta,True,24,11,0.13227462768554688,0.2057511806488037,0.0034809112548828125,0.3415067195892334,888,18,888,175,11479,2301,35148
all/randm18.02.02.12.020_0030.03.aba.beta,True,20,11,0.12795519828796387,0.14902305603027344,0.002231121063232422,0.2792093753814697,835,15,835,156,9701,1755,26358
all/randm18.02.02.12.020_0030.04.aba.beta,True,15,11,0.05815601348876953,0.10633111000061035,0.0026268959045410156,0.1671140193939209,344,12,386,181,3263,1766,27426
all/randm18.02.02.12.020_0030.05.aba.beta,True,17,11,0.08185076713562012,0.11423945426940918,0.001722574234008789,0.19781279563903809,540,12,553,140,5690,1148,17375
all/randm18.02.02.13.020_0030.01.aba.beta,True,9,8,0.02699136734008789,0.04294085502624512,0.0014178752899169922,0.07135009765625,233,7,247,116,2809,957,14933
all/randm18.02.02.13.020_0030.02.aba.beta,True,3,8,0.01125478744506836,0.009553909301757812,0.0009779930114746094,0.02178668975830078,169,3,170,91,2528,735,11500
all/randm18.02.02.13.020_0030.03.aba.beta,True,5,8,0.009933710098266602,0.01819753646850586,0.0011107921600341797,0.02924203872680664,180,4,181,83,1245,740,11509
all/randm18.02.02.13.020_0030.04.aba.beta,True,7,8,0.01716923713684082,0.02225470542907715,0.001115560531616211,0.04053950309753418,233,6,240,119,2841,888,14087
all/randm18.02.02.13.020_0030.05.aba.beta,True,3,8,0.006402730941772461,0.007416486740112305,0.0008950233459472656,0.014714241027832031,166,2,166,74,1704,637,10168
all/randm18.02.02.14.020_0030.01.aba.beta,True,26,15,0.28787660598754883,0.8821933269500732,0.0028374195098876953,1.1729073524475098,1825,21,1828,211,17886,1999,29432
all/randm18.02.02.14.020_0030.02.aba.beta,True,15,15,0.12085151672363281,0.3305683135986328,0.0034351348876953125,0.45485496520996094,943,9,943,195,8754,2345,36917
all/randm18.02.02.14.020_0030.03.aba.beta,True,18,15,0.1408998966217041,0.3383195400238037,0.004589080810546875,0.4838085174560547,644,14,657,202,6395,3180,49758
all/randm18.02.02.14.020_0030.04.aba.beta,True,25,15,0.4080522060394287,0.9948434829711914,0.004703998565673828,1.407599687576294,1928,18,1928,234,24061,3075,48135
all/randm18.02.02.14.020_0030.05.aba.beta,True,16,15,0.13414359092712402,0.3242778778076172,0.0026683807373046875,0.4610898494720459,980,13,980,204,9007,1782,27085
all/randm18.02.02.15.020_0030.01.aba.beta,True,25,15,0.34946680068969727,0.6365034580230713,0.003906726837158203,0.9898769855499268,1990,17,1990,227,22420,2230,34293
all/randm18.02.02.15.020_0030.02.aba.beta,True,19,14,0.21091723442077637,0.44661855697631836,0.003929853439331055,0.6614656448364258,3032,13,3032,222,33978,2532,39505
all/randm18.02.02.15.020_0030.03.aba.beta,True,25,15,0.41967296600341797,0.9319596290588379,0.006439924240112305,1.3580725193023682,1875,18,1875,211,19353,3503,54740
all/randm18.02.02.15.020_0030.04.aba.beta,True,26,15,0.2575960159301758,0.7745380401611328,0.003302335739135742,1.0354363918304443,1752,20,1752,206,19251,2137,32180
all/randm18.02.02.15.020_0030.05.aba.beta,True,23,15,0.3617877960205078,0.6752803325653076,0.005779266357421875,1.0428473949432373,3063,17,3063,244,33237,3532,55947
all/randm18.02.02.16.020_0030.01.aba.beta,True,15,14,0.15229392051696777,0.32087182998657227,0.0028586387634277344,0.4760243892669678,926,10,926,176,8721,1997,31108
all/randm18.02.02.16.020_0030.02.aba.beta,True,18,14,0.14008092880249023,0.31927990913391113,0.0020232200622558594,0.4613840579986572,927,14,927,163,8583,1430,21435
all/randm18.02.02.16.020_0030.03.aba.beta,True,18,14,0.20761632919311523,0.4201700687408447,0.0021598339080810547,0.629946231842041,1604,13,1611,186,16450,1334,19814
all/randm18.02.02.16.020_0030.04.aba.beta,True,12,14,0.07787632942199707,0.15555191040039062,0.0011932849884033203,0.23462152481079102,368,8,379,154,4788,888,13548
all/randm18.02.02.16.020_0030.05.aba.beta,True,15,14,0.18592619895935059,0.7252006530761719,0.0012009143829345703,0.912327766418457,3099,9,3099,190,36634,922,13837
all/randm18.02.02.17.020_0030.01.aba.beta,True,16,15,0.1840527057647705,0.3334333896636963,0.002069234848022461,0.5195553302764893,951,11,951,172,8490,1440,21936
all/randm18.02.02.17.020_0030.02.aba.beta,True,22,15,0.2024533748626709,0.4510955810546875,0.0022253990173339844,0.6557743549346924,1086,18,1088,230,10805,1697,25482
all/randm18.02.02.17.020_0030.03.aba.beta,True,18,15,0.15399670600891113,0.30611133575439453,0.001912832260131836,0.4620208740234375,649,12,685,202,6465,1198,17673
all/randm18.02.02.17.020_0030.04.aba.beta,True,17,15,0.15486955642700195,0.355302095413208,0.0013842582702636719,0.5115559101104736,910,14,912,149,7767,1017,14996
all/randm18.02.02.17.020_0030.05.aba.beta,True,14,15,0.12039065361022949,0.23743939399719238,0.0013172626495361328,0.359147310256958,940,9,940,172,8300,1030,15512
all/randm18.02.02.18.020_0030.01.aba.beta,True,4,7,0.006930351257324219,0.007596254348754883,0.0007648468017578125,0.015291452407836914,180,3,187,83,1528,579,9056
all/randm18.02.02.18.020_0030.02.aba.beta,True,2,7,0.006475687026977539,0.006079912185668945,0.0014100074768066406,0.013965606689453125,82,2,84,45,407,598,9484
all/randm18.02.02.18.020_0030.03.aba.beta,True,7,7,0.018248796463012695,0.024277687072753906,0.0016450881958007812,0.04417157173156738,151,6,151,72,992,842,13052
all/randm18.02.02.18.020_0030.04.aba.beta,True,4,7,0.008151531219482422,0.010288476943969727,0.0008370876312255859,0.019277095794677734,205,3,210,98,1906,614,9604
all/randm18.02.02.18.020_0030.05.aba.beta,True,3,7,0.00825953483581543,0.010078907012939453,0.0009458065032958984,0.01928424835205078,115,3,121,70,1129,591,9226
all/randm18.02.02.19.020_0030.01.aba.beta,True,21,15,0.5241727828979492,0.6209425926208496,0.0024373531341552734,1.147552728652954,3585,13,3586,208,42047,1700,26138
all/randm18.02.02.19.020_0030.02.aba.beta,True,17,15,0.22276926040649414,0.562307596206665,0.0015285015106201172,0.7866053581237793,1769,12,1769,181,17661,1094,16525
all/randm18.02.02.19.020_0030.03.aba.beta,True,25,15,0.3107028007507324,0.6005690097808838,0.0031213760375976562,0.9143931865692139,1732,20,1743,214,17370,2216,32926
all/randm18.02.02.19.020_0030.04.aba.beta,True,16,15,0.292832612991333,0.3152127265930176,0.001543283462524414,0.609588623046875,3815,7,3820,178,44042,723,10900
all/randm18.02.02.19.020_0030.05.aba.beta,True,13,15,0.10633683204650879,0.20528173446655273,0.0011134147644042969,0.3127319812774658,600,9,608,134,6337,809,12193
all/randm19.02.02.01.020_0030.01.aba.beta,True,21,16,0.1634044647216797,0.3449826240539551,0.002644062042236328,0.5110311508178711,1169,15,1169,198,11217,2051,31811
all/randm19.02.02.01.020_0030.02.aba.beta,True,18,16,0.17528581619262695,0.3897528648376465,0.0020325183868408203,0.5670711994171143,2008,11,2008,191,20675,1413,21453
all/randm19.02.02.01.020_0030.03.aba.beta,True,13,16,0.17120647430419922,0.2720680236816406,0.0009970664978027344,0.4442715644836426,3633,7,3640,199,39022,767,11641
all/randm19.02.02.01.020_0030.04.aba.beta,True,13,16,0.1444549560546875,0.3144991397857666,0.002886533737182617,0.4618406295776367,1040,8,1064,177,9820,1754,27887
all/randm19.02.02.01.020_0030.05.aba.beta,True,27,16,0.7556407451629639,2.341118335723877,0.003514528274536133,3.100273609161377,3903,17,3937,257,53820,2460,38242
all/randm19.02.02.02.020_0030.01.aba.beta,True,26,15,0.7630724906921387,16.96161150932312,0.004800558090209961,17.72948455810547,3321,19,3321,275,43843,3420,52865
all/randm19.02.02.02.020_0030.02.aba.beta,True,22,15,0.6402716636657715,5.109077453613281,0.0028972625732421875,5.752246379852295,5950,14,5950,222,66161,1775,27215
all/randm19.02.02.02.020_0030.03.aba.beta,True,20,15,1.577754259109497,111.73393893241882,0.0027828216552734375,113.3144760131836,18473,11,18473,239,283357,1661,25769
all/randm19.02.02.02.020_0030.04.aba.beta,True,36,15,0.7918553352355957,21.60768461227417,0.0062618255615234375,22.40580177307129,5521,29,5521,308,61390,4108,63027
all/randm19.02.02.02.020_0030.05.aba.beta,True,28,15,2.0022895336151123,20.976562976837158,0.004930973052978516,22.98378348350525,20037,17,20037,256,263994,3068,47448
all/randm19.02.02.03.020_0030.01.aba.beta,True,10,11,0.04721856117248535,0.08367633819580078,0.0024263858795166016,0.13332128524780273,447,8,447,146,5252,1512,23320
all/randm19.02.02.03.020_0030.02.aba.beta,True,4,11,0.020889759063720703,0.036360979080200195,0.0010001659393310547,0.05825090408325195,225,4,235,118,1714,701,10909
all/randm19.02.02.03.020_0030.03.aba.beta,True,7,11,0.026537656784057617,0.04834270477294922,0.0017054080963134766,0.07658576965332031,336,5,340,117,4368,814,12634
all/randm19.02.02.03.020_0030.04.aba.beta,True,6,11,0.024118661880493164,0.04204082489013672,0.0011091232299804688,0.06726861000061035,243,6,251,123,2334,795,12611
all/randm19.02.02.03.020_0030.05.aba.beta,True,12,11,0.046944379806518555,0.0815272331237793,0.0017840862274169922,0.13025569915771484,731,8,731,155,7272,1310,20274
all/randm19.02.02.04.020_0030.01.aba.beta,True,14,10,0.046056270599365234,0.07088613510131836,0.0023374557495117188,0.11927986145019531,614,11,614,146,5207,1694,26299
all/randm19.02.02.04.020_0030.02.aba.beta,True,11,10,0.03267669677734375,0.04224538803100586,0.0009944438934326172,0.07591652870178223,401,8,401,99,3503,751,11147
all/randm19.02.02.04.020_0030.03.aba.beta,True,10,10,0.055188655853271484,0.05955338478088379,0.0013773441314697266,0.116119384765625,741,6,742,145,8224,998,15488
all/randm19.02.02.04.020_0030.04.aba.beta,True,13,10,0.05226755142211914,0.09031510353088379,0.0018808841705322266,0.14446353912353516,605,9,610,169,5258,905,13857
all/randm19.02.02.04.020_0030.05.aba.beta,True,18,10,0.13045692443847656,0.15897393226623535,0.0025742053985595703,0.2920050621032715,935,14,935,146,8072,1376,21072
all/randm19.02.02.05.020_0030.01.aba.beta,True,18,13,0.16552019119262695,0.3606295585632324,0.0020995140075683594,0.5282492637634277,907,13,907,189,9884,1501,22831
all/randm19.02.02.05.020_0030.02.aba.beta,True,15,13,0.11241030693054199,0.22849416732788086,0.0021305084228515625,0.3430349826812744,855,10,862,169,7216,1265,19130
all/randm19.02.02.05.020_0030.03.aba.beta,True,10,13,0.15558910369873047,0.24110984802246094,0.0010151863098144531,0.39771413803100586,2703,5,2706,172,27789,733,11229
all/randm19.02.02.05.020_0030.04.aba.beta,True,15,13,0.10183572769165039,0.24672269821166992,0.0014116764068603516,0.34997010231018066,1322,10,1322,167,11583,921,13797
all/randm19.02.02.05.020_0030.05.aba.beta,True,11,13,0.08063626289367676,0.17041492462158203,0.0012612342834472656,0.25231242179870605,736,6,738,143,5894,910,14133
all/randm19.02.02.06.020_0030.01.aba.beta,True,13,15,0.12344503402709961,0.22485876083374023,0.0015239715576171875,0.34982776641845703,689,10,701,169,6083,1116,17096
all/randm19.02.02.06.020_0030.02.aba.beta,True,11,15,0.1024484634399414,0.16029095649719238,0.000997781753540039,0.26373720169067383,1041,6,1048,134,9522,728,11192
all/randm19.02.02.06.020_0030.03.aba.beta,True,14,15,0.07698917388916016,0.168320894241333,0.0009052753448486328,0.2462153434753418,980,9,1010,152,8534,666,9777
all/randm19.02.02.06.020_0030.04.aba.beta,True,6,15,0.06516909599304199,0.0767059326171875,0.0007815361022949219,0.14265656471252441,937,2,955,147,7944,555,8838
all/randm19.02.02.06.020_0030.05.aba.beta,True,12,15,0.08524084091186523,0.1480097770690918,0.0010612010955810547,0.23431181907653809,590,9,610,132,5532,778,11741
all/randm19.02.02.07.020_0030.01.aba.beta,True,23,14,0.30458736419677734,0.7699623107910156,0.0035576820373535156,1.0781073570251465,2644,17,2644,214,25774,2315,35529
all/randm19.02.02.07.020_0030.02.aba.beta,True,13,13,0.1489884853363037,0.33374857902526855,0.0027625560760498047,0.48549962043762207,2364,8,2364,204,22805,1421,21793
all/randm19.02.02.07.020_0030.03.aba.beta,True,22,14,0.2747938632965088,1.6455097198486328,0.0036764144897460938,1.9239799976348877,4711,16,4711,259,49564,2385,36331
all/randm19.02.02.07.020_0030.04.aba.beta,True,19,13,0.19524836540222168,0.6988880634307861,0.0032100677490234375,0.8973464965820312,2399,14,2399,234,23489,1934,29532
all/randm19.02.02.07.020_0030.05.aba.beta,True,20,13,0.18792009353637695,0.3405303955078125,0.004195451736450195,0.5326459407806396,607,17,611,260,6843,2818,44324
all/randm19.02.02.08.020_0030.01.aba.beta,True,12,10,0.05622100830078125,0.0707697868347168,0.0011856555938720703,0.12817645072937012,630,9,630,128,6265,862,13094
all/randm19.02.02.08.020_0030.02.aba.beta,True,12,10,0.057904720306396484,0.09138965606689453,0.0021343231201171875,0.1514286994934082,273,9,276,143,2433,1129,17327
all/randm19.02.02.08.020_0030.03.aba.beta,True,9,10,0.0539705753326416,0.05818438529968262,0.0008778572082519531,0.11303281784057617,608,5,608,138,4809,659,10127
all/randm19.02.02.08.020_0030.04.aba.beta,True,11,10,0.050000905990600586,0.07076144218444824,0.0014729499816894531,0.12223529815673828,352,9,355,131,2914,932,14221
all/randm19.02.02.08.020_0030.05.aba.beta,True,10,10,0.0527341365814209,0.10087251663208008,0.0028510093688964844,0.15645766258239746,358,8,359,149,2910,1917,29911
all/randm19.02.02.09.020_0030.01.aba.beta,True,24,16,0.1909332275390625,0.45406651496887207,0.005154848098754883,0.6501545906066895,1985,17,1985,177,26258,3671,56411
all/randm19.02.02.09.020_0030.02.aba.beta,True,26,17,0.34862732887268066,0.8773288726806641,0.006000995635986328,1.231957197189331,1303,20,1333,258,15686,3920,61887
all/randm19.02.02.09.020_0030.03.aba.beta,True,19,17,0.3906693458557129,0.6736850738525391,0.0033540725708007812,1.0677084922790527,2370,11,2381,206,29053,1983,30755
all/randm19.02.02.09.020_0030.04.aba.beta,True,22,17,0.212371826171875,0.4729185104370117,0.005590677261352539,0.6908810138702393,790,18,802,203,8539,3376,52374
all/randm19.02.02.09.020_0030.05.aba.beta,True,23,17,0.20559144020080566,0.4188666343688965,0.0033426284790039062,0.627800703048706,589,19,621,169,7535,2218,33511
all/randm19.02.02.10.020_0030.01.aba.beta,True,14,13,0.15491962432861328,0.24140596389770508,0.002007007598876953,0.3983325958251953,1630,8,1630,182,16912,1225,19129
all/randm19.02.02.10.020_0030.02.aba.beta,True,17,13,0.09450030326843262,0.1917557716369629,0.0019109249114990234,0.28816699981689453,354,14,354,145,3204,1345,20504
all/randm19.02.02.10.020_0030.03.aba.beta,True,13,13,0.09368205070495605,0.17161226272583008,0.0015556812286376953,0.26684999465942383,819,7,822,154,7063,1090,16569
all/randm19.02.02.10.020_0030.04.aba.beta,True,20,13,0.26643896102905273,0.5396037101745605,0.0023691654205322266,0.8084118366241455,2734,14,2736,186,29769,1510,23529
all/randm19.02.02.10.020_0030.05.aba.beta,True,25,13,0.2761955261230469,0.5674176216125488,0.0047760009765625,0.8483891487121582,1501,19,1501,220,16984,3047,46870
all/randm19.02.02.11.020_0030.01.aba.beta,True,31,16,0.9965364933013916,3.504066228866577,0.006869316101074219,4.507472038269043,6804,23,6804,314,101060,3744,57177
all/randm19.02.02.11.020_0030.02.aba.beta,True,21,15,0.24254727363586426,0.534104585647583,0.003431081771850586,0.7800829410552979,1794,16,1794,210,28014,2389,37045
all/randm19.02.02.11.020_0030.03.aba.beta,True,21,16,0.2816462516784668,0.5271317958831787,0.003148794174194336,0.8119268417358398,1978,16,1978,183,27196,2013,30359
all/randm19.02.02.11.020_0030.04.aba.beta,True,37,16,0.5896942615509033,1.144735336303711,0.005225658416748047,1.7396552562713623,1391,27,1401,228,18915,3352,49756
all/randm19.02.02.11.020_0030.05.aba.beta,True,21,16,0.3404254913330078,0.727154016494751,0.003050088882446289,1.070629596710205,2022,13,2022,223,24740,1951,30236
all/randm19.02.02.12.020_0030.01.aba.beta,True,8,13,0.06427288055419922,0.07369303703308105,0.0009360313415527344,0.138901948928833,841,3,854,133,7058,678,10668
all/randm19.02.02.12.020_0030.02.aba.beta,True,9,13,0.0655357837677002,0.09950947761535645,0.000911712646484375,0.16595697402954102,749,6,756,131,6170,650,9987
all/randm19.02.02.12.020_0030.03.aba.beta,True,10,13,0.05852532386779785,0.09440016746520996,0.0010025501251220703,0.15392804145812988,484,8,487,120,4049,766,11665
all/randm19.02.02.12.020_0030.04.aba.beta,True,20,13,0.1586017608642578,0.2707681655883789,0.003268003463745117,0.43263792991638184,846,16,852,172,7977,2372,37281
all/randm19.02.02.12.020_0030.05.aba.beta,True,5,13,0.034803152084350586,0.04278159141540527,0.0007722377777099609,0.07835698127746582,778,2,780,110,6207,544,8638
all/randm19.02.02.13.020_0030.01.aba.beta,True,1,3,0.0004525184631347656,0.0004508495330810547,0.0007183551788330078,0.0016217231750488281,32,1,32,24,112,536,8593
all/randm19.02.02.13.020_0030.02.aba.beta,True,1,3,0.0007517337799072266,0.0007314682006835938,0.001224517822265625,0.0027077198028564453,31,1,31,24,106,525,8523
all/randm19.02.02.13.020_0030.03.aba.beta,True,1,3,0.0005278587341308594,0.00047850608825683594,0.0007345676422119141,0.0017409324645996094,31,1,31,23,106,542,8617
all/randm19.02.02.13.020_0030.04.aba.beta,True,1,3,0.0005500316619873047,0.00045228004455566406,0.0007240772247314453,0.001726388931274414,31,1,31,26,106,535,8591
all/randm19.02.02.13.020_0030.05.aba.beta,True,1,3,0.0004584789276123047,0.00044846534729003906,0.0007264614105224609,0.0016334056854248047,31,1,31,26,106,542,8621
all/randm19.02.02.14.020_0030.01.aba.beta,True,16,11,0.0680837631225586,0.1357896327972412,0.0018901824951171875,0.205763578414917,663,13,666,150,5673,1223,18727
all/randm19.02.02.14.020_0030.02.aba.beta,True,9,11,0.03622102737426758,0.048753976821899414,0.0011713504791259766,0.08614635467529297,298,7,304,111,2931,850,12811
all/randm19.02.02.14.020_0030.03.aba.beta,True,8,11,0.04199695587158203,0.06535696983337402,0.001125335693359375,0.10847926139831543,762,4,762,130,9327,746,11695
all/randm19.02.02.14.020_0030.04.aba.beta,True,11,11,0.04621744155883789,0.06466102600097656,0.0013034343719482422,0.1121819019317627,439,8,453,120,3477,957,14491
all/randm19.02.02.14.020_0030.05.aba.beta,True,11,11,0.03777432441711426,0.06906986236572266,0.001401662826538086,0.108245849609375,266,10,268,91,2223,880,13230
all/randm19.02.02.15.020_0030.01.aba.beta,True,27,16,1.3285951614379883,18.00770902633667,0.004058122634887695,19.340362310409546,7489,18,7489,269,131097,2451,38632
all/randm19.02.02.15.020_0030.02.aba.beta,True,21,16,0.7153730392456055,4.41912841796875,0.0018811225891113281,5.136382579803467,6658,13,6658,193,90001,1088,16168
all/randm19.02.02.15.020_0030.03.aba.beta,True,18,16,0.9678022861480713,3.298902988433838,0.0026061534881591797,4.269311428070068,11822,9,11822,232,145763,1659,25572
all/randm19.02.02.15.020_0030.04.aba.beta,True,20,16,0.43708086013793945,0.6751983165740967,0.0024862289428710938,1.1147654056549072,3393,12,3393,203,36876,1617,25408
all/randm19.02.02.15.020_0030.05.aba.beta,True,32,16,1.4459848403930664,2.5342233180999756,0.006113767623901367,3.9863219261169434,7386,23,7386,273,96822,4389,68421
all/randm19.02.02.16.020_0030.01.aba.beta,True,28,16,0.41323065757751465,1.7590210437774658,0.0053484439849853516,2.177600145339966,2008,21,2018,237,25243,2861,45593
all/randm19.02.02.16.020_0030.02.aba.beta,True,22,16,0.3292264938354492,0.5865211486816406,0.002868175506591797,0.9186158180236816,2053,15,2053,184,27162,1885,28618
all/randm19.02.02.16.020_0030.03.aba.beta,True,18,16,0.37664127349853516,0.8765442371368408,0.0023393630981445312,1.2555248737335205,3398,11,3400,215,35393,1551,24530
all/randm19.02.02.16.020_0030.04.aba.beta,True,21,16,0.3019890785217285,0.5313475131988525,0.004305124282836914,0.837641716003418,1084,15,1084,204,9908,2487,38268
all/randm19.02.02.16.020_0030.05.aba.beta,True,24,16,0.2735724449157715,0.6055467128753662,0.005086183547973633,0.8842053413391113,1855,18,1855,189,18116,2841,43923
all/randm19.02.02.17.020_0030.01.aba.beta,True,21,17,0.2175922393798828,0.6358888149261475,0.003779172897338867,0.8572602272033691,2006,16,2009,202,23282,2440,37375
all/randm19.02.02.17.020_0030.02.aba.beta,True,25,16,0.31832242012023926,0.7173566818237305,0.0042989253997802734,1.03997802734375,2096,17,2096,227,23168,2991,46247
all/randm19.02.02.17.020_0030.03.aba.beta,True,29,17,1.8612384796142578,17.812735319137573,0.005713462829589844,19.67968726158142,12367,21,12367,257,170406,3246,50735
all/randm19.02.02.17.020_0030.04.aba.beta,True,34,16,2.0985069274902344,13.882553815841675,0.005093574523925781,15.986154317855835,11826,24,11826,268,144170,3169,49116
all/randm19.02.02.17.020_0030.05.aba.beta,True,28,17,0.2535722255706787,0.550490140914917,0.0041735172271728516,0.8082358837127686,2261,19,2275,229,26601,2963,46510
all/randm19.02.02.18.020_0030.01.aba.beta,True,5,5,0.0042018890380859375,0.004292488098144531,0.0012011528015136719,0.00969552993774414,79,5,81,54,595,898,14066
all/randm19.02.02.18.020_0030.02.aba.beta,True,3,5,0.002809762954711914,0.002835988998413086,0.0007545948028564453,0.006400346755981445,60,3,61,41,352,557,8756
all/randm19.02.02.18.020_0030.03.aba.beta,True,4,5,0.003923177719116211,0.004212379455566406,0.0008158683776855469,0.008951425552368164,128,3,128,79,1328,610,9585
all/randm19.02.02.18.020_0030.04.aba.beta,True,6,5,0.006453990936279297,0.0061779022216796875,0.0010018348693847656,0.01363372802734375,86,6,86,56,908,733,11082
all/randm19.02.02.18.020_0030.05.aba.beta,True,5,5,0.005381345748901367,0.005620241165161133,0.0013713836669921875,0.012372970581054688,98,5,99,72,1082,1011,15919
all/randm19.02.02.19.020_0030.01.aba.beta,True,36,17,0.9412746429443359,7.799659013748169,0.004698038101196289,8.745631694793701,3993,26,3993,251,44772,3061,46158
all/randm19.02.02.19.020_0030.02.aba.beta,True,29,17,1.407853364944458,27.822577714920044,0.003116130828857422,29.23354721069336,11333,20,11333,251,133396,2149,32967
all/randm19.02.02.19.020_0030.03.aba.beta,True,26,17,0.41767168045043945,0.7877614498138428,0.0029075145721435547,1.2083406448364258,3688,19,3691,254,42447,2095,31517
all/randm19.02.02.19.020_0030.04.aba.beta,True,21,17,0.5103013515472412,0.8774471282958984,0.00254058837890625,1.390289068222046,4083,12,4084,222,47256,1816,28079
all/randm19.02.02.19.020_0030.05.aba.beta,True,25,17,0.9464988708496094,6.4438464641571045,0.0034644603729248047,7.393809795379639,4071,15,4071,260,46088,2054,31571
all/randm20.02.02.01.020_0030.01.aba.beta,True,19,18,0.25336456298828125,0.6265876293182373,0.002797842025756836,0.8827500343322754,1349,12,1364,207,13536,1761,27376
all/randm20.02.02.01.020_0030.02.aba.beta,True,28,18,1.3662240505218506,6.456717014312744,0.0027430057525634766,7.825684070587158,14134,20,14135,246,195040,1808,26878
all/randm20.02.02.01.020_0030.03.aba.beta,True,25,18,0.5299708843231201,1.7774548530578613,0.0030112266540527344,2.310436964035034,2345,18,2353,204,24980,1976,29224
all/randm20.02.02.01.020_0030.04.aba.beta,True,17,18,0.9731841087341309,5.257303714752197,0.0018367767333984375,6.232324600219727,7723,9,7724,222,106797,1269,19278
all/randm20.02.02.01.020_0030.05.aba.beta,True,25,18,0.7351789474487305,0.7545020580291748,0.0037965774536132812,1.4934775829315186,1387,18,1393,219,18222,1922,29119
all/randm20.02.02.02.020_0030.01.aba.beta,True,22,18,0.7145404815673828,2.728665351867676,0.0029480457305908203,3.4461538791656494,4021,15,4021,193,43033,1743,26601
all/randm20.02.02.02.020_0030.02.aba.beta,True,19,17,0.56461501121521,1.2586565017700195,0.001589059829711914,1.8248605728149414,3975,11,3975,192,43335,1062,16181
all/randm20.02.02.02.020_0030.03.aba.beta,True,24,18,0.489086389541626,2.1150827407836914,0.003304004669189453,2.607473134994507,2287,18,2292,217,24915,2413,37629
all/randm20.02.02.02.020_0030.04.aba.beta,True,24,18,0.460862398147583,1.0341310501098633,0.003631114959716797,1.498624563217163,2271,18,2271,244,24251,2311,35715
all/randm20.02.02.02.020_0030.05.aba.beta,True,11,18,0.3677952289581299,0.8016674518585205,0.0008175373077392578,1.1702802181243896,4208,3,4208,165,47158,565,8781
all/randm20.02.02.03.020_0030.01.aba.beta,True,23,16,0.6580562591552734,1.1186959743499756,0.0054776668548583984,1.7822299003601074,3931,15,3932,266,50896,3315,51557
all/randm20.02.02.03.020_0030.02.aba.beta,True,23,16,0.7401299476623535,1.9445276260375977,0.00482487678527832,2.6894824504852295,3994,15,3994,230,50738,3460,54363
all/randm20.02.02.03.020_0030.03.aba.beta,True,22,15,0.8474173545837402,2.1319775581359863,0.0027742385864257812,2.9821691513061523,9274,15,9274,222,111797,1655,25194
all/randm20.02.02.03.020_0030.04.aba.beta,True,29,16,0.8235411643981934,1.5763494968414307,0.006685018539428711,2.4065756797790527,7443,21,7443,266,101049,3840,59033
all/randm20.02.02.03.020_0030.05.aba.beta,True,22,16,0.675957441329956,2.4568402767181396,0.002086162567138672,3.1348838806152344,7419,13,7419,229,113391,1383,21020
all/randm20.02.02.04.020_0030.01.aba.beta,True,13,13,0.13174939155578613,0.16649580001831055,0.0011029243469238281,0.2993481159210205,1509,7,1509,130,14288,789,12096
all/randm20.02.02.04.020_0030.02.aba.beta,True,13,13,0.10563325881958008,0.14510273933410645,0.0017061233520507812,0.2524421215057373,943,6,951,128,9132,763,11787
all/randm20.02.02.04.020_0030.03.aba.beta,True,15,13,0.08564424514770508,0.16371726989746094,0.0016477108001708984,0.2510092258453369,761,10,761,134,6392,890,13135
all/randm20.02.02.04.020_0030.04.aba.beta,True,13,13,0.14487075805664062,0.15351319313049316,0.0014350414276123047,0.2998189926147461,1562,6,1571,184,16908,1059,16558
all/randm20.02.02.04.020_0030.05.aba.beta,True,11,13,0.06545233726501465,0.11955738067626953,0.0016045570373535156,0.1866142749786377,857,7,857,134,10078,756,11426
all/randm20.02.02.05.020_0030.01.aba.beta,True,35,16,0.4221787452697754,0.93798828125,0.0050814151763916016,1.365248441696167,2102,29,2125,217,27605,3323,50547
all/randm20.02.02.05.020_0030.02.aba.beta,True,20,15,0.33199048042297363,0.7572107315063477,0.003014087677001953,1.0922152996063232,1801,15,1804,213,17766,1988,31396
all/randm20.02.02.05.020_0030.03.aba.beta,True,26,16,0.5390205383300781,1.2260775566101074,0.0031745433807373047,1.7682726383209229,4003,18,4004,205,54354,1878,29088
all/randm20.02.02.05.020_0030.04.aba.beta,True,31,16,0.29427266120910645,0.6699390411376953,0.006157636642456055,0.9703693389892578,788,27,795,207,10052,3855,58907
all/randm20.02.02.05.020_0030.05.aba.beta,True,20,16,0.3187599182128906,0.9142985343933105,0.0020952224731445312,1.2351536750793457,3123,15,3123,182,32134,1548,23196
all/randm20.02.02.06.020_0030.01.aba.beta,True,19,17,0.3217449188232422,0.5325193405151367,0.0031828880310058594,0.8574471473693848,2287,11,2293,224,31988,1915,30110
all/randm20.02.02.06.020_0030.02.aba.beta,True,22,17,0.31021666526794434,0.720111608505249,0.0029811859130859375,1.0333094596862793,1435,16,1459,237,16061,2047,31597
all/randm20.02.02.06.020_0030.03.aba.beta,True,23,17,0.553093671798706,1.0533463954925537,0.003732442855834961,1.6101725101470947,2221,15,2227,202,23123,2165,32838
all/randm20.02.02.06.020_0030.04.aba.beta,True,29,17,0.574486255645752,1.1961004734039307,0.005954265594482422,1.776540994644165,2288,21,2309,279,33508,3650,56464
all/randm20.02.02.06.020_0030.05.aba.beta,True,16,17,0.5381855964660645,0.9257221221923828,0.0017282962799072266,1.4656360149383545,7193,9,7193,220,88171,1207,18202
all/randm20.02.02.07.020_0030.01.aba.beta,True,22,17,0.3340928554534912,0.5718834400177002,0.002508401870727539,0.908484697341919,2242,14,2243,225,24813,1873,28839
all/randm20.02.02.07.020_0030.02.aba.beta,True,28,17,0.4374849796295166,1.2591748237609863,0.002866029739379883,1.6995258331298828,2199,22,2211,212,22550,1866,27911
all/randm20.02.02.07.020_0030.03.aba.beta,True,19,17,0.30235981941223145,0.5434978008270264,0.003953456878662109,0.8498110771179199,1254,13,1265,212,15044,2885,44880
all/randm20.02.02.07.020_0030.04.aba.beta,True,17,17,0.31485605239868164,0.46750736236572266,0.0013413429260253906,0.7837047576904297,2220,9,2261,205,24234,896,13837
all/randm20.02.02.07.020_0030.05.aba.beta,True,23,17,0.5065658092498779,2.107617139816284,0.0037610530853271484,2.6179440021514893,3899,16,3899,210,43975,2349,36353
all/randm20.02.02.08.020_0030.01.aba.beta,True,21,15,0.17958927154541016,0.3202061653137207,0.0025124549865722656,0.5023078918457031,677,15,680,163,8059,1608,24687
all/randm20.02.02.08.020_0030.02.aba.beta,True,10,15,0.09652566909790039,0.17966461181640625,0.001314401626586914,0.27750468254089355,930,6,934,161,7939,934,14410
all/randm20.02.02.08.020_0030.03.aba.beta,True,14,15,0.10796165466308594,0.21779870986938477,0.002215862274169922,0.3279762268066406,605,11,617,173,6844,1477,22670
all/randm20.02.02.08.020_0030.04.aba.beta,True,22,15,0.19290924072265625,0.4289250373840332,0.003463268280029297,0.6252975463867188,709,20,727,214,8684,2362,35926
all/randm20.02.02.08.020_0030.05.aba.beta,True,20,15,0.19133520126342773,0.43752503395080566,0.0039048194885253906,0.6327650547027588,585,18,604,233,5717,2704,41596
all/randm20.02.02.09.020_0030.01.aba.beta,True,25,16,0.7668042182922363,5.1003711223602295,0.0032160282135009766,5.870391368865967,7678,16,7678,211,134127,2199,33977
all/randm20.02.02.09.020_0030.02.aba.beta,True,21,16,0.5190474987030029,1.493140459060669,0.004952192306518555,2.0171401500701904,3540,13,3540,231,37015,2789,43940
all/randm20.02.02.09.020_0030.03.aba.beta,True,27,16,0.3396260738372803,0.642197847366333,0.005650043487548828,0.9874739646911621,1164,20,1170,213,12906,3406,52764
all/randm20.02.02.09.020_0030.04.aba.beta,True,26,17,0.6572206020355225,3.0009889602661133,0.0025200843811035156,3.6607296466827393,4474,17,4474,223,61311,1827,28135
all/randm20.02.02.09.020_0030.05.aba.beta,True,31,17,0.47644734382629395,2.0976319313049316,0.006331682205200195,2.580410957336426,4110,22,4118,254,50728,3907,61469
all/randm20.02.02.10.020_0030.01.aba.beta,True,11,12,0.04136848449707031,0.07070708274841309,0.0014183521270751953,0.1134939193725586,443,9,445,128,3835,1066,16268
all/randm20.02.02.10.020_0030.02.aba.beta,True,14,12,0.06865596771240234,0.12351298332214355,0.0020847320556640625,0.19425368309020996,336,12,337,132,3943,1391,21936
all/randm20.02.02.10.020_0030.03.aba.beta,True,10,12,0.050733327865600586,0.08898329734802246,0.0018901824951171875,0.14160680770874023,480,7,483,122,5504,864,13282
all/randm20.02.02.10.020_0030.04.aba.beta,True,11,12,0.048345088958740234,0.07959723472595215,0.0010280609130859375,0.12897038459777832,402,8,403,116,3078,750,11308
all/randm20.02.02.10.020_0030.05.aba.beta,True,12,12,0.07247519493103027,0.11527156829833984,0.001211404800415039,0.18895816802978516,466,10,472,134,4038,919,13513
all/randm20.02.02.11.020_0030.01.aba.beta,True,13,19,0.5377597808837891,1.3457577228546143,0.0019919872283935547,1.8855094909667969,7968,6,7969,211,92532,928,14211
all/randm20.02.02.11.020_0030.02.aba.beta,True,23,19,0.4910249710083008,1.876192569732666,0.0022225379943847656,2.3694400787353516,3895,15,3899,201,40146,1441,21666
all/randm20.02.02.11.020_0030.03.aba.beta,True,17,18,0.20484161376953125,0.4396214485168457,0.0014688968658447266,0.6459319591522217,1427,11,1466,217,13802,1116,16743
all/randm20.02.02.11.020_0030.04.aba.beta,True,19,19,0.4174351692199707,1.3475263118743896,0.0024993419647216797,1.767460823059082,3904,12,3904,205,40612,1847,28736
all/randm20.02.02.11.020_0030.05.aba.beta,True,13,19,0.16200900077819824,0.3593137264251709,0.0008885860443115234,0.5222113132476807,2215,7,2222,166,20999,647,9575
all/randm20.02.02.12.020_0030.01.aba.beta,True,19,16,1.2730717658996582,5.457898378372192,0.003160715103149414,6.734130859375,12175,10,12175,225,160733,2203,34309
all/randm20.02.02.12.020_0030.02.aba.beta,True,27,16,0.33686351776123047,0.7661046981811523,0.004071474075317383,1.1070396900177002,1202,21,1202,202,16028,2561,38627
all/randm20.02.02.12.020_0030.03.aba.beta,True,21,16,0.3788611888885498,0.8569929599761963,0.0013840198516845703,1.2372381687164307,3908,13,3925,189,43837,1061,15757
all/randm20.02.02.12.020_0030.04.aba.beta,True,16,16,0.9712018966674805,0.820972204208374,0.0028357505798339844,1.7950098514556885,11592,8,11594,248,144486,1925,30287
all/randm20.02.02.12.020_0030.05.aba.beta,True,20,16,0.3489065170288086,1.6866111755371094,0.0024552345275878906,2.037972927093506,3454,14,3454,197,38203,1441,21659
all/randm20.02.02.13.020_0030.01.aba.beta,True,30,15,0.7813084125518799,5.2748353481292725,0.004033803939819336,6.060177564620972,6509,22,6509,269,100977,2742,42929
all/randm20.02.02.13.020_0030.02.aba.beta,True,31,15,0.4148569107055664,0.8000903129577637,0.005556344985961914,1.220503568649292,1291,22,1291,242,17820,3769,59337
all/randm20.02.02.13.020_0030.03.aba.beta,True,36,14,0.4444234371185303,2.1543686389923096,0.005339860916137695,2.6041319370269775,1925,30,1942,264,26575,3561,56595
all/randm20.02.02.13.020_0030.04.aba.beta,True,28,14,0.3480675220489502,0.6448671817779541,0.006075620651245117,0.9990103244781494,1723,23,1726,222,19501,3839,59880
all/randm20.02.02.13.020_0030.05.aba.beta,True,14,14,0.16012287139892578,0.30542635917663574,0.0019404888153076172,0.46748971939086914,2868,7,2868,203,29613,1451,22731
all/randm20.02.02.14.020_0030.01.aba.beta,True,14,15,0.1266632080078125,0.2197093963623047,0.001188039779663086,0.3475606441497803,994,8,994,145,9870,927,14129
all/randm20.02.02.14.020_0030.02.aba.beta,True,22,15,0.22835969924926758,0.6699066162109375,0.0024499893188476562,0.9007163047790527,1752,15,1755,197,19421,1763,26885
all/randm20.02.02.14.020_0030.03.aba.beta,True,21,15,0.20563030242919922,0.40820956230163574,0.002215862274169922,0.6160557270050049,1795,16,1795,181,18395,1680,25123
all/randm20.02.02.14.020_0030.04.aba.beta,True,26,15,0.31006455421447754,0.7613940238952637,0.003270864486694336,1.0747294425964355,1937,19,1941,232,23322,2171,32840
all/randm20.02.02.14.020_0030.05.aba.beta,True,27,15,0.38243579864501953,0.6969094276428223,0.002875089645385742,1.0822203159332275,1885,20,1888,224,19650,2029,30301
all/randm20.02.02.15.020_0030.01.aba.beta,True,13,15,0.09326815605163574,0.22286176681518555,0.0014014244079589844,0.3175313472747803,923,9,923,149,7824,830,12306
all/randm20.02.02.15.020_0030.02.aba.beta,True,14,16,0.09933066368103027,0.2339315414428711,0.0017228126525878906,0.33498501777648926,611,10,611,136,5277,1172,17804
all/randm20.02.02.15.020_0030.03.aba.beta,True,16,16,0.12825441360473633,0.2709383964538574,0.0025091171264648438,0.4017019271850586,654,11,683,169,5482,1386,20821
all/randm20.02.02.15.020_0030.04.aba.beta,True,24,16,0.30804014205932617,0.9249875545501709,0.0029599666595458984,1.235987663269043,3136,18,3136,206,30754,1667,25165
all/randm20.02.02.15.020_0030.05.aba.beta,True,21,16,0.41435956954956055,0.9734117984771729,0.0041179656982421875,1.3918893337249756,3540,14,3543,243,37269,2152,33775
all/randm20.02.02.16.020_0030.01.aba.beta,True,19,13,0.221480131149292,0.5632150173187256,0.001989603042602539,0.7866847515106201,2736,14,2736,184,31890,1282,19212
all/randm20.02.02.16.020_0030.02.aba.beta,True,27,13,0.3032493591308594,0.7219159603118896,0.004567623138427734,1.0297329425811768,1800,20,1814,214,25520,2805,43111
all/randm20.02.02.16.020_0030.03.aba.beta,True,17,13,0.3961484432220459,0.3818039894104004,0.0013554096221923828,0.7793078422546387,5500,9,5502,216,68852,983,15048
all/randm20.02.02.16.020_0030.04.aba.beta,True,16,13,0.12350273132324219,0.21501398086547852,0.001680135726928711,0.3401968479156494,1574,11,1574,152,21606,910,13429
all/randm20.02.02.16.020_0030.05.aba.beta,True,15,13,0.11986804008483887,0.2073683738708496,0.0024924278259277344,0.3297288417816162,1540,10,1540,183,15868,1262,19375
all/randm20.02.02.17.020_0030.01.aba.beta,True,24,18,1.4621870517730713,16.775216102600098,0.004074573516845703,18.241477727890015,13890,14,13890,247,175300,2499,38718
all/randm20.02.02.17.020_0030.02.aba.beta,True,27,18,1.0544164180755615,5.85209059715271,0.0042514801025390625,6.9107584953308105,7759,19,7759,256,107173,2621,39760
all/randm20.02.02.17.020_0030.03.aba.beta,True,23,18,1.3186919689178467,16.343225955963135,0.004082679748535156,17.666000604629517,14668,13,14668,275,184212,2330,36143
all/randm20.02.02.17.020_0030.04.aba.beta,True,25,18,0.5595200061798096,2.7497503757476807,0.0042612552642822266,3.3135316371917725,4028,18,4035,252,49895,2877,44196
all/randm20.02.02.17.020_0030.05.aba.beta,True,23,18,0.7532072067260742,3.44533109664917,0.0029697418212890625,4.201508045196533,4238,14,4238,241,52041,1995,30863
all/randm20.02.02.18.020_0030.01.aba.beta,True,25,16,0.3156466484069824,0.5800793170928955,0.0050432682037353516,0.9007692337036133,1204,20,1204,227,14392,2811,43261
all/randm20.02.02.18.020_0030.02.aba.beta,True,27,16,0.5137901306152344,2.1474244594573975,0.005501270294189453,2.6667158603668213,3972,20,3978,288,60420,3142,48795
all/randm20.02.02.18.020_0030.03.aba.beta,True,19,16,0.48842883110046387,2.439337730407715,0.002216815948486328,2.929983377456665,6136,11,6139,213,70462,1396,21100
all/randm20.02.02.18.020_0030.04.aba.beta,True,22,16,0.31986141204833984,0.8331663608551025,0.002755880355834961,1.1557836532592773,3968,14,3968,216,47284,2010,30468
all/randm20.02.02.18.020_0030.05.aba.beta,True,31,16,0.47298693656921387,3.355569839477539,0.0044708251953125,3.8330276012420654,3640,25,3640,236,43104,3098,47622
all/randm20.02.02.19.020_0030.01.aba.beta,True,18,14,0.1509552001953125,0.31134796142578125,0.00226593017578125,0.464569091796875,973,12,973,211,9168,1648,25426
all/randm20.02.02.19.020_0030.02.aba.beta,True,16,13,0.11091303825378418,0.19748139381408691,0.0016183853149414062,0.3100128173828125,896,11,899,181,8301,1101,16650
all/randm20.02.02.19.020_0030.03.aba.beta,True,12,14,0.09892511367797852,0.2136533260345459,0.0022792816162109375,0.31485772132873535,561,10,561,182,4847,1606,24413
all/randm20.02.02.19.020_0030.04.aba.beta,True,18,14,0.12336540222167969,0.22516751289367676,0.0017015933990478516,0.3502345085144043,557,13,567,170,4789,1301,19332
all/randm20.02.02.19.020_0030.05.aba.beta,True,17,14,0.10662269592285156,0.2201690673828125,0.003761768341064453,0.3305535316467285,387,13,403,144,3344,2027,31220
all/randm21.02.02.01.020_0030.01.aba.beta,True,22,14,0.3567981719970703,0.3915560245513916,0.0021207332611083984,0.7504749298095703,2858,14,2884,231,33317,1395,21483
all/randm21.02.02.01.020_0030.02.aba.beta,True,17,14,0.13924193382263184,0.19755887985229492,0.0019063949584960938,0.33870720863342285,981,11,981,177,10950,1310,20293
all/randm21.02.02.01.020_0030.03.aba.beta,True,24,14,0.19611191749572754,0.34372973442077637,0.0029828548431396484,0.5428245067596436,958,19,958,189,9354,2108,32458
all/randm21.02.02.01.020_0030.04.aba.beta,True,24,14,0.38458752632141113,0.5769846439361572,0.0034151077270507812,0.9649872779846191,3218,17,3218,222,35777,1751,26522
all/randm21.02.02.01.020_0030.05.aba.beta,True,30,14,0.3173816204071045,0.5946872234344482,0.0038170814514160156,0.9158859252929688,1948,23,1948,209,24408,2651,40079
all/randm21.02.02.02.020_0030.01.aba.beta,True,33,18,1.4673850536346436,25.99346899986267,0.006482839584350586,27.467336893081665,9491,22,9491,237,128263,4034,64153
all/randm21.02.02.02.020_0030.02.aba.beta,True,30,18,1.6024982929229736,15.263567447662354,0.0037643909454345703,16.86983013153076,12346,23,12346,232,155688,2342,34673
all/randm21.02.02.02.020_0030.03.aba.beta,True,25,18,3.5630545616149902,17.083863973617554,0.003446340560913086,20.650364875793457,27187,15,27187,254,384006,2094,32908
all/randm21.02.02.02.020_0030.04.aba.beta,True,30,18,0.7631597518920898,3.235987663269043,0.0064754486083984375,4.005622863769531,4390,21,4390,239,58058,3730,57660
all/randm21.02.02.02.020_0030.05.aba.beta,False,30,18,9.799254179000854,201.01168012619019,0.004747867584228516,210.81568217277527,47159,19,47159,257,777312,2549,38237
all/randm21.02.02.03.020_0030.01.aba.beta,True,39,19,4.437901496887207,69.32439303398132,0.007348060607910156,73.76964259147644,28474,28,28474,331,393682,4283,66132
all/randm21.02.02.03.020_0030.02.aba.beta,True,36,19,4.402217149734497,174.5000398159027,0.005311012268066406,178.90756797790527,30784,26,30784,294,540037,3460,54241
all/randm21.02.02.03.020_0030.03.aba.beta,True,27,19,0.9723570346832275,7.890013933181763,0.0035974979400634766,8.865968465805054,8250,19,8250,251,115303,2299,34930
all/randm21.02.02.03.020_0030.04.aba.beta,True,23,19,1.662231683731079,7.235255002975464,0.002881288528442383,8.900367975234985,8763,13,8763,239,118116,1805,28009
all/randm21.02.02.03.020_0030.05.aba.beta,True,33,19,2.086817741394043,10.522121906280518,0.0026521682739257812,12.611591815948486,14330,25,14330,250,177605,1903,28183
all/randm21.02.02.04.020_0030.01.aba.beta,True,14,18,0.29235243797302246,0.4593348503112793,0.0014142990112304688,0.7531015872955322,3757,7,3757,199,39231,965,14794
all/randm21.02.02.04.020_0030.02.aba.beta,True,23,18,0.4727511405944824,1.143397569656372,0.0031015872955322266,1.6192502975463867,2086,17,2090,245,20912,2105,31894
all/randm21.02.02.04.020_0030.03.aba.beta,True,16,18,1.6242570877075195,9.687970876693726,0.0013251304626464844,11.313553094863892,28619,5,28619,233,426520,672,10364
all/randm21.02.02.04.020_0030.04.aba.beta,True,19,18,0.7857587337493896,8.347561597824097,0.0013747215270996094,9.134695053100586,13600,9,13600,217,168535,918,13782
all/randm21.02.02.04.020_0030.05.aba.beta,True,21,18,0.27324748039245605,1.713768720626831,0.0011491775512695312,1.9881653785705566,2129,13,2137,186,21612,880,12742
all/randm21.02.02.05.020_0030.01.aba.beta,True,26,17,0.3936746120452881,0.9507224559783936,0.0036127567291259766,1.3480098247528076,2059,19,2061,231,20594,2269,34599
all/randm21.02.02.05.020_0030.02.aba.beta,True,21,17,0.5272798538208008,1.9364211559295654,0.0022575855255126953,2.465958595275879,4015,14,4016,229,47767,1561,23486
all/randm21.02.02.05.020_0030.03.aba.beta,True,31,17,0.6974976062774658,1.324223279953003,0.004893779754638672,2.0266146659851074,2651,22,2653,208,40731,3494,54155
all/randm21.02.02.05.020_0030.04.aba.beta,True,24,17,0.3620107173919678,0.666837215423584,0.0025641918182373047,1.031412124633789,1194,19,1202,197,11063,1797,27123
all/randm21.02.02.05.020_0030.05.aba.beta,True,35,17,0.4094688892364502,0.895928144454956,0.008443832397460938,1.3138408660888672,1269,28,1316,282,14315,5678,89107
all/randm21.02.02.06.020_0030.01.aba.beta,True,8,13,0.03763151168823242,0.07253527641296387,0.0010764598846435547,0.11124324798583984,327,7,327,116,2578,710,10813
all/randm21.02.02.06.020_0030.02.aba.beta,True,6,13,0.04428267478942871,0.06926536560058594,0.0009758472442626953,0.11452388763427734,484,4,485,118,4221,703,10863
all/randm21.02.02.06.020_0030.03.aba.beta,True,7,13,0.04563188552856445,0.07922959327697754,0.0011284351348876953,0.1259899139404297,512,4,527,139,4002,780,12144
all/randm21.02.02.06.020_0030.04.aba.beta,True,4,13,0.024399995803833008,0.04023599624633789,0.0013053417205810547,0.06594133377075195,459,2,466,107,3284,551,8674
all/randm21.02.02.06.020_0030.05.aba.beta,True,11,13,0.04921078681945801,0.10724186897277832,0.00113677978515625,0.15758943557739258,325,10,332,127,2997,863,13173
all/randm21.02.02.07.020_0030.01.aba.beta,True,22,15,0.24376678466796875,0.6174890995025635,0.0035657882690429688,0.8648216724395752,1009,16,1027,222,9312,2538,39006
all/randm21.02.02.07.020_0030.02.aba.beta,True,16,15,0.16535735130310059,0.3198378086090088,0.0014929771423339844,0.48668813705444336,1016,11,1021,140,9758,1072,15817
all/randm21.02.02.07.020_0030.03.aba.beta,True,15,14,0.11526298522949219,0.19588065147399902,0.0019252300262451172,0.31306886672973633,963,11,963,142,8741,1326,20939
all/randm21.02.02.07.020_0030.04.aba.beta,True,11,15,0.09134793281555176,0.2044687271118164,0.0015451908111572266,0.2973618507385254,881,8,883,145,7318,1108,16756
all/randm21.02.02.07.020_0030.05.aba.beta,True,22,15,0.2082505226135254,0.3384582996368408,0.002738475799560547,0.5494472980499268,712,17,729,174,7693,1495,22111
all/randm21.02.02.08.020_0030.01.aba.beta,True,16,18,0.6595010757446289,1.3681352138519287,0.0014429092407226562,2.0290791988372803,8443,6,8443,206,104137,905,13871
all/randm21.02.02.08.020_0030.02.aba.beta,True,17,18,0.4355790615081787,0.6354427337646484,0.0020377635955810547,1.0730595588684082,4074,9,4076,193,44150,1284,19842
all/randm21.02.02.08.020_0030.03.aba.beta,True,16,18,1.299713134765625,1.9842112064361572,0.002033233642578125,3.2859575748443604,15247,6,15247,206,187899,1380,21480
all/randm21.02.02.08.020_0030.04.aba.beta,True,27,18,0.5029387474060059,1.736145257949829,0.003089427947998047,2.242173433303833,3777,21,3777,207,39363,1892,28940
all/randm21.02.02.08.020_0030.05.aba.beta,True,18,18,1.1294090747833252,5.096123456954956,0.0024466514587402344,6.2279791831970215,8089,9,8089,219,99563,1349,20955
all/randm21.02.02.09.020_0030.01.aba.beta,True,11,17,0.11536979675292969,0.24435210227966309,0.001325368881225586,0.36104726791381836,1140,5,1146,166,12232,964,15196
all/randm21.02.02.09.020_0030.02.aba.beta,True,16,17,0.22193622589111328,0.45546722412109375,0.0020401477813720703,0.6794435977935791,2201,10,2224,192,25549,1382,21335
all/randm21.02.02.09.020_0030.03.aba.beta,True,24,17,0.7937211990356445,4.522939920425415,0.003277301788330078,5.31993842124939,7217,16,7217,233,96098,1825,28075
all/randm21.02.02.09.020_0030.04.aba.beta,True,17,16,0.31168603897094727,0.5438358783721924,0.0020744800567626953,0.8575963973999023,3369,11,3369,205,35718,1497,23206
all/randm21.02.02.09.020_0030.05.aba.beta,True,19,17,0.21940851211547852,0.4862020015716553,0.0050525665283203125,0.7106630802154541,1965,13,1971,216,18825,3130,48962
all/randm21.02.02.10.020_0030.01.aba.beta,True,41,19,0.8240146636962891,3.7649736404418945,0.006636381149291992,4.595624685287476,2699,32,2699,269,40578,4710,71905
all/randm21.02.02.10.020_0030.02.aba.beta,True,39,19,1.5543758869171143,21.034552812576294,0.007980108261108398,22.596908807754517,8951,29,8951,260,112199,4558,69316
all/randm21.02.02.10.020_0030.03.aba.beta,True,39,18,0.8743433952331543,2.4525718688964844,0.007428407669067383,3.334343671798706,2827,29,2856,285,35449,4641,72265
all/randm21.02.02.10.020_0030.04.aba.beta,True,32,19,0.9977939128875732,3.02164626121521,0.0037987232208251953,4.023238897323608,4589,22,4589,228,56341,2674,40775
all/randm21.02.02.10.020_0030.05.aba.beta,True,21,19,0.3242757320404053,1.3180744647979736,0.0030455589294433594,1.6453957557678223,3936,15,3936,246,41431,2219,34296
all/randm21.02.02.11.020_0030.01.aba.beta,True,27,14,0.3030123710632324,0.7834653854370117,0.0022873878479003906,1.0887651443481445,1613,21,1620,171,19013,1680,24855
all/randm21.02.02.11.020_0030.02.aba.beta,True,17,14,0.13040494918823242,0.16315865516662598,0.0015430450439453125,0.2951066493988037,873,12,905,192,7920,1065,15926
all/randm21.02.02.11.020_0030.03.aba.beta,True,26,13,0.2771575450897217,0.3710181713104248,0.006411075592041016,0.6545867919921875,1039,20,1042,238,16731,4008,62707
all/randm21.02.02.11.020_0030.04.aba.beta,True,28,13,0.3111870288848877,0.4298689365386963,0.006128072738647461,0.7471840381622314,1011,21,1011,254,11876,3989,61694
all/randm21.02.02.11.020_0030.05.aba.beta,True,16,14,0.16507625579833984,0.23771238327026367,0.0019223690032958984,0.4047110080718994,920,9,924,144,8222,1303,19831
all/randm21.02.02.12.020_0030.01.aba.beta,True,29,14,0.5046062469482422,1.1969599723815918,0.0074443817138671875,1.7090106010437012,1918,25,1924,262,25031,4542,70036
all/randm21.02.02.12.020_0030.02.aba.beta,True,21,15,0.2804231643676758,0.7807526588439941,0.002649545669555664,1.0638253688812256,3288,13,3288,239,39860,1960,30303
all/randm21.02.02.12.020_0030.03.aba.beta,True,19,15,0.13774871826171875,0.3012521266937256,0.0034332275390625,0.44243407249450684,656,13,674,213,6149,2265,35248
all/randm21.02.02.12.020_0030.04.aba.beta,True,26,15,0.31105804443359375,0.6810281276702881,0.005954265594482422,0.9980404376983643,1882,19,1882,226,22252,3784,58595
all/randm21.02.02.12.020_0030.05.aba.beta,True,30,15,0.7496106624603271,1.2255833148956299,0.005127668380737305,1.9803216457366943,3860,23,3860,259,52534,3408,53228
all/randm21.02.02.13.020_0030.01.aba.beta,True,18,15,0.16927433013916016,0.3641395568847656,0.003523111343383789,0.5369369983673096,621,14,641,170,5958,1946,30729
all/randm21.02.02.13.020_0030.02.aba.beta,True,31,16,0.3364412784576416,0.7806901931762695,0.006838321685791016,1.1239697933197021,1260,26,1267,225,18261,4774,75949
all/randm21.02.02.13.020_0030.03.aba.beta,True,15,16,0.25729942321777344,0.44183850288391113,0.0016434192657470703,0.7007813453674316,2029,8,2029,176,25067,1099,16867
all/randm21.02.02.13.020_0030.04.aba.beta,True,17,16,0.3635213375091553,0.5700531005859375,0.002531290054321289,0.9361057281494141,2311,9,2317,189,32494,1696,26332
all/randm21.02.02.13.020_0030.05.aba.beta,True,16,16,0.40944910049438477,0.4589502811431885,0.0022993087768554688,0.8706986904144287,6210,9,6215,219,75705,1008,15810
all/randm21.02.02.14.020_0030.01.aba.beta,True,35,17,1.7951672077178955,26.87349843978882,0.0025110244750976562,28.67117667198181,16085,25,16085,209,242244,1791,26038
all/randm21.02.02.14.020_0030.02.aba.beta,True,27,18,0.5501565933227539,2.8155102729797363,0.0030319690704345703,3.368698835372925,4681,18,4694,243,66271,1729,26096
all/randm21.02.02.14.020_0030.03.aba.beta,True,28,18,0.719653844833374,4.940752029418945,0.0021131038665771484,5.6625189781188965,4732,18,4735,243,55903,1529,23367
all/randm21.02.02.14.020_0030.04.aba.beta,True,27,18,2.3497977256774902,7.9700682163238525,0.002221822738647461,10.32208776473999,16641,16,16657,249,266769,1427,21470
all/randm21.02.02.14.020_0030.05.aba.beta,True,30,18,1.0566627979278564,2.197422504425049,0.002620697021484375,3.2567059993743896,5014,19,5014,215,69872,1839,27429
all/randm21.02.02.15.020_0030.01.aba.beta,True,16,13,0.09511947631835938,0.15996551513671875,0.0020241737365722656,0.2571091651916504,594,11,615,185,6154,1483,22995
all/randm21.02.02.15.020_0030.02.aba.beta,True,23,13,0.18951201438903809,0.40412139892578125,0.004834175109863281,0.5984675884246826,1644,18,1646,225,23035,3549,55947
all/randm21.02.02.15.020_0030.03.aba.beta,True,21,13,0.2621612548828125,0.42176079750061035,0.0039348602294921875,0.687856912612915,1611,16,1612,213,18055,2346,36785
all/randm21.02.02.15.020_0030.04.aba.beta,True,19,13,0.1662731170654297,0.27177929878234863,0.0023865699768066406,0.44043898582458496,932,14,943,197,9868,1749,26675
all/randm21.02.02.15.020_0030.05.aba.beta,True,23,13,0.237640380859375,0.4748220443725586,0.0047914981842041016,0.7172539234161377,974,20,975,197,13480,3264,50640
all/randm21.02.02.16.020_0030.01.aba.beta,True,4,10,0.011626243591308594,0.014281749725341797,0.0007069110870361328,0.026614904403686523,216,3,220,66,1486,565,8778
all/randm21.02.02.16.020_0030.02.aba.beta,True,6,10,0.02380657196044922,0.02881145477294922,0.0009000301361083984,0.053518056869506836,397,3,400,105,3188,699,11072
all/randm21.02.02.16.020_0030.03.aba.beta,True,6,10,0.016382455825805664,0.0314481258392334,0.0011734962463378906,0.04900407791137695,214,5,215,80,1546,617,9294
all/randm21.02.02.16.020_0030.04.aba.beta,True,8,10,0.019450664520263672,0.0343782901763916,0.0009434223175048828,0.054772377014160156,215,7,217,82,1601,747,11452
all/randm21.02.02.16.020_0030.05.aba.beta,True,6,10,0.01885366439819336,0.026059865951538086,0.0008180141448974609,0.045731544494628906,237,5,240,76,1734,628,9496
all/randm21.02.02.17.020_0030.01.aba.beta,True,12,11,0.05444979667663574,0.08917927742004395,0.0017902851104736328,0.14541935920715332,440,8,440,106,3533,904,13946
all/randm21.02.02.17.020_0030.02.aba.beta,True,7,11,0.026985883712768555,0.038065433502197266,0.0008137226104736328,0.06586503982543945,409,4,410,116,4551,626,9713
all/randm21.02.02.17.020_0030.03.aba.beta,True,15,11,0.06380057334899902,0.10380887985229492,0.0017688274383544922,0.16937828063964844,330,12,330,153,3083,1410,21226
all/randm21.02.02.17.020_0030.04.aba.beta,True,10,11,0.045684099197387695,0.07651400566101074,0.0014221668243408203,0.12362027168273926,435,8,438,152,3556,1079,16453
all/randm21.02.02.17.020_0030.05.aba.beta,True,11,11,0.04679560661315918,0.07775449752807617,0.0015864372253417969,0.12613654136657715,450,8,451,144,4459,1050,16142
all/randm21.02.02.18.020_0030.01.aba.beta,True,33,18,2.588787794113159,11.962053060531616,0.006538867950439453,14.557379722595215,24640,25,24640,260,326900,3742,58831
all/randm21.02.02.18.020_0030.02.aba.beta,True,18,18,1.3094148635864258,4.539498567581177,0.002821207046508789,5.851734638214111,13613,8,13613,239,169293,1857,29142
all/randm21.02.02.18.020_0030.03.aba.beta,True,23,17,0.9657676219940186,6.301988124847412,0.0019218921661376953,7.269677639007568,7278,15,7278,216,86714,1292,18975
all/randm21.02.02.18.020_0030.04.aba.beta,True,18,18,0.34812259674072266,0.6526234149932861,0.002153158187866211,1.002899169921875,2317,11,2340,213,25474,1288,19838
all/randm21.02.02.18.020_0030.05.aba.beta,True,29,18,1.418384075164795,7.637147665023804,0.006435394287109375,9.061967134475708,7940,20,7940,234,95106,4452,69535
all/randm21.02.02.19.020_0030.01.aba.beta,True,13,12,0.06196141242980957,0.1266942024230957,0.0017061233520507812,0.19036173820495605,439,10,441,160,3696,1166,17881
all/randm21.02.02.19.020_0030.02.aba.beta,True,14,12,0.09614324569702148,0.1674516201019287,0.001870870590209961,0.26546573638916016,778,10,778,184,6853,1305,20016
all/randm21.02.02.19.020_0030.03.aba.beta,True,15,12,0.1786036491394043,0.21770334243774414,0.001493215560913086,0.3978002071380615,2612,9,2613,189,39377,1010,15631
all/randm21.02.02.19.020_0030.04.aba.beta,True,9,12,0.05841493606567383,0.07178092002868652,0.0009405612945556641,0.13113641738891602,1351,4,1351,148,12143,651,10290
all/randm21.02.02.19.020_0030.05.aba.beta,True,12,12,0.0734705924987793,0.13659286499023438,0.0014965534210205078,0.21156001091003418,1323,7,1323,160,11986,933,14416
all/randm22.02.02.01.020_0030.01.aba.beta,True,45,19,6.440734624862671,83.49694538116455,0.010252952575683594,89.9479329586029,19821,31,19821,292,367216,4857,75084
all/randm22.02.02.01.020_0030.02.aba.beta,True,45,19,5.222876071929932,32.6530876159668,0.006588459014892578,37.88255214691162,19637,31,19671,313,366032,3634,55162
all/randm22.02.02.01.020_0030.03.aba.beta,True,43,19,2.7638838291168213,11.63730239868164,0.006042003631591797,14.407228231430054,9499,31,9499,267,141162,3618,54174
all/randm22.02.02.01.020_0030.04.aba.beta,True,39,19,2.51576566696167,7.140794038772583,0.0041620731353759766,9.660721778869629,17864,26,17877,300,304699,2895,44916
all/randm22.02.02.01.020_0030.05.aba.beta,True,34,19,1.3599114418029785,10.811786651611328,0.0042629241943359375,12.175961017608643,5607,21,5607,254,80523,2493,37468
all/randm22.02.02.02.020_0030.01.aba.beta,True,24,18,0.3884613513946533,1.0578176975250244,0.005161762237548828,1.4514408111572266,3969,16,3987,254,50706,3226,50577
all/randm22.02.02.02.020_0030.02.aba.beta,True,34,18,0.5675737857818604,2.030258893966675,0.004687786102294922,2.60252046585083,4430,25,4434,234,49799,3449,52457
all/randm22.02.02.02.020_0030.03.aba.beta,True,24,17,0.3417167663574219,0.9146857261657715,0.004112958908081055,1.2605154514312744,2140,20,2140,227,24786,2678,40986
all/randm22.02.02.02.020_0030.04.aba.beta,True,11,18,0.19331908226013184,0.2899768352508545,0.001104593276977539,0.48440051078796387,2190,5,2195,179,21814,766,11797
all/randm22.02.02.02.020_0030.05.aba.beta,True,19,16,0.2719762325286865,0.5774533748626709,0.0022232532501220703,0.8516528606414795,1115,14,1123,201,10469,1700,26050
all/randm22.02.02.03.020_0030.01.aba.beta,True,12,11,0.07554316520690918,0.0955190658569336,0.0018534660339355469,0.17291569709777832,414,8,423,154,3310,1200,18381
all/randm22.02.02.03.020_0030.02.aba.beta,True,13,11,0.057496070861816406,0.11239504814147949,0.0018100738525390625,0.17170119285583496,640,10,641,158,5339,1055,16142
all/randm22.02.02.03.020_0030.03.aba.beta,True,12,11,0.04395294189453125,0.05971407890319824,0.001371145248413086,0.10503816604614258,669,8,671,142,5457,1006,15428
all/randm22.02.02.03.020_0030.04.aba.beta,True,13,11,0.06616997718811035,0.10795116424560547,0.0015482902526855469,0.17566943168640137,725,10,740,173,6291,1209,18191
all/randm22.02.02.03.020_0030.05.aba.beta,True,10,11,0.050870656967163086,0.0758824348449707,0.0010218620300292969,0.12777495384216309,445,7,447,116,5479,748,11443
all/randm22.02.02.04.020_0030.01.aba.beta,False,28,19,3.0080323219299316,294.37993478775024,0.002691984176635742,297.3906590938568,15358,19,15358,272,203360,1449,21226
all/randm22.02.02.04.020_0030.02.aba.beta,True,31,19,1.0132207870483398,151.6013889312744,0.004920005798339844,152.6195297241211,7765,23,7768,257,91329,2761,42762
all/randm22.02.02.04.020_0030.03.aba.beta,True,23,19,2.2356619834899902,86.39044332504272,0.003191232681274414,88.62929654121399,26435,13,26435,277,350567,2312,36137
all/randm22.02.02.04.020_0030.04.aba.beta,True,25,19,0.8120276927947998,38.93938994407654,0.003243684768676758,39.754661321640015,7491,17,7491,249,83419,2057,31129
all/randm22.02.02.04.020_0030.05.aba.beta,False,24,19,1.2302727699279785,204.72672152519226,0.0012781620025634766,205.9582724571228,14780,12,14780,243,189804,887,13259
all/randm22.02.02.05.020_0030.01.aba.beta,True,31,17,5.37766695022583,43.61195945739746,0.010375261306762695,49.000001668930054,24659,23,24659,312,358104,5403,84376
all/randm22.02.02.05.020_0030.02.aba.beta,True,29,17,0.8403410911560059,1.4429550170898438,0.003956794738769531,2.287252902984619,2177,21,2190,218,27552,2044,30394
all/randm22.02.02.05.020_0030.03.aba.beta,True,23,17,0.5735042095184326,1.2032475471496582,0.004192352294921875,1.7809441089630127,3996,16,4000,205,47412,2380,36598
all/randm22.02.02.05.020_0030.04.aba.beta,True,25,17,1.6785321235656738,6.22115421295166,0.0025849342346191406,7.902271270751953,15202,15,15202,219,242920,1378,20659
all/randm22.02.02.05.020_0030.05.aba.beta,True,32,17,1.598247766494751,14.582873821258545,0.006741523742675781,16.18786311149597,14926,20,14926,274,266014,4117,65288
all/randm22.02.02.06.020_0030.01.aba.beta,True,20,15,0.23861384391784668,0.6135303974151611,0.0017502307891845703,0.8538944721221924,1973,13,1982,201,26042,1319,19779
all/randm22.02.02.06.020_0030.02.aba.beta,True,15,15,0.21719908714294434,0.34372711181640625,0.002321004867553711,0.5632472038269043,1821,10,1821,160,17557,1730,26736
all/randm22.02.02.06.020_0030.03.aba.beta,True,14,15,0.15105175971984863,0.297008752822876,0.00157928466796875,0.44963979721069336,1810,9,1811,195,17745,1191,18346
all/randm22.02.02.06.020_0030.04.aba.beta,True,13,15,0.11183953285217285,0.24765634536743164,0.0031461715698242188,0.3626420497894287,945,8,949,163,8279,1964,30845
all/randm22.02.02.06.020_0030.05.aba.beta,True,17,15,0.1360912322998047,0.32143688201904297,0.0028018951416015625,0.4603300094604492,1003,13,1003,189,10428,1534,23187
all/randm22.02.02.07.020_0030.01.aba.beta,True,10,11,0.0490422248840332,0.07071137428283691,0.0015368461608886719,0.12129044532775879,659,7,662,138,5289,1191,18419
all/randm22.02.02.07.020_0030.02.aba.beta,True,8,10,0.03445076942443848,0.04369688034057617,0.0011327266693115234,0.07928037643432617,616,5,622,128,5703,811,12480
all/randm22.02.02.07.020_0030.03.aba.beta,True,7,11,0.029246807098388672,0.04986858367919922,0.0010449886322021484,0.08016037940979004,180,7,190,93,1305,654,9707
all/randm22.02.02.07.020_0030.04.aba.beta,True,9,11,0.026764392852783203,0.051934003829956055,0.0014548301696777344,0.08015322685241699,410,6,413,107,4001,801,12167
all/randm22.02.02.07.020_0030.05.aba.beta,True,10,11,0.0344390869140625,0.0682675838470459,0.0012924671173095703,0.10399913787841797,350,8,352,107,2522,861,12933
all/randm22.02.02.08.020_0030.01.aba.beta,True,29,18,1.1238911151885986,11.217819929122925,0.005586147308349609,12.347297191619873,8057,19,8057,272,111903,3576,56398
all/randm22.02.02.08.020_0030.02.aba.beta,True,12,15,0.09166717529296875,0.13225126266479492,0.0017392635345458984,0.22565770149230957,960,5,968,136,8587,1222,19575
all/randm22.02.02.08.020_0030.03.aba.beta,True,11,16,0.10627317428588867,0.19333243370056152,0.0008542537689208984,0.3004598617553711,1844,6,1844,146,17501,621,9351
all/randm22.02.02.08.020_0030.04.aba.beta,True,23,15,0.2639937400817871,0.4548375606536865,0.0033969879150390625,0.7222282886505127,1905,16,1905,189,22987,1835,28205
all/randm22.02.02.08.020_0030.05.aba.beta,True,32,18,1.08193039894104,2.1385271549224854,0.007035255432128906,3.2274928092956543,7249,24,7249,233,86489,4291,67640
all/randm22.02.02.09.020_0030.01.aba.beta,True,20,16,0.2429811954498291,0.591458797454834,0.004454135894775391,0.8388941287994385,1832,15,1834,231,17412,2717,42709
all/randm22.02.02.09.020_0030.02.aba.beta,True,33,17,0.5709741115570068,1.3385417461395264,0.0063817501068115234,1.9158976078033447,2356,26,2369,285,30170,3963,61135
all/randm22.02.02.09.020_0030.03.aba.beta,True,32,16,1.5273263454437256,4.750312328338623,0.0061321258544921875,6.283770799636841,7131,23,7131,275,107406,3761,57948
all/randm22.02.02.09.020_0030.04.aba.beta,True,22,17,0.6310648918151855,1.6217761039733887,0.0053594112396240234,2.2582004070281982,3941,15,3947,253,49077,3162,50019
all/randm22.02.02.09.020_0030.05.aba.beta,True,25,15,0.3558464050292969,0.6905319690704346,0.0054759979248046875,1.0518543720245361,2904,20,2904,225,28913,3510,54107
all/randm22.02.02.10.020_0030.01.aba.beta,True,22,18,0.6177923679351807,1.8551647663116455,0.003927946090698242,2.4768850803375244,4319,13,4319,271,50402,1888,29730
all/randm22.02.02.10.020_0030.02.aba.beta,True,17,18,0.5029983520507812,1.0257740020751953,0.0020782947540283203,1.5308506488800049,6718,10,6718,226,75368,1472,22665
all/randm22.02.02.10.020_0030.03.aba.beta,True,22,17,1.2750201225280762,2.964731454849243,0.004294872283935547,4.244046449661255,7767,14,7774,261,122523,2560,39677
all/randm22.02.02.10.020_0030.04.aba.beta,True,24,18,0.44593310356140137,0.9631328582763672,0.004347801208496094,1.4134137630462646,2231,18,2233,255,23364,2526,39645
all/randm22.02.02.10.020_0030.05.aba.beta,True,28,18,1.2486839294433594,1.094714879989624,0.0034537315368652344,2.3468525409698486,8469,16,8469,252,121792,2461,38355
all/randm22.02.02.11.020_0030.01.aba.beta,True,19,19,0.4794173240661621,5.711009502410889,0.0017805099487304688,6.192207336425781,4419,12,4421,224,52281,1319,19946
all/randm22.02.02.11.020_0030.02.aba.beta,True,27,19,0.8953430652618408,6.117497205734253,0.0029752254486083984,7.015815496444702,8739,18,8756,243,112103,1929,29816
all/randm22.02.02.11.020_0030.03.aba.beta,True,19,19,0.3316371440887451,1.1428251266479492,0.0025589466094970703,1.4770212173461914,2460,12,2479,244,27140,1508,22799
all/randm22.02.02.11.020_0030.04.aba.beta,True,22,19,0.6963584423065186,6.2986297607421875,0.0020143985748291016,6.997002601623535,7223,16,7225,227,79889,1433,21350
all/randm22.02.02.11.020_0030.05.aba.beta,True,22,19,1.220973014831543,3.8510196208953857,0.0022475719451904297,5.074240207672119,8462,12,8462,220,103689,1419,21438
all/randm22.02.02.12.020_0030.01.aba.beta,True,21,15,0.2548940181732178,0.7182707786560059,0.0030531883239746094,0.9762179851531982,1790,15,1790,194,23011,1863,28595
all/randm22.02.02.12.020_0030.02.aba.beta,True,25,15,1.1157827377319336,3.9506871700286865,0.0025675296783447266,5.069037437438965,10304,18,10304,234,139536,1642,24205
all/randm22.02.02.12.020_0030.03.aba.beta,True,28,15,0.49077701568603516,2.071082830429077,0.0033550262451171875,2.5652148723602295,3406,22,3406,236,40562,2397,35511
all/randm22.02.02.12.020_0030.04.aba.beta,True,36,15,0.6861612796783447,3.120009422302246,0.006045341491699219,3.81221604347229,2225,28,2230,274,34007,3878,59165
all/randm22.02.02.12.020_0030.05.aba.beta,True,28,15,1.36651611328125,9.821112632751465,0.0039174556732177734,11.191546201705933,10327,21,10327,261,139801,2672,40415
all/randm22.02.02.13.020_0030.01.aba.beta,True,19,17,0.6081254482269287,1.219886302947998,0.0018427371978759766,1.8298544883728027,6717,12,6750,243,82498,1191,17807
all/randm22.02.02.13.020_0030.02.aba.beta,True,31,17,2.013357162475586,13.381814956665039,0.005768537521362305,15.400940656661987,7767,22,7767,294,98671,3540,54594
all/randm22.02.02.13.020_0030.03.aba.beta,True,19,17,0.8857071399688721,2.07844614982605,0.0021529197692871094,2.966306209564209,12711,10,12711,224,153543,1464,22797
all/randm22.02.02.13.020_0030.04.aba.beta,True,32,17,0.770803689956665,4.540058851242065,0.0062220096588134766,5.317084550857544,2188,26,2193,273,24976,3924,59536
all/randm22.02.02.13.020_0030.05.aba.beta,True,23,17,0.5060763359069824,1.9875237941741943,0.005037546157836914,2.4986376762390137,2137,18,2140,222,27333,2670,40910
all/randm22.02.02.14.020_0030.01.aba.beta,True,32,18,1.7567710876464844,4.556818246841431,0.005780935287475586,6.319370269775391,15924,20,15924,262,257717,3915,61238
all/randm22.02.02.14.020_0030.02.aba.beta,True,29,17,1.0822997093200684,5.674332141876221,0.0049419403076171875,6.761573791503906,4189,22,4189,257,54291,3047,46262
all/randm22.02.02.14.020_0030.03.aba.beta,True,26,17,1.5548694133758545,34.75263166427612,0.003381967544555664,36.31088304519653,8715,16,8715,267,138186,2196,33720
all/randm22.02.02.14.020_0030.04.aba.beta,True,23,18,0.9888155460357666,15.286483526229858,0.002617359161376953,16.277916431427002,13323,14,13323,232,171505,1876,29175
all/randm22.02.02.14.020_0030.05.aba.beta,True,35,18,1.5826897621154785,24.664405345916748,0.007079124450683594,26.25417423248291,15194,25,15194,297,250372,4367,68819
all/randm22.02.02.15.020_0030.01.aba.beta,True,6,10,0.017802953720092773,0.031809091567993164,0.0012679100036621094,0.05087995529174805,365,3,365,87,2676,565,8816
all/randm22.02.02.15.020_0030.02.aba.beta,True,9,10,0.03233647346496582,0.057776689529418945,0.0022139549255371094,0.09232711791992188,347,7,349,106,2509,1642,25464
all/randm22.02.02.15.020_0030.03.aba.beta,True,5,10,0.011939287185668945,0.015574216842651367,0.0017180442810058594,0.029231548309326172,188,5,193,59,1325,866,13467
all/randm22.02.02.15.020_0030.04.aba.beta,True,1,8,0.0035746097564697266,0.0025482177734375,0.0007479190826416016,0.006870746612548828,118,1,120,50,647,534,8580
all/randm22.02.02.15.020_0030.05.aba.beta,True,7,10,0.019832849502563477,0.030791044235229492,0.0013201236724853516,0.05194401741027832,221,6,221,84,1453,975,14934
all/randm22.02.02.16.020_0030.01.aba.beta,True,23,16,0.9855294227600098,4.530809640884399,0.0033774375915527344,5.519716501235962,6729,14,6750,266,84329,2082,31954
all/randm22.02.02.16.020_0030.02.aba.beta,True,27,16,0.4126596450805664,5.376777648925781,0.0028290748596191406,5.792266368865967,3823,17,3823,222,42112,1895,29183
all/randm22.02.02.16.020_0030.03.aba.beta,True,33,16,1.4166133403778076,45.81650638580322,0.0042645931243896484,47.23738431930542,12136,23,12136,311,157463,2660,41229
all/randm22.02.02.16.020_0030.04.aba.beta,True,30,16,0.9372892379760742,33.034140825271606,0.003631591796875,33.975061655044556,7772,21,7779,272,119565,2457,37686
all/randm22.02.02.16.020_0030.05.aba.beta,True,32,16,0.8192999362945557,11.19532322883606,0.006019115447998047,12.020642280578613,6506,24,6510,264,84120,3978,61872
all/randm22.02.02.17.020_0030.01.aba.beta,True,15,17,0.37505412101745605,1.352039098739624,0.002468109130859375,1.7295613288879395,3735,8,3735,233,41890,1455,22948
all/randm22.02.02.17.020_0030.02.aba.beta,True,26,17,0.33701586723327637,0.7103316783905029,0.002291440963745117,1.0496389865875244,1882,22,1887,208,18240,1615,23484
all/randm22.02.02.17.020_0030.03.aba.beta,True,22,17,0.4586811065673828,1.3797650337219238,0.002156496047973633,1.8406026363372803,3885,15,3885,202,42276,1575,23569
all/randm22.02.02.17.020_0030.04.aba.beta,True,32,17,0.49195408821105957,1.6929218769073486,0.003235340118408203,2.1881113052368164,3778,24,3778,219,41662,1953,28917
all/randm22.02.02.17.020_0030.05.aba.beta,True,20,17,0.27407193183898926,0.6010806560516357,0.0020694732666015625,0.8772220611572266,1276,13,1288,210,12578,1558,23911
all/randm22.02.02.18.020_0030.01.aba.beta,True,22,18,0.48461174964904785,2.168553590774536,0.0025408267974853516,2.6557061672210693,2236,15,2245,216,26601,1841,27915
all/randm22.02.02.18.020_0030.02.aba.beta,True,28,18,0.7108681201934814,2.245541572570801,0.0030508041381835938,2.959460496902466,4474,20,4478,246,56713,2054,30849
all/randm22.02.02.18.020_0030.03.aba.beta,True,25,18,1.268672227859497,6.037956714630127,0.002122163772583008,7.308751106262207,8324,14,8324,251,107260,1554,23401
all/randm22.02.02.18.020_0030.04.aba.beta,True,15,18,0.34020090103149414,2.2720773220062256,0.0017213821411132812,2.613999605178833,3874,8,3876,217,41177,1094,16855
all/randm22.02.02.18.020_0030.05.aba.beta,True,29,18,2.146472930908203,28.610594749450684,0.0055484771728515625,30.76261615753174,8003,21,8003,257,103203,3781,58743
all/randm22.02.02.19.020_0030.01.aba.beta,True,38,16,0.5566136837005615,3.8671727180480957,0.00584721565246582,4.429633617401123,2418,30,2418,283,44228,4207,65550
all/randm22.02.02.19.020_0030.02.aba.beta,True,33,16,1.5000927448272705,8.367251873016357,0.005975961685180664,9.873320579528809,7666,23,7666,298,129019,3688,56975
all/randm22.02.02.19.020_0030.03.aba.beta,True,42,16,2.92995548248291,203.04579067230225,0.010160207748413086,205.98590636253357,13409,30,13409,353,228788,6097,97113
all/randm22.02.02.19.020_0030.04.aba.beta,True,38,16,0.647376298904419,1.7271137237548828,0.005678415298461914,2.3801684379577637,4155,27,4155,283,65599,3761,57137
all/randm22.02.02.19.020_0030.05.aba.beta,True,31,17,1.2614102363586426,28.23046636581421,0.00501561164855957,29.49689221382141,8706,20,8706,253,151774,3353,52801
all/randm23.02.02.01.020_0030.01.aba.beta,True,33,21,2.286421298980713,25.907637119293213,0.00880885124206543,28.20286726951599,10190,22,10190,316,132879,5025,79437
all/randm23.02.02.01.020_0030.02.aba.beta,True,40,21,3.538947582244873,168.42805862426758,0.009263753890991211,171.97626996040344,17497,31,17497,304,229254,5670,88380
all/randm23.02.02.01.020_0030.03.aba.beta,True,27,20,1.3205618858337402,28.682313203811646,0.0042574405670166016,30.007132530212402,8273,19,8273,240,117834,2382,36917
all/randm23.02.02.01.020_0030.04.aba.beta,True,23,21,1.3738532066345215,10.198424816131592,0.003185272216796875,11.57546329498291,9001,15,9001,251,110051,2140,32944
all/randm23.02.02.01.020_0030.05.aba.beta,True,23,21,2.232764482498169,18.130123138427734,0.0036652088165283203,20.36655282974243,16419,14,16419,268,209973,2485,39000
all/randm23.02.02.02.020_0030.01.aba.beta,True,32,19,4.633980989456177,87.98159646987915,0.0041577816009521484,92.61973524093628,29761,20,29761,299,495065,2892,44321
all/randm23.02.02.02.020_0030.02.aba.beta,True,27,19,0.9579801559448242,4.664368629455566,0.002246379852294922,5.6245951652526855,9667,18,9667,233,146667,1511,22392
all/randm23.02.02.02.020_0030.03.aba.beta,True,37,19,2.4303557872772217,36.26318430900574,0.004334449768066406,38.697874546051025,16964,26,16964,267,298655,2579,39380
all/randm23.02.02.02.020_0030.04.aba.beta,True,35,19,4.480018854141235,126.37399673461914,0.003381490707397461,130.85739707946777,32374,23,32374,251,521557,2083,31671
all/randm23.02.02.02.020_0030.05.aba.beta,True,21,19,1.2949063777923584,9.742184162139893,0.0017535686492919922,11.038844108581543,27948,10,27948,241,390567,1037,15746
all/randm23.02.02.03.020_0030.01.aba.beta,True,25,18,1.3706927299499512,6.020839691162109,0.00316619873046875,7.394698619842529,12865,17,12865,255,155955,2164,32835
all/randm23.02.02.03.020_0030.02.aba.beta,True,32,16,0.49030303955078125,1.6624031066894531,0.004376649856567383,2.1570827960968018,2272,25,2274,241,30679,3061,46577
all/randm23.02.02.03.020_0030.03.aba.beta,True,31,18,1.2825536727905273,13.402713060379028,0.003651142120361328,14.688917875289917,8117,22,8117,212,143667,2397,36488
all/randm23.02.02.03.020_0030.04.aba.beta,True,24,18,0.9374885559082031,3.0011162757873535,0.0029931068420410156,3.9415979385375977,7947,16,7947,250,100901,2145,32691
all/randm23.02.02.03.020_0030.05.aba.beta,True,28,16,0.4116334915161133,0.9460964202880859,0.002753019332885742,1.360482931137085,3681,21,3681,191,39444,1858,27326
all/randm23.02.02.04.020_0030.01.aba.beta,True,22,12,0.24825334548950195,0.411226749420166,0.0038340091705322266,0.6633141040802002,1362,17,1362,194,17307,2337,35360
all/randm23.02.02.04.020_0030.02.aba.beta,True,20,12,0.14004969596862793,0.30431151390075684,0.0032668113708496094,0.4476280212402344,741,17,741,177,6452,1949,29396
all/randm23.02.02.04.020_0030.03.aba.beta,True,13,12,0.10998392105102539,0.15614748001098633,0.0027527809143066406,0.26888418197631836,2314,6,2314,165,22785,1543,24258
all/randm23.02.02.04.020_0030.04.aba.beta,True,17,12,0.12380051612854004,0.1789073944091797,0.0018036365509033203,0.30451154708862305,765,12,765,159,8539,1258,19253
all/randm23.02.02.04.020_0030.05.aba.beta,True,16,12,0.07838892936706543,0.1427605152130127,0.0017025470733642578,0.22285199165344238,456,12,456,154,4265,1246,18799
all/randm23.02.02.05.020_0030.01.aba.beta,False,34,22,5.1486430168151855,264.8190026283264,0.00493311882019043,269.9725787639618,35895,21,35895,311,563628,3229,50707
all/randm23.02.02.05.020_0030.02.aba.beta,True,32,23,9.910075187683105,145.8888578414917,0.008675098419189453,155.807608127594,72262,20,72262,311,1156465,5394,85133
all/randm23.02.02.05.020_0030.03.aba.beta,True,30,23,5.191514015197754,173.12759709358215,0.004132270812988281,178.3232433795929,37931,19,37931,290,540644,2861,43563
all/randm23.02.02.05.020_0030.04.aba.beta,False,29,0,2.6868865489959717,433.283096075058,0.001399993896484375,435.97138261795044,33848,14,33848,269,514114,903,13608
all/randm23.02.02.05.020_0030.05.aba.beta,False,24,23,5.140410423278809,316.82446098327637,0.0016210079193115234,321.9664924144745,65449,11,65449,283,957667,882,13092
all/randm23.02.02.06.020_0030.01.aba.beta,True,41,18,1.1633522510528564,12.75758695602417,0.008800029754638672,13.929739236831665,7215,32,7218,339,84473,6051,95322
all/randm23.02.02.06.020_0030.02.aba.beta,False,43,19,7.147361993789673,207.79253244400024,0.009460210800170898,214.9493546485901,28769,29,28769,379,469504,5767,90254
all/randm23.02.02.06.020_0030.03.aba.beta,False,42,19,5.633352756500244,209.44826793670654,0.005419015884399414,215.0870397090912,29495,29,29495,293,428424,3502,52432
all/randm23.02.02.06.020_0030.04.aba.beta,True,41,18,2.6999847888946533,3.587986469268799,0.007666110992431641,6.295637369155884,16720,30,16724,293,262959,5497,84895
all/randm23.02.02.06.020_0030.05.aba.beta,True,24,19,2.873265504837036,53.55188298225403,0.003792285919189453,56.428940773010254,30608,12,30608,290,518728,2443,38524
all/randm23.02.02.07.020_0030.01.aba.beta,True,20,20,0.6379280090332031,1.5299928188323975,0.003036022186279297,2.17095685005188,8616,11,8616,221,102915,2207,34498
all/randm23.02.02.07.020_0030.02.aba.beta,True,36,20,1.7114357948303223,7.621079683303833,0.007340908050537109,9.339856386184692,9867,24,9867,259,164965,4749,72466
all/randm23.02.02.07.020_0030.03.aba.beta,True,20,20,1.9068567752838135,1.9760410785675049,0.005029201507568359,3.8879270553588867,17817,10,17818,273,253287,2815,44371
all/randm23.02.02.07.020_0030.04.aba.beta,True,26,20,0.8722703456878662,4.27688455581665,0.005604982376098633,5.154759883880615,8244,16,8244,244,100944,3238,50050
all/randm23.02.02.07.020_0030.05.aba.beta,True,16,20,0.701838493347168,2.1807732582092285,0.0015778541564941406,2.8841896057128906,5369,7,5374,190,64999,744,11369
all/randm23.02.02.08.020_0030.01.aba.beta,False,29,20,4.449195623397827,216.9391450881958,0.0037560462951660156,221.3920967578888,30758,19,30758,278,459715,2039,31280
all/randm23.02.02.08.020_0030.02.aba.beta,False,26,20,6.027386903762817,215.09015703201294,0.002257823944091797,221.11980175971985,56865,14,56865,300,870338,1582,24243
all/randm23.02.02.08.020_0030.03.aba.beta,False,26,0,2.802744150161743,209.73519897460938,0.0016238689422607422,212.53956699371338,28144,13,28144,258,388842,1170,17537
all/randm23.02.02.08.020_0030.04.aba.beta,True,23,20,8.056159257888794,71.35204839706421,0.0026366710662841797,79.41084432601929,56123,11,56123,295,801017,1532,23225
all/randm23.02.02.08.020_0030.05.aba.beta,True,31,19,1.755244493484497,19.600794315338135,0.006173849105834961,21.362212657928467,13940,23,13940,305,171768,3535,55641
all/randm23.02.02.09.020_0030.01.aba.beta,True,18,21,0.6633656024932861,8.072434425354004,0.0019659996032714844,8.737766027450562,8249,11,8249,228,93573,1291,19370
all/randm23.02.02.09.020_0030.02.aba.beta,True,25,20,1.5276596546173096,16.3419132232666,0.002620220184326172,17.872193098068237,18456,13,18456,257,270106,1694,26362
all/randm23.02.02.09.020_0030.03.aba.beta,True,25,21,1.9840452671051025,4.78316068649292,0.003628969192504883,6.770834922790527,10087,14,10098,271,124223,2327,35957
all/randm23.02.02.09.020_0030.04.aba.beta,True,18,21,0.3220682144165039,3.2157251834869385,0.0014383792877197266,3.539231777191162,2464,10,2467,192,24892,1014,15439
all/randm23.02.02.09.020_0030.05.aba.beta,True,20,22,0.5366175174713135,4.656266212463379,0.002726316452026367,5.195610046386719,5023,12,5027,252,54820,1737,26833
all/randm23.02.02.10.020_0030.01.aba.beta,True,34,19,1.2506563663482666,14.229605197906494,0.0044116973876953125,15.484673261642456,8770,23,8770,245,144585,2908,44390
all/randm23.02.02.10.020_0030.02.aba.beta,True,26,19,0.5274708271026611,1.9039931297302246,0.0028100013732910156,2.4342739582061768,2648,16,2654,213,45119,1941,29039
all/randm23.02.02.10.020_0030.03.aba.beta,True,36,19,0.8938298225402832,6.34332537651062,0.005450248718261719,7.242605447769165,2997,27,3023,267,44807,3591,56990
all/randm23.02.02.10.020_0030.04.aba.beta,True,29,19,1.8001563549041748,11.671543598175049,0.006720066070556641,13.47842001914978,8152,22,8155,270,113561,4266,66336
all/randm23.02.02.10.020_0030.05.aba.beta,True,37,19,0.8544940948486328,6.006963729858398,0.0058400630950927734,6.867297887802124,2501,30,2533,274,33833,3753,58237
all/randm23.02.02.11.020_0030.01.aba.beta,True,12,15,0.09944295883178711,0.23485589027404785,0.002911806106567383,0.33721065521240234,455,10,487,211,5094,1892,29615
all/randm23.02.02.11.020_0030.02.aba.beta,True,14,15,0.1088249683380127,0.23688864707946777,0.002368927001953125,0.3480825424194336,612,10,614,164,5444,1697,26032
all/randm23.02.02.11.020_0030.03.aba.beta,True,15,15,0.13421106338500977,0.28493690490722656,0.003584146499633789,0.4227321147918701,685,12,703,195,6787,2471,38610
all/randm23.02.02.11.020_0030.04.aba.beta,True,11,15,0.08318495750427246,0.1481187343597412,0.001444101333618164,0.23274779319763184,968,6,974,142,8636,673,10392
all/randm23.02.02.11.020_0030.05.aba.beta,True,11,15,0.10051989555358887,0.15656018257141113,0.001428365707397461,0.25850844383239746,1019,5,1019,142,8871,1001,15611
all/randm23.02.02.12.020_0030.01.aba.beta,True,33,20,1.8195807933807373,20.800598859786987,0.007408618927001953,22.627588272094727,9339,23,9343,294,114096,4402,68188
all/randm23.02.02.12.020_0030.02.aba.beta,True,29,20,1.602715253829956,13.028354406356812,0.00449681282043457,14.635566473007202,9064,18,9064,239,113622,2810,43157
all/randm23.02.02.12.020_0030.03.aba.beta,True,20,19,0.8783442974090576,8.750127077102661,0.0024023056030273438,9.630873680114746,8128,12,8149,235,99095,1683,25766
all/randm23.02.02.12.020_0030.04.aba.beta,True,36,20,1.1473569869995117,22.00351858139038,0.0073888301849365234,23.15826439857483,5310,27,5322,298,77649,4752,73177
all/randm23.02.02.12.020_0030.05.aba.beta,True,39,20,2.2968177795410156,15.772316217422485,0.007113933563232422,18.076247930526733,16774,26,16775,322,237977,4070,63572
all/randm23.02.02.13.020_0030.01.aba.beta,True,19,16,0.17438721656799316,0.6189382076263428,0.0044133663177490234,0.797738790512085,1770,14,1774,228,16877,3033,47210
all/randm23.02.02.13.020_0030.02.aba.beta,True,22,17,0.35927343368530273,1.0161967277526855,0.0037140846252441406,1.3791842460632324,2235,17,2279,250,32654,2671,41263
all/randm23.02.02.13.020_0030.03.aba.beta,True,28,16,0.3231039047241211,0.6836385726928711,0.003316640853881836,1.010059118270874,2268,22,2296,229,30081,2282,34263
all/randm23.02.02.13.020_0030.04.aba.beta,True,33,16,0.7411158084869385,1.3171794414520264,0.00555729866027832,2.063852548599243,3778,24,3779,236,46593,3705,59742
all/randm23.02.02.13.020_0030.05.aba.beta,True,36,19,2.852543592453003,28.954957008361816,0.008076667785644531,31.815577268600464,16219,25,16219,295,234775,4883,76276
all/randm23.02.02.14.020_0030.01.aba.beta,True,25,20,14.594685077667236,93.5521457195282,0.004030942916870117,108.1508617401123,102373,13,102373,272,1634303,1845,28553
all/randm23.02.02.14.020_0030.02.aba.beta,True,39,20,2.4155797958374023,18.60145664215088,0.007367849349975586,21.024404287338257,9032,29,9032,296,131159,5064,78691
all/randm23.02.02.14.020_0030.03.aba.beta,True,38,20,0.8265118598937988,3.1843621730804443,0.007648944854736328,4.0185229778289795,4985,28,4985,272,73934,5011,78354
all/randm23.02.02.14.020_0030.04.aba.beta,True,19,20,0.6064105033874512,2.320331335067749,0.001596689224243164,2.9283385276794434,4852,10,4857,202,61491,1061,16131
all/randm23.02.02.14.020_0030.05.aba.beta,True,40,20,1.0422029495239258,6.708476305007935,0.006813526153564453,7.757492780685425,5673,28,5682,265,85801,4820,75128
all/randm23.02.02.15.020_0030.01.aba.beta,True,11,15,0.15386366844177246,0.19724035263061523,0.0010223388671875,0.3521263599395752,1809,5,1815,179,18657,749,11634
all/randm23.02.02.15.020_0030.02.aba.beta,True,14,15,0.15950369834899902,0.37180376052856445,0.0016338825225830078,0.5329413414001465,971,10,983,178,8767,1265,19334
all/randm23.02.02.15.020_0030.03.aba.beta,True,13,15,0.09448552131652832,0.22963857650756836,0.002019166946411133,0.3261432647705078,576,9,579,144,4703,1557,24074
all/randm23.02.02.15.020_0030.04.aba.beta,True,19,15,0.1655275821685791,0.3033413887023926,0.0028994083404541016,0.4717683792114258,607,15,621,149,6766,2162,33428
all/randm23.02.02.15.020_0030.05.aba.beta,True,19,15,0.1809673309326172,0.357799768447876,0.0016841888427734375,0.5404512882232666,1086,14,1092,153,10521,1196,18221
all/randm23.02.02.16.020_0030.01.aba.beta,True,21,20,0.3433339595794678,1.0012600421905518,0.002346515655517578,1.346940517425537,2505,16,2525,235,26156,1681,25127
all/randm23.02.02.16.020_0030.02.aba.beta,True,19,20,0.9653100967407227,4.0094804763793945,0.003104686737060547,4.977895259857178,8342,9,8342,205,96089,1994,30726
all/randm23.02.02.16.020_0030.03.aba.beta,True,24,20,2.3387703895568848,4.539464235305786,0.0029370784759521484,6.881171703338623,16916,14,16917,270,249032,1939,29424
all/randm23.02.02.16.020_0030.04.aba.beta,True,17,20,0.28893184661865234,0.6557583808898926,0.001394033432006836,0.9460842609405518,1385,10,1392,197,13260,1011,15569
all/randm23.02.02.16.020_0030.05.aba.beta,True,18,20,1.2401647567749023,4.164956331253052,0.0016710758209228516,5.406792163848877,16403,9,16403,234,210404,1025,15643
all/randm23.02.02.17.020_0030.01.aba.beta,True,28,17,0.5504789352416992,1.3913543224334717,0.004670381546020508,1.9465036392211914,3852,21,3857,224,47551,3211,49551
all/randm23.02.02.17.020_0030.02.aba.beta,True,24,18,1.4540860652923584,5.27541971206665,0.006371974945068359,6.735877752304077,8090,15,8090,246,103553,3943,62662
all/randm23.02.02.17.020_0030.03.aba.beta,True,22,18,2.5150394439697266,18.580998182296753,0.0027692317962646484,21.098806858062744,26644,13,26644,247,420305,1926,29880
all/randm23.02.02.17.020_0030.04.aba.beta,True,16,17,0.4107496738433838,0.8546605110168457,0.0019845962524414062,1.267394781112671,3746,9,3746,203,40964,1444,22026
all/randm23.02.02.17.020_0030.05.aba.beta,True,22,18,0.7058084011077881,5.01267671585083,0.0025238990783691406,5.721009016036987,6723,16,6723,228,76949,1568,23934
all/randm23.02.02.18.020_0030.01.aba.beta,True,11,14,0.14535188674926758,0.20228266716003418,0.0014028549194335938,0.34903740882873535,1649,5,1649,164,15514,900,14043
all/randm23.02.02.18.020_0030.02.aba.beta,True,8,10,0.027117013931274414,0.04308581352233887,0.0009932518005371094,0.07119607925415039,323,5,323,113,2309,775,12115
all/randm23.02.02.18.020_0030.03.aba.beta,True,17,13,0.11859703063964844,0.240006685256958,0.0055294036865234375,0.3641331195831299,1348,12,1349,177,11801,3115,48667
all/randm23.02.02.18.020_0030.04.aba.beta,True,13,13,0.08315110206604004,0.1529698371887207,0.0016977787017822266,0.23781871795654297,359,11,370,138,3026,1264,19028
all/randm23.02.02.18.020_0030.05.aba.beta,True,11,14,0.12275838851928711,0.1734457015991211,0.0008924007415771484,0.29709649085998535,839,7,839,146,6935,698,10516
all/randm23.02.02.19.020_0030.01.aba.beta,False,35,0,3.5972297191619873,284.47461199760437,0.004226207733154297,288.0760679244995,20567,23,20567,286,294638,2303,34754
all/randm23.02.02.19.020_0030.02.aba.beta,False,25,0,4.543476581573486,262.9134385585785,0.001657724380493164,267.45857286453247,48891,11,48891,285,734423,898,13735
all/randm23.02.02.19.020_0030.03.aba.beta,False,26,17,1.6204750537872314,344.17460560798645,0.0016744136810302734,345.7967550754547,25573,13,25573,258,385068,1087,15724
all/randm23.02.02.19.020_0030.04.aba.beta,False,30,16,1.1089465618133545,288.43687891960144,0.0015404224395751953,289.54736590385437,20280,20,20280,257,274057,1165,16522
all/randm23.02.02.19.020_0030.05.aba.beta,False,37,17,4.199931383132935,333.615517616272,0.005797386169433594,337.82124638557434,27464,24,27464,318,484037,3199,50029
