file name,succeeded,learning_rounds,automaton_size,learning_time,smt_time,eq_oracle_time,total_time,queries_learning,validity_query,nodes,informative_nodes,sul_steps,queries_eq_oracle,steps_eq_oracle
all/randm04.02.02.01.020_0030.01.aba.beta,True,1,3,0.0010106563568115234,0.0003952980041503906,0.0006761550903320312,0.0020821094512939453,35,1,35,22,138,533,8584
all/randm04.02.02.01.020_0030.02.aba.beta,True,1,4,0.001567840576171875,0.0006814002990722656,0.0011878013610839844,0.003437042236328125,43,1,43,29,174,535,8587
all/randm04.02.02.01.020_0030.03.aba.beta,True,1,4,0.0016460418701171875,0.0006561279296875,0.0009608268737792969,0.0032629966735839844,48,1,48,28,203,530,8568
all/randm04.02.02.01.020_0030.04.aba.beta,True,1,4,0.0014727115631103516,0.0004200935363769531,0.0012178421020507812,0.003110647201538086,49,1,49,24,208,537,8595
all/randm04.02.02.01.020_0030.05.aba.beta,True,1,4,0.0010197162628173828,0.00036025047302246094,0.0007245540618896484,0.002104520797729492,47,1,47,28,202,541,8609
all/randm04.02.02.02.020_0030.01.aba.beta,True,1,1,0.00041222572326660156,0.0003027915954589844,0.0009000301361083984,0.0016150474548339844,15,1,15,15,34,543,8623
all/randm04.02.02.02.020_0030.02.aba.beta,True,1,1,0.00020360946655273438,0.00023603439331054688,0.0006761550903320312,0.0011157989501953125,15,1,15,15,34,537,8598
all/randm04.02.02.02.020_0030.03.aba.beta,True,1,1,0.00036406517028808594,0.00046324729919433594,0.001190185546875,0.002017498016357422,15,1,15,13,34,527,8532
all/randm04.02.02.02.020_0030.04.aba.beta,True,1,1,0.00034046173095703125,0.0003871917724609375,0.0012617111206054688,0.0019893646240234375,15,1,15,15,34,536,8589
all/randm04.02.02.02.020_0030.05.aba.beta,True,1,1,0.0003521442413330078,0.0003981590270996094,0.0010738372802734375,0.0018241405487060547,15,1,15,15,34,536,8583
all/randm04.02.02.03.020_0030.01.aba.beta,True,1,3,0.0008785724639892578,0.00032138824462890625,0.0009515285491943359,0.0021514892578125,41,1,41,29,166,530,8548
all/randm04.02.02.03.020_0030.02.aba.beta,True,1,3,0.0013952255249023438,0.0006916522979736328,0.0011348724365234375,0.003221750259399414,41,1,41,27,166,531,8567
all/randm04.02.02.03.020_0030.03.aba.beta,True,1,3,0.0010209083557128906,0.00034999847412109375,0.0007390975952148438,0.002110004425048828,35,1,35,24,138,537,8595
all/randm04.02.02.03.020_0030.04.aba.beta,True,1,3,0.0011022090911865234,0.0004992485046386719,0.0013899803161621094,0.0029914379119873047,35,1,35,20,138,540,8609
all/randm04.02.02.03.020_0030.05.aba.beta,True,1,3,0.0007157325744628906,0.0003044605255126953,0.0008697509765625,0.001889944076538086,35,1,35,25,138,530,8550
all/randm04.02.02.04.020_0030.01.aba.beta,True,1,1,0.0003256797790527344,0.0002880096435546875,0.0007581710815429688,0.0013718605041503906,15,1,15,14,34,529,8558
all/randm04.02.02.04.020_0030.02.aba.beta,True,1,1,0.00020623207092285156,0.0002346038818359375,0.0007708072662353516,0.0012116432189941406,15,1,15,15,34,531,8570
all/randm04.02.02.04.020_0030.03.aba.beta,True,1,1,0.00037670135498046875,0.00031638145446777344,0.0006771087646484375,0.0013701915740966797,15,1,15,15,34,532,8571
all/randm04.02.02.04.020_0030.04.aba.beta,True,1,1,0.00020933151245117188,0.0003018379211425781,0.0006916522979736328,0.0012028217315673828,15,1,15,15,34,535,8587
all/randm04.02.02.04.020_0030.05.aba.beta,True,1,1,0.0002846717834472656,0.00022459030151367188,0.0007276535034179688,0.0012369155883789062,15,1,15,15,34,539,8598
all/randm04.02.02.05.020_0030.01.aba.beta,True,1,2,0.0010447502136230469,0.0005197525024414062,0.0011157989501953125,0.0026803016662597656,29,1,29,17,110,533,8580
all/randm04.02.02.05.020_0030.02.aba.beta,True,1,2,0.0005326271057128906,0.0002512931823730469,0.0007200241088867188,0.0015039443969726562,30,1,30,20,117,529,8561
all/randm04.02.02.05.020_0030.03.aba.beta,True,1,2,0.0011527538299560547,0.0005977153778076172,0.0013120174407958984,0.0030624866485595703,29,1,29,24,110,538,8604
all/randm04.02.02.05.020_0030.04.aba.beta,True,1,2,0.0004775524139404297,0.0002491474151611328,0.000957489013671875,0.0016841888427734375,29,1,29,18,110,531,8548
all/randm04.02.02.05.020_0030.05.aba.beta,True,1,2,0.0008366107940673828,0.0004343986511230469,0.0011577606201171875,0.002428770065307617,29,1,29,19,110,528,8549
all/randm04.02.02.06.020_0030.01.aba.beta,True,1,3,0.001256704330444336,0.0003628730773925781,0.0006971359252929688,0.002316713333129883,32,1,32,24,111,526,8530
all/randm04.02.02.06.020_0030.02.aba.beta,True,1,3,0.0008170604705810547,0.0003714561462402344,0.0010383129119873047,0.0022268295288085938,39,1,39,30,146,540,8611
all/randm04.02.02.06.020_0030.03.aba.beta,True,1,3,0.0010669231414794922,0.0005230903625488281,0.0011868476867675781,0.0027768611907958984,41,1,41,21,158,536,8596
all/randm04.02.02.06.020_0030.04.aba.beta,True,1,3,0.0015151500701904297,0.0005800724029541016,0.0013036727905273438,0.003398895263671875,39,1,39,32,146,539,8609
all/randm04.02.02.06.020_0030.05.aba.beta,True,1,3,0.0011730194091796875,0.0005879402160644531,0.0012063980102539062,0.002967357635498047,39,1,39,32,146,540,8605
all/randm04.02.02.07.020_0030.01.aba.beta,True,1,2,0.0009272098541259766,0.0004551410675048828,0.0011763572692871094,0.0025587081909179688,29,1,29,22,110,531,8557
all/randm04.02.02.07.020_0030.02.aba.beta,True,1,2,0.0005311965942382812,0.00025582313537597656,0.0006909370422363281,0.001477956771850586,29,1,29,20,110,531,8567
all/randm04.02.02.07.020_0030.03.aba.beta,True,1,2,0.0005679130554199219,0.0002543926239013672,0.0006971359252929688,0.0015194416046142578,29,1,29,20,110,538,8600
all/randm04.02.02.07.020_0030.04.aba.beta,True,1,2,0.0007696151733398438,0.0002505779266357422,0.0006759166717529297,0.0016961097717285156,29,1,29,18,110,538,8598
all/randm04.02.02.07.020_0030.05.aba.beta,True,1,2,0.0005693435668945312,0.0002524852752685547,0.0006639957427978516,0.0014858245849609375,29,1,29,20,110,541,8614
all/randm04.02.02.08.020_0030.01.aba.beta,True,2,4,0.005409717559814453,0.0012085437774658203,0.0012493133544921875,0.007867574691772461,89,2,89,44,1039,592,9322
all/randm04.02.02.08.020_0030.02.aba.beta,True,1,4,0.0029718875885009766,0.0005340576171875,0.0007281303405761719,0.0042340755462646484,63,1,63,34,338,526,8551
all/randm04.02.02.08.020_0030.03.aba.beta,True,3,4,0.004954099655151367,0.0012726783752441406,0.001005411148071289,0.007232189178466797,67,3,67,43,355,607,9540
all/randm04.02.02.08.020_0030.04.aba.beta,True,2,4,0.004158973693847656,0.0010781288146972656,0.0008823871612548828,0.006119489669799805,67,2,67,39,372,546,8626
all/randm04.02.02.08.020_0030.05.aba.beta,True,2,4,0.0030608177185058594,0.0009615421295166016,0.0010447502136230469,0.005067110061645508,79,2,79,35,521,551,8676
all/randm04.02.02.09.020_0030.01.aba.beta,True,1,3,0.0007803440093994141,0.0003440380096435547,0.0006887912750244141,0.0018131732940673828,39,1,39,29,146,535,8593
all/randm04.02.02.09.020_0030.02.aba.beta,True,1,3,0.0012328624725341797,0.0005922317504882812,0.0012536048889160156,0.0030786991119384766,43,1,43,25,170,524,8524
all/randm04.02.02.09.020_0030.03.aba.beta,True,1,3,0.0007560253143310547,0.00030684471130371094,0.000667572021484375,0.0017304420471191406,39,1,39,26,146,535,8591
all/randm04.02.02.09.020_0030.04.aba.beta,True,1,3,0.0010616779327392578,0.0004839897155761719,0.001138448715209961,0.0026841163635253906,39,1,39,27,146,537,8596
all/randm04.02.02.09.020_0030.05.aba.beta,True,1,3,0.0012094974517822266,0.0005085468292236328,0.0007948875427246094,0.0025129318237304688,42,1,42,26,164,536,8591
all/randm04.02.02.10.020_0030.01.aba.beta,True,1,4,0.001316070556640625,0.0004963874816894531,0.0008404254913330078,0.002652883529663086,40,1,40,27,144,534,8589
all/randm04.02.02.10.020_0030.02.aba.beta,True,1,4,0.0013527870178222656,0.0005986690521240234,0.0012066364288330078,0.003158092498779297,44,1,44,25,168,520,8520
all/randm04.02.02.10.020_0030.03.aba.beta,True,1,4,0.0009367465972900391,0.00037860870361328125,0.0006854534149169922,0.0020008087158203125,43,1,43,30,162,534,8577
all/randm04.02.02.10.020_0030.04.aba.beta,True,1,4,0.0010037422180175781,0.0005261898040771484,0.001207590103149414,0.0027375221252441406,45,1,45,31,174,535,8594
all/randm04.02.02.10.020_0030.05.aba.beta,True,1,4,0.0013823509216308594,0.0003669261932373047,0.0009989738464355469,0.002748250961303711,45,1,45,29,174,539,8609
all/randm04.02.02.11.020_0030.01.aba.beta,True,1,4,0.0009746551513671875,0.0003571510314941406,0.0007960796356201172,0.0021278858184814453,53,1,53,31,214,539,8610
all/randm04.02.02.11.020_0030.02.aba.beta,True,1,4,0.0017659664154052734,0.0006492137908935547,0.0010449886322021484,0.0034601688385009766,51,1,51,36,202,539,8604
all/randm04.02.02.11.020_0030.03.aba.beta,True,1,4,0.001684427261352539,0.0006382465362548828,0.0012123584747314453,0.003535032272338867,51,1,51,34,202,542,8618
all/randm04.02.02.11.020_0030.04.aba.beta,True,1,4,0.001066446304321289,0.0003731250762939453,0.0006880760192871094,0.0021276473999023438,51,1,51,36,202,537,8600
all/randm04.02.02.11.020_0030.05.aba.beta,True,1,4,0.0015306472778320312,0.0004017353057861328,0.0007421970367431641,0.002674579620361328,54,1,54,31,220,519,8506
all/randm04.02.02.12.020_0030.01.aba.beta,True,1,3,0.0007717609405517578,0.00030517578125,0.0006930828094482422,0.00177001953125,41,1,41,28,166,535,8576
all/randm04.02.02.12.020_0030.02.aba.beta,True,1,3,0.00107574462890625,0.0005128383636474609,0.0012044906616210938,0.0027930736541748047,44,1,44,27,187,541,8617
all/randm04.02.02.12.020_0030.03.aba.beta,True,1,3,0.0009024143218994141,0.00033020973205566406,0.000705718994140625,0.0019383430480957031,41,1,41,33,166,543,8611
all/randm04.02.02.12.020_0030.04.aba.beta,True,1,3,0.0008542537689208984,0.0003190040588378906,0.0006668567657470703,0.0018401145935058594,47,1,47,28,208,535,8584
all/randm04.02.02.12.020_0030.05.aba.beta,True,1,3,0.0013937950134277344,0.0005407333374023438,0.0011224746704101562,0.0030570030212402344,41,1,41,29,166,530,8562
all/randm04.02.02.13.020_0030.01.aba.beta,True,1,1,0.00019502639770507812,0.00022649765014648438,0.0007169246673583984,0.001138448715209961,15,1,15,14,34,528,8539
all/randm04.02.02.13.020_0030.02.aba.beta,True,1,1,0.00020360946655273438,0.00022912025451660156,0.0006899833679199219,0.0011227130889892578,15,1,15,15,34,535,8584
all/randm04.02.02.13.020_0030.03.aba.beta,True,1,1,0.0002799034118652344,0.00024771690368652344,0.0007119178771972656,0.0012395381927490234,15,1,15,14,34,534,8583
all/randm04.02.02.13.020_0030.04.aba.beta,True,1,1,0.000316619873046875,0.0003714561462402344,0.001207113265991211,0.0018951892852783203,15,1,15,14,34,537,8593
all/randm04.02.02.13.020_0030.05.aba.beta,True,1,1,0.0002124309539794922,0.0003447532653808594,0.0007219314575195312,0.0012791156768798828,15,1,15,15,34,543,8623
all/randm04.02.02.14.020_0030.01.aba.beta,True,1,4,0.0016829967498779297,0.0006597042083740234,0.0012345314025878906,0.0035772323608398438,51,1,51,39,202,540,8604
all/randm04.02.02.14.020_0030.02.aba.beta,True,1,4,0.0016217231750488281,0.0005083084106445312,0.0007140636444091797,0.002844095230102539,53,1,53,32,214,535,8590
all/randm04.02.02.14.020_0030.03.aba.beta,True,1,4,0.0017592906951904297,0.0007293224334716797,0.0007007122039794922,0.0031893253326416016,51,1,51,33,202,535,8588
all/randm04.02.02.14.020_0030.04.aba.beta,True,1,4,0.0016880035400390625,0.0006358623504638672,0.0011935234069824219,0.0035173892974853516,53,1,53,33,214,533,8584
all/randm04.02.02.14.020_0030.05.aba.beta,True,1,4,0.0011944770812988281,0.0006504058837890625,0.0012187957763671875,0.003063678741455078,51,1,51,34,202,532,8565
all/randm04.02.02.15.020_0030.01.aba.beta,True,1,2,0.0004634857177734375,0.00025343894958496094,0.0007414817810058594,0.0014584064483642578,29,1,29,18,110,533,8586
all/randm04.02.02.15.020_0030.02.aba.beta,True,1,2,0.0005593299865722656,0.00026226043701171875,0.0006763935089111328,0.0014979839324951172,29,1,29,23,110,532,8581
all/randm04.02.02.15.020_0030.03.aba.beta,True,1,2,0.0008332729339599609,0.0004260540008544922,0.0007674694061279297,0.002026796340942383,29,1,29,20,110,541,8605
all/randm04.02.02.15.020_0030.04.aba.beta,True,1,2,0.0005559921264648438,0.0003638267517089844,0.0008864402770996094,0.0018062591552734375,29,1,29,21,110,542,8616
all/randm04.02.02.15.020_0030.05.aba.beta,True,1,2,0.0005366802215576172,0.0002713203430175781,0.0006744861602783203,0.0014824867248535156,29,1,29,22,110,534,8580
all/randm04.02.02.16.020_0030.01.aba.beta,True,1,3,0.0007443428039550781,0.0005285739898681641,0.0012340545654296875,0.0025069713592529297,35,1,35,20,138,531,8564
all/randm04.02.02.16.020_0030.02.aba.beta,True,1,3,0.0014011859893798828,0.0005407333374023438,0.0011773109436035156,0.003119230270385742,35,1,35,28,138,532,8561
all/randm04.02.02.16.020_0030.03.aba.beta,True,1,3,0.0008380413055419922,0.0004146099090576172,0.0006871223449707031,0.0019397735595703125,36,1,36,25,145,537,8596
all/randm04.02.02.16.020_0030.04.aba.beta,True,1,3,0.0007541179656982422,0.000316619873046875,0.0008928775787353516,0.0019636154174804688,35,1,35,27,138,541,8613
all/randm04.02.02.16.020_0030.05.aba.beta,True,2,3,0.0026841163635253906,0.0012950897216796875,0.0012362003326416016,0.00521540641784668,45,2,45,38,267,553,8763
all/randm04.02.02.17.020_0030.01.aba.beta,True,1,3,0.0008082389831542969,0.00030732154846191406,0.0008237361907958984,0.0019392967224121094,39,1,39,28,146,539,8604
all/randm04.02.02.17.020_0030.02.aba.beta,True,1,3,0.0012538433074951172,0.0005216598510742188,0.001020669937133789,0.002796173095703125,39,1,39,27,146,537,8590
all/randm04.02.02.17.020_0030.03.aba.beta,True,1,3,0.0010826587677001953,0.00039005279541015625,0.0006754398345947266,0.002148151397705078,39,1,39,25,146,526,8526
all/randm04.02.02.17.020_0030.04.aba.beta,True,1,3,0.0012581348419189453,0.0005099773406982422,0.0011601448059082031,0.0029282569885253906,39,1,39,28,146,524,8517
all/randm04.02.02.17.020_0030.05.aba.beta,True,1,3,0.000965118408203125,0.0004112720489501953,0.0009672641754150391,0.0023436546325683594,39,1,39,28,146,529,8521
all/randm04.02.02.18.020_0030.01.aba.beta,True,1,4,0.0018107891082763672,0.00041222572326660156,0.0007078647613525391,0.002930879592895508,55,1,55,39,242,544,8628
all/randm04.02.02.18.020_0030.02.aba.beta,True,1,4,0.0032057762145996094,0.0006582736968994141,0.001222372055053711,0.005086421966552734,66,1,66,38,330,539,8608
all/randm04.02.02.18.020_0030.03.aba.beta,True,1,4,0.003029346466064453,0.0007028579711914062,0.0012195110321044922,0.0049517154693603516,65,1,65,38,322,536,8595
all/randm04.02.02.18.020_0030.04.aba.beta,True,1,4,0.001811981201171875,0.00040984153747558594,0.0006721019744873047,0.0028939247131347656,72,1,72,37,362,535,8584
all/randm04.02.02.18.020_0030.05.aba.beta,True,1,4,0.001795053482055664,0.0005385875701904297,0.0010504722595214844,0.003384113311767578,69,1,69,36,338,535,8591
all/randm04.02.02.19.020_0030.01.aba.beta,True,1,3,0.0013401508331298828,0.0005331039428710938,0.0012035369873046875,0.003076791763305664,41,1,41,28,166,531,8554
all/randm04.02.02.19.020_0030.02.aba.beta,True,1,3,0.001293182373046875,0.0007140636444091797,0.0008921623229980469,0.0028994083404541016,41,1,41,27,166,539,8594
all/randm04.02.02.19.020_0030.03.aba.beta,True,1,3,0.0012595653533935547,0.000514984130859375,0.0008330345153808594,0.002607583999633789,41,1,41,27,166,529,8557
all/randm04.02.02.19.020_0030.04.aba.beta,True,1,3,0.0010042190551757812,0.00033020973205566406,0.0006575584411621094,0.0019919872283935547,41,1,41,28,166,531,8568
all/randm04.02.02.19.020_0030.05.aba.beta,True,1,3,0.003406047821044922,0.0005536079406738281,0.0012328624725341797,0.00519251823425293,56,1,56,31,321,531,8550
all/randm05.02.02.01.020_0030.01.aba.beta,True,1,3,0.0007908344268798828,0.00031948089599609375,0.0006630420684814453,0.0017733573913574219,35,1,35,26,134,531,8556
all/randm05.02.02.01.020_0030.02.aba.beta,True,1,3,0.0011403560638427734,0.0004794597625732422,0.0012848377227783203,0.002904653549194336,37,1,37,24,148,537,8597
all/randm05.02.02.01.020_0030.03.aba.beta,True,1,3,0.0012793540954589844,0.0005233287811279297,0.0012135505676269531,0.003016233444213867,35,1,35,27,134,544,8629
all/randm05.02.02.01.020_0030.04.aba.beta,True,1,3,0.0010883808135986328,0.00046062469482421875,0.0006990432739257812,0.002248048782348633,35,1,35,27,134,534,8575
all/randm05.02.02.01.020_0030.05.aba.beta,True,1,3,0.0006816387176513672,0.00029277801513671875,0.0006911754608154297,0.0016655921936035156,35,1,35,25,134,522,8506
all/randm05.02.02.02.020_0030.01.aba.beta,True,1,3,0.0006721019744873047,0.0003058910369873047,0.0007598400115966797,0.001737833023071289,35,1,35,23,138,521,8506
all/randm05.02.02.02.020_0030.02.aba.beta,True,1,3,0.0008835792541503906,0.0004405975341796875,0.0012314319610595703,0.0025556087493896484,35,1,35,26,138,534,8586
all/randm05.02.02.02.020_0030.03.aba.beta,True,1,3,0.0006849765777587891,0.0003020763397216797,0.0006666183471679688,0.0016536712646484375,31,1,31,22,106,527,8546
all/randm05.02.02.02.020_0030.04.aba.beta,True,1,3,0.0014774799346923828,0.0005428791046142578,0.0015540122985839844,0.003574371337890625,32,1,32,28,112,534,8580
all/randm05.02.02.02.020_0030.05.aba.beta,True,1,3,0.0006418228149414062,0.0002884864807128906,0.0008077621459960938,0.0017380714416503906,35,1,35,22,138,532,8569
all/randm05.02.02.03.020_0030.01.aba.beta,True,1,1,0.0002033710479736328,0.00023889541625976562,0.0007164478302001953,0.0011587142944335938,15,1,15,15,34,543,8619
all/randm05.02.02.03.020_0030.02.aba.beta,True,1,1,0.00036835670471191406,0.0003871917724609375,0.0007941722869873047,0.0015497207641601562,15,1,15,15,34,538,8597
all/randm05.02.02.03.020_0030.03.aba.beta,True,1,1,0.00019621849060058594,0.0002257823944091797,0.0006921291351318359,0.0011141300201416016,15,1,15,14,34,537,8598
all/randm05.02.02.03.020_0030.04.aba.beta,True,1,1,0.00020241737365722656,0.00022554397583007812,0.0006787776947021484,0.0011067390441894531,15,1,15,14,34,534,8583
all/randm05.02.02.03.020_0030.05.aba.beta,True,1,1,0.0002994537353515625,0.00036215782165527344,0.0013086795806884766,0.0019702911376953125,15,1,15,12,34,521,8531
all/randm05.02.02.04.020_0030.01.aba.beta,True,3,5,0.009047269821166992,0.0023887157440185547,0.0014691352844238281,0.012905120849609375,110,3,116,71,786,656,10279
all/randm05.02.02.04.020_0030.02.aba.beta,True,1,5,0.00360870361328125,0.0007977485656738281,0.001283884048461914,0.005690336227416992,73,1,73,37,362,535,8588
all/randm05.02.02.04.020_0030.03.aba.beta,True,1,5,0.0029451847076416016,0.00046753883361816406,0.000698089599609375,0.004110813140869141,71,1,71,39,346,546,8633
all/randm05.02.02.04.020_0030.04.aba.beta,True,1,5,0.006627321243286133,0.0009005069732666016,0.0013120174407958984,0.008839845657348633,81,1,81,48,395,541,8615
all/randm05.02.02.04.020_0030.05.aba.beta,True,2,5,0.0036983489990234375,0.0012035369873046875,0.0007307529449462891,0.005632638931274414,93,2,97,47,578,572,9067
all/randm05.02.02.05.020_0030.01.aba.beta,True,2,4,0.0023882389068603516,0.0007200241088867188,0.000690460205078125,0.0037987232208251953,53,2,53,30,268,542,8591
all/randm05.02.02.05.020_0030.02.aba.beta,True,1,4,0.0023903846740722656,0.0006036758422851562,0.0014395713806152344,0.004433631896972656,65,1,65,26,352,533,8570
all/randm05.02.02.05.020_0030.03.aba.beta,True,1,4,0.002412080764770508,0.00038313865661621094,0.0007116794586181641,0.003506898880004883,78,1,78,33,454,532,8559
all/randm05.02.02.05.020_0030.04.aba.beta,True,1,4,0.003567218780517578,0.0007028579711914062,0.0013158321380615234,0.005585908889770508,79,1,79,41,448,537,8595
all/randm05.02.02.05.020_0030.05.aba.beta,True,1,4,0.002017974853515625,0.00037407875061035156,0.0006756782531738281,0.0030677318572998047,80,1,80,33,456,535,8569
all/randm05.02.02.06.020_0030.01.aba.beta,True,7,5,0.025142431259155273,0.008636713027954102,0.00160980224609375,0.035388946533203125,159,6,159,78,1127,794,12161
all/randm05.02.02.06.020_0030.02.aba.beta,True,4,5,0.008914470672607422,0.0033576488494873047,0.0006937980651855469,0.012965917587280273,142,3,142,56,910,565,8761
all/randm05.02.02.06.020_0030.03.aba.beta,True,2,5,0.00869607925415039,0.0013759136199951172,0.0006728172302246094,0.010744810104370117,120,2,120,53,770,546,8676
all/randm05.02.02.06.020_0030.04.aba.beta,True,3,5,0.014961004257202148,0.0031592845916748047,0.0016620159149169922,0.019782304763793945,140,3,140,64,1003,659,10416
all/randm05.02.02.06.020_0030.05.aba.beta,True,4,5,0.008332490921020508,0.002859830856323242,0.0006899833679199219,0.011882305145263672,145,3,145,61,943,566,8777
all/randm05.02.02.07.020_0030.01.aba.beta,True,4,5,0.013432979583740234,0.0036411285400390625,0.0009403228759765625,0.01801443099975586,157,3,157,74,1072,679,10576
all/randm05.02.02.07.020_0030.02.aba.beta,True,7,5,0.019802331924438477,0.0058634281158447266,0.0010247230529785156,0.02669048309326172,162,6,162,89,1458,793,12128
all/randm05.02.02.07.020_0030.03.aba.beta,True,6,5,0.011198043823242188,0.0035851001739501953,0.0014951229095458984,0.01627826690673828,166,5,166,69,1314,721,11118
all/randm05.02.02.07.020_0030.04.aba.beta,True,4,5,0.014831066131591797,0.004546165466308594,0.0015482902526855469,0.020925521850585938,173,3,173,93,1519,830,13175
all/randm05.02.02.07.020_0030.05.aba.beta,True,4,5,0.012961149215698242,0.0033583641052246094,0.0008983612060546875,0.01721787452697754,155,3,155,75,1888,692,10916
all/randm05.02.02.08.020_0030.01.aba.beta,True,1,3,0.0008320808410644531,0.0003104209899902344,0.0006771087646484375,0.001819610595703125,39,1,39,26,146,524,8524
all/randm05.02.02.08.020_0030.02.aba.beta,True,1,3,0.0010526180267333984,0.0005068778991699219,0.0011005401611328125,0.002660036087036133,42,1,42,22,173,539,8600
all/randm05.02.02.08.020_0030.03.aba.beta,True,1,3,0.0008137226104736328,0.0003197193145751953,0.0011479854583740234,0.0022814273834228516,42,1,42,28,173,535,8591
all/randm05.02.02.08.020_0030.04.aba.beta,True,1,3,0.0013794898986816406,0.0005588531494140625,0.0011990070343017578,0.003137350082397461,41,1,41,30,166,535,8591
all/randm05.02.02.08.020_0030.05.aba.beta,True,1,3,0.0014109611511230469,0.000553131103515625,0.0007123947143554688,0.0026764869689941406,41,1,41,30,166,539,8598
all/randm05.02.02.09.020_0030.01.aba.beta,True,1,4,0.0015845298767089844,0.0003693103790283203,0.0009677410125732422,0.002921581268310547,61,1,61,33,285,535,8587
all/randm05.02.02.09.020_0030.02.aba.beta,True,1,4,0.0023882389068603516,0.0006029605865478516,0.0013031959533691406,0.004294395446777344,60,1,60,29,291,541,8615
all/randm05.02.02.09.020_0030.03.aba.beta,True,1,4,0.00260162353515625,0.0005705356597900391,0.001146554946899414,0.004318714141845703,55,1,55,35,250,541,8614
all/randm05.02.02.09.020_0030.04.aba.beta,True,1,4,0.0015892982482910156,0.00037860870361328125,0.0010864734649658203,0.003054380416870117,56,1,56,33,258,537,8597
all/randm05.02.02.09.020_0030.05.aba.beta,True,4,4,0.011439323425292969,0.0028676986694335938,0.00119781494140625,0.015504837036132812,102,3,102,47,512,551,8664
all/randm05.02.02.10.020_0030.01.aba.beta,True,4,5,0.013821125030517578,0.00408482551574707,0.0008502006530761719,0.01875615119934082,94,4,94,58,662,584,9105
all/randm05.02.02.10.020_0030.02.aba.beta,True,2,5,0.005459785461425781,0.0010492801666259766,0.0007007122039794922,0.00720977783203125,94,2,97,53,534,553,8699
all/randm05.02.02.10.020_0030.03.aba.beta,True,2,5,0.004284381866455078,0.00093841552734375,0.0007100105285644531,0.005932807922363281,79,2,83,53,471,545,8718
all/randm05.02.02.10.020_0030.04.aba.beta,True,2,5,0.005625247955322266,0.0010759830474853516,0.0006906986236572266,0.007391929626464844,94,2,94,50,519,547,8672
all/randm05.02.02.10.020_0030.05.aba.beta,True,3,5,0.007862567901611328,0.001528024673461914,0.0007264614105224609,0.010117053985595703,89,3,89,46,451,539,8587
all/randm05.02.02.11.020_0030.01.aba.beta,True,1,5,0.0012362003326416016,0.0004420280456542969,0.0006775856018066406,0.002355813980102539,50,1,50,36,195,543,8620
all/randm05.02.02.11.020_0030.02.aba.beta,True,2,5,0.002483367919921875,0.0010976791381835938,0.0006730556488037109,0.00425410270690918,50,2,50,38,194,540,8590
all/randm05.02.02.11.020_0030.03.aba.beta,True,2,5,0.004159688949584961,0.0013718605041503906,0.0011219978332519531,0.006653547286987305,55,2,56,34,227,537,8594
all/randm05.02.02.11.020_0030.04.aba.beta,True,1,5,0.0025250911712646484,0.000446319580078125,0.0007002353668212891,0.0036716461181640625,54,1,54,36,217,531,8566
all/randm05.02.02.11.020_0030.05.aba.beta,True,1,5,0.0020079612731933594,0.0007753372192382812,0.0012271404266357422,0.004010438919067383,47,1,47,36,178,537,8588
all/randm05.02.02.12.020_0030.01.aba.beta,True,1,3,0.0013835430145263672,0.0005619525909423828,0.0006988048553466797,0.0026443004608154297,39,1,39,31,146,537,8601
all/randm05.02.02.12.020_0030.02.aba.beta,True,1,3,0.0010690689086914062,0.0005817413330078125,0.0012249946594238281,0.002875804901123047,39,1,39,30,146,539,8607
all/randm05.02.02.12.020_0030.03.aba.beta,True,1,3,0.0013608932495117188,0.00034809112548828125,0.000812530517578125,0.002521514892578125,39,1,39,27,146,526,8552
all/randm05.02.02.12.020_0030.04.aba.beta,True,1,3,0.0009601116180419922,0.0003218650817871094,0.0006899833679199219,0.0019719600677490234,39,1,39,29,146,541,8610
all/randm05.02.02.12.020_0030.05.aba.beta,True,1,3,0.0013413429260253906,0.0005466938018798828,0.001168966293334961,0.0030570030212402344,39,1,39,31,146,537,8601
all/randm05.02.02.13.020_0030.01.aba.beta,True,1,5,0.005594968795776367,0.0009088516235351562,0.0011730194091796875,0.007676839828491211,81,1,88,40,479,532,8558
all/randm05.02.02.13.020_0030.02.aba.beta,True,5,5,0.02237844467163086,0.004062652587890625,0.001127481460571289,0.027568578720092773,169,4,169,64,1547,635,9938
all/randm05.02.02.13.020_0030.03.aba.beta,True,4,5,0.022212743759155273,0.004190206527709961,0.00116729736328125,0.027570247650146484,131,4,131,82,1258,633,9867
all/randm05.02.02.13.020_0030.04.aba.beta,True,3,5,0.01697087287902832,0.0023221969604492188,0.0012128353118896484,0.020505905151367188,190,2,190,62,1757,555,8771
all/randm05.02.02.13.020_0030.05.aba.beta,True,3,5,0.014924049377441406,0.0024542808532714844,0.0007538795471191406,0.01813220977783203,148,2,148,60,909,545,8610
all/randm05.02.02.14.020_0030.01.aba.beta,True,1,1,0.0003993511199951172,0.00040531158447265625,0.0011603832244873047,0.001965045928955078,15,1,15,15,34,531,8569
all/randm05.02.02.14.020_0030.02.aba.beta,True,1,1,0.0003788471221923828,0.0003986358642578125,0.0011942386627197266,0.001971721649169922,15,1,15,14,34,530,8565
all/randm05.02.02.14.020_0030.03.aba.beta,True,1,1,0.0003161430358886719,0.00038695335388183594,0.001039743423461914,0.0017428398132324219,15,1,15,15,34,541,8613
all/randm05.02.02.14.020_0030.04.aba.beta,True,1,1,0.00024247169494628906,0.00023508071899414062,0.0006775856018066406,0.0011551380157470703,15,1,15,15,34,532,8544
all/randm05.02.02.14.020_0030.05.aba.beta,True,1,1,0.0002536773681640625,0.00026798248291015625,0.0007190704345703125,0.0012407302856445312,15,1,15,14,34,530,8544
all/randm05.02.02.15.020_0030.01.aba.beta,True,2,3,0.002285003662109375,0.0007119178771972656,0.0006697177886962891,0.0036666393280029297,50,2,50,32,228,537,8584
all/randm05.02.02.15.020_0030.02.aba.beta,True,1,3,0.0010402202606201172,0.0003304481506347656,0.0006818771362304688,0.0020525455474853516,42,1,42,28,172,536,8587
all/randm05.02.02.15.020_0030.03.aba.beta,True,1,3,0.0009026527404785156,0.00031828880310058594,0.0006856918334960938,0.0019066333770751953,41,1,41,27,166,534,8575
all/randm05.02.02.15.020_0030.04.aba.beta,True,1,3,0.0009531974792480469,0.0003428459167480469,0.0010569095611572266,0.0023529529571533203,43,1,43,26,178,534,8588
all/randm05.02.02.15.020_0030.05.aba.beta,True,1,3,0.001161336898803711,0.0005285739898681641,0.0007147789001464844,0.0024046897888183594,41,1,41,26,166,540,8608
all/randm05.02.02.16.020_0030.01.aba.beta,True,1,1,0.00023221969604492188,0.00022554397583007812,0.0006976127624511719,0.0011553764343261719,15,1,15,13,34,534,8587
all/randm05.02.02.16.020_0030.02.aba.beta,True,1,1,0.00037670135498046875,0.00039124488830566406,0.0008680820465087891,0.0016360282897949219,15,1,15,14,34,540,8611
all/randm05.02.02.16.020_0030.03.aba.beta,True,1,1,0.000240325927734375,0.0002300739288330078,0.0007143020629882812,0.001184701919555664,15,1,15,15,34,534,8572
all/randm05.02.02.16.020_0030.04.aba.beta,True,1,1,0.000255584716796875,0.0003921985626220703,0.00115203857421875,0.0017998218536376953,15,1,15,15,34,543,8622
all/randm05.02.02.16.020_0030.05.aba.beta,True,1,1,0.00040149688720703125,0.00039768218994140625,0.0011250972747802734,0.001924276351928711,15,1,15,15,34,543,8624
all/randm05.02.02.17.020_0030.01.aba.beta,True,2,5,0.008292198181152344,0.0018510818481445312,0.0012862682342529297,0.011429548263549805,98,2,98,52,560,597,9517
all/randm05.02.02.17.020_0030.02.aba.beta,True,1,5,0.003900766372680664,0.0006761550903320312,0.0006954669952392578,0.005272388458251953,85,1,85,44,443,534,8580
all/randm05.02.02.17.020_0030.03.aba.beta,True,6,5,0.02949047088623047,0.0057756900787353516,0.0013298988342285156,0.036596059799194336,156,5,156,71,1560,711,10887
all/randm05.02.02.17.020_0030.04.aba.beta,True,2,5,0.013996601104736328,0.0021712779998779297,0.0013623237609863281,0.017530202865600586,102,2,102,66,663,636,10079
all/randm05.02.02.17.020_0030.05.aba.beta,True,2,5,0.009193658828735352,0.0017135143280029297,0.0008304119110107422,0.011737585067749023,90,2,90,60,569,614,9681
all/randm05.02.02.18.020_0030.01.aba.beta,True,1,1,0.0002529621124267578,0.00025963783264160156,0.0006682872772216797,0.001180887222290039,15,1,15,15,34,534,8577
all/randm05.02.02.18.020_0030.02.aba.beta,True,1,1,0.00023651123046875,0.0002300739288330078,0.0006868839263916016,0.0011534690856933594,15,1,15,14,34,535,8592
all/randm05.02.02.18.020_0030.03.aba.beta,True,1,1,0.0003514289855957031,0.0003769397735595703,0.0007853507995605469,0.0015137195587158203,15,1,15,13,34,529,8564
all/randm05.02.02.18.020_0030.04.aba.beta,True,1,1,0.00023126602172851562,0.0002269744873046875,0.0007002353668212891,0.0011584758758544922,15,1,15,14,34,523,8497
all/randm05.02.02.18.020_0030.05.aba.beta,True,1,1,0.000408172607421875,0.00039958953857421875,0.0009694099426269531,0.0017771720886230469,15,1,15,15,34,533,8555
all/randm05.02.02.19.020_0030.01.aba.beta,True,1,3,0.0008482933044433594,0.000301361083984375,0.0006778240203857422,0.0018274784088134766,41,1,41,25,158,539,8606
all/randm05.02.02.19.020_0030.02.aba.beta,True,1,3,0.0016264915466308594,0.0005500316619873047,0.0011606216430664062,0.0033371448516845703,39,1,39,29,146,544,8625
all/randm05.02.02.19.020_0030.03.aba.beta,True,1,3,0.0013761520385742188,0.0005121231079101562,0.0009944438934326172,0.002882719039916992,40,1,40,25,152,528,8556
all/randm05.02.02.19.020_0030.04.aba.beta,True,1,3,0.00089263916015625,0.00030541419982910156,0.0006797313690185547,0.0018777847290039062,42,1,42,27,164,530,8556
all/randm05.02.02.19.020_0030.05.aba.beta,True,1,3,0.0011773109436035156,0.0005095005035400391,0.0010080337524414062,0.002694845199584961,39,1,39,22,146,524,8532
all/randm06.02.02.01.020_0030.01.aba.beta,True,2,4,0.010711908340454102,0.0016491413116455078,0.0011754035949707031,0.013536453247070312,72,2,72,45,349,549,8649
all/randm06.02.02.01.020_0030.02.aba.beta,True,2,4,0.0035161972045898438,0.0007586479187011719,0.0006916522979736328,0.0049664974212646484,63,2,63,37,298,543,8610
all/randm06.02.02.01.020_0030.03.aba.beta,True,2,4,0.006512165069580078,0.00140380859375,0.0008358955383300781,0.008751869201660156,73,2,73,39,361,573,9058
all/randm06.02.02.01.020_0030.04.aba.beta,True,1,4,0.0018591880798339844,0.0003726482391357422,0.0006868839263916016,0.002918720245361328,57,1,57,31,281,528,8535
all/randm06.02.02.01.020_0030.05.aba.beta,True,1,4,0.003591299057006836,0.00066375732421875,0.0011363029479980469,0.005391359329223633,67,1,67,31,339,544,8628
all/randm06.02.02.02.020_0030.01.aba.beta,True,1,3,0.0014066696166992188,0.0003204345703125,0.0006847381591796875,0.0024118423461914062,32,1,32,27,112,536,8584
all/randm06.02.02.02.020_0030.02.aba.beta,True,1,3,0.0013117790222167969,0.0003104209899902344,0.0007092952728271484,0.0023314952850341797,32,1,32,25,112,513,8454
all/randm06.02.02.02.020_0030.03.aba.beta,True,1,3,0.0007641315460205078,0.00029349327087402344,0.0006837844848632812,0.0017414093017578125,31,1,31,21,106,536,8599
all/randm06.02.02.02.020_0030.04.aba.beta,True,1,3,0.0008206367492675781,0.0002994537353515625,0.0006871223449707031,0.0018072128295898438,32,1,32,24,112,537,8594
all/randm06.02.02.02.020_0030.05.aba.beta,True,1,3,0.0012409687042236328,0.0003020763397216797,0.0006999969482421875,0.0022430419921875,31,1,31,23,106,537,8594
all/randm06.02.02.03.020_0030.01.aba.beta,True,1,5,0.001268625259399414,0.00041174888610839844,0.0007367134094238281,0.0024170875549316406,47,1,47,31,178,535,8590
all/randm06.02.02.03.020_0030.02.aba.beta,True,1,5,0.002526521682739258,0.0004520416259765625,0.0006597042083740234,0.0036382675170898438,56,1,56,40,224,535,8580
all/randm06.02.02.03.020_0030.03.aba.beta,True,1,5,0.002091646194458008,0.0006296634674072266,0.0006825923919677734,0.003403902053833008,56,1,56,38,224,541,8616
all/randm06.02.02.03.020_0030.04.aba.beta,True,1,5,0.0023696422576904297,0.0007014274597167969,0.001043081283569336,0.0041141510009765625,59,1,59,37,242,539,8610
all/randm06.02.02.03.020_0030.05.aba.beta,True,1,5,0.003021717071533203,0.0004506111145019531,0.001142263412475586,0.004614591598510742,57,1,57,37,230,538,8600
all/randm06.02.02.04.020_0030.01.aba.beta,True,1,1,0.00023984909057617188,0.0003848075866699219,0.001028299331665039,0.0016529560089111328,15,1,15,13,34,525,8535
all/randm06.02.02.04.020_0030.02.aba.beta,True,1,1,0.0005269050598144531,0.00039005279541015625,0.00133514404296875,0.0022521018981933594,15,1,15,15,34,531,8571
all/randm06.02.02.04.020_0030.03.aba.beta,True,1,1,0.0003807544708251953,0.0003924369812011719,0.0011265277862548828,0.00189971923828125,15,1,15,14,34,535,8590
all/randm06.02.02.04.020_0030.04.aba.beta,True,1,1,0.0004334449768066406,0.00039887428283691406,0.0010783672332763672,0.0019106864929199219,15,1,15,14,34,532,8555
all/randm06.02.02.04.020_0030.05.aba.beta,True,1,1,0.0003609657287597656,0.00038170814514160156,0.0011382102966308594,0.0018808841705322266,15,1,15,13,34,525,8541
all/randm06.02.02.05.020_0030.01.aba.beta,True,3,5,0.005173206329345703,0.0012276172637939453,0.0006885528564453125,0.007089376449584961,123,3,124,37,1002,549,8732
all/randm06.02.02.05.020_0030.02.aba.beta,True,2,5,0.009099006652832031,0.0016741752624511719,0.001245260238647461,0.012018442153930664,128,2,128,53,985,608,9640
all/randm06.02.02.05.020_0030.03.aba.beta,True,1,5,0.00504612922668457,0.000858306884765625,0.0011587142944335938,0.007063150405883789,57,1,57,44,236,545,8627
all/randm06.02.02.05.020_0030.04.aba.beta,True,1,5,0.0023033618927001953,0.0004458427429199219,0.0007507801055908203,0.0034999847412109375,56,1,56,34,231,528,8557
all/randm06.02.02.05.020_0030.05.aba.beta,True,2,5,0.0077190399169921875,0.0014336109161376953,0.0008718967437744141,0.010024547576904297,80,2,82,60,565,595,9373
all/randm06.02.02.06.020_0030.01.aba.beta,True,5,5,0.016664505004882812,0.00484919548034668,0.0012333393096923828,0.022747039794921875,142,3,142,55,1070,623,9765
all/randm06.02.02.06.020_0030.02.aba.beta,True,6,5,0.041042327880859375,0.00580906867980957,0.0012235641479492188,0.048074960708618164,151,5,154,78,1590,753,11610
all/randm06.02.02.06.020_0030.03.aba.beta,True,4,5,0.020211219787597656,0.0036771297454833984,0.0007953643798828125,0.024683713912963867,155,3,165,72,1246,596,9469
all/randm06.02.02.06.020_0030.04.aba.beta,True,6,5,0.030315399169921875,0.006900310516357422,0.0014526844024658203,0.03866839408874512,131,5,131,65,957,609,9253
all/randm06.02.02.06.020_0030.05.aba.beta,True,7,5,0.023830652236938477,0.00694727897644043,0.001074075698852539,0.031852006912231445,118,6,118,52,799,689,10561
all/randm06.02.02.07.020_0030.01.aba.beta,True,2,5,0.011039495468139648,0.0021762847900390625,0.0007016658782958984,0.01391744613647461,123,1,123,49,742,535,8592
all/randm06.02.02.07.020_0030.02.aba.beta,True,3,5,0.011512041091918945,0.0027942657470703125,0.0007128715515136719,0.01501917839050293,138,2,140,54,829,546,8636
all/randm06.02.02.07.020_0030.03.aba.beta,True,2,5,0.01085519790649414,0.0022237300872802734,0.001155853271484375,0.014234781265258789,130,1,130,53,769,538,8594
all/randm06.02.02.07.020_0030.04.aba.beta,True,4,5,0.012868881225585938,0.004515647888183594,0.0008611679077148438,0.018245697021484375,103,3,103,57,592,557,8756
all/randm06.02.02.07.020_0030.05.aba.beta,True,1,5,0.005061149597167969,0.0008821487426757812,0.0011508464813232422,0.007094144821166992,100,1,100,42,544,536,8591
all/randm06.02.02.08.020_0030.01.aba.beta,True,1,4,0.0021762847900390625,0.0006527900695800781,0.0010454654693603516,0.003874540328979492,51,1,51,36,202,535,8562
all/randm06.02.02.08.020_0030.02.aba.beta,True,1,4,0.0020797252655029297,0.0007495880126953125,0.00095367431640625,0.003782987594604492,55,1,55,33,226,525,8533
all/randm06.02.02.08.020_0030.03.aba.beta,True,1,4,0.0011794567108154297,0.00036072731018066406,0.0006871223449707031,0.002227306365966797,54,1,54,33,220,525,8512
all/randm06.02.02.08.020_0030.04.aba.beta,True,1,4,0.0014348030090332031,0.0003573894500732422,0.000993967056274414,0.0027861595153808594,55,1,55,29,226,530,8570
all/randm06.02.02.08.020_0030.05.aba.beta,True,1,4,0.0015480518341064453,0.00039768218994140625,0.0007207393646240234,0.002666473388671875,53,1,53,37,214,544,8629
all/randm06.02.02.09.020_0030.01.aba.beta,True,1,5,0.006169319152832031,0.0005145072937011719,0.0006816387176513672,0.00736546516418457,83,1,84,46,434,538,8594
all/randm06.02.02.09.020_0030.02.aba.beta,True,1,5,0.008503913879394531,0.0005290508270263672,0.0011379718780517578,0.010170936584472656,85,1,85,47,408,525,8519
all/randm06.02.02.09.020_0030.03.aba.beta,True,2,5,0.010626554489135742,0.001787424087524414,0.0012340545654296875,0.013648033142089844,112,2,112,69,830,567,9010
all/randm06.02.02.09.020_0030.04.aba.beta,True,4,5,0.014684438705444336,0.0032684803009033203,0.0014438629150390625,0.01939678192138672,111,4,111,56,846,623,9789
all/randm06.02.02.09.020_0030.05.aba.beta,True,3,5,0.00998377799987793,0.002196073532104492,0.0012059211730957031,0.013385772705078125,118,3,118,49,1057,582,9158
all/randm06.02.02.10.020_0030.01.aba.beta,True,1,4,0.0011241436004638672,0.0003719329833984375,0.0006906986236572266,0.0021867752075195312,51,1,51,30,212,538,8595
all/randm06.02.02.10.020_0030.02.aba.beta,True,1,4,0.0012440681457519531,0.0005178451538085938,0.0010502338409423828,0.0028121471405029297,47,1,47,33,190,538,8602
all/randm06.02.02.10.020_0030.03.aba.beta,True,1,4,0.0011854171752929688,0.0006184577941894531,0.0011525154113769531,0.002956390380859375,49,1,49,29,203,528,8529
all/randm06.02.02.10.020_0030.04.aba.beta,True,1,4,0.0011763572692871094,0.0003724098205566406,0.0006840229034423828,0.002232789993286133,50,1,50,31,211,542,8619
all/randm06.02.02.10.020_0030.05.aba.beta,True,1,4,0.0015156269073486328,0.0005040168762207031,0.001127004623413086,0.003146648406982422,49,1,49,38,198,541,8613
all/randm06.02.02.11.020_0030.01.aba.beta,True,4,6,0.024706363677978516,0.005957603454589844,0.0007755756378173828,0.03143954277038574,183,3,183,79,2418,628,9827
all/randm06.02.02.11.020_0030.02.aba.beta,True,8,6,0.0552523136138916,0.011629104614257812,0.0014789104461669922,0.0683603286743164,185,7,186,64,1910,778,11954
all/randm06.02.02.11.020_0030.03.aba.beta,True,4,6,0.024129152297973633,0.00725865364074707,0.0012221336364746094,0.03260993957519531,135,3,135,58,855,585,9128
all/randm06.02.02.11.020_0030.04.aba.beta,True,5,6,0.021493911743164062,0.006429433822631836,0.000835418701171875,0.028758764266967773,181,3,181,64,1478,608,9534
all/randm06.02.02.11.020_0030.05.aba.beta,True,2,6,0.01919245719909668,0.0021665096282958984,0.0008075237274169922,0.02216649055480957,98,2,100,57,612,617,9616
all/randm06.02.02.12.020_0030.01.aba.beta,True,2,4,0.0038068294525146484,0.0008041858673095703,0.0006666183471679688,0.0052776336669921875,81,2,81,42,521,551,8652
all/randm06.02.02.12.020_0030.02.aba.beta,True,1,4,0.002119779586791992,0.0003883838653564453,0.0009613037109375,0.0034694671630859375,73,1,73,30,447,531,8573
all/randm06.02.02.12.020_0030.03.aba.beta,True,1,4,0.0020558834075927734,0.0004036426544189453,0.0006761550903320312,0.00313568115234375,69,1,69,34,394,532,8576
all/randm06.02.02.12.020_0030.04.aba.beta,True,1,4,0.002111673355102539,0.000370025634765625,0.0006875991821289062,0.0031692981719970703,71,1,71,32,384,541,8608
all/randm06.02.02.12.020_0030.05.aba.beta,True,1,4,0.002051115036010742,0.0005154609680175781,0.0010631084442138672,0.0036296844482421875,73,1,73,32,415,544,8626
all/randm06.02.02.13.020_0030.01.aba.beta,True,3,4,0.00660252571105957,0.0014481544494628906,0.0007302761077880859,0.008780956268310547,72,3,72,38,635,563,8876
all/randm06.02.02.13.020_0030.02.aba.beta,True,5,4,0.013379573822021484,0.004312753677368164,0.0013158321380615234,0.019008159637451172,93,5,93,62,894,682,10437
all/randm06.02.02.13.020_0030.03.aba.beta,True,2,4,0.004373311996459961,0.001554250717163086,0.001116037368774414,0.007043600082397461,49,2,49,28,254,566,9009
all/randm06.02.02.13.020_0030.04.aba.beta,True,3,4,0.005234479904174805,0.0011992454528808594,0.0007288455963134766,0.007162570953369141,79,3,79,46,801,580,9068
all/randm06.02.02.13.020_0030.05.aba.beta,True,2,4,0.0025560855865478516,0.0006566047668457031,0.0006821155548095703,0.003894805908203125,64,2,64,31,469,542,8636
all/randm06.02.02.14.020_0030.01.aba.beta,True,3,6,0.011322259902954102,0.0038344860076904297,0.0011436939239501953,0.016300439834594727,148,2,148,57,859,534,8586
all/randm06.02.02.14.020_0030.02.aba.beta,True,1,6,0.0052490234375,0.0006532669067382812,0.0011391639709472656,0.007041454315185547,111,1,111,52,581,537,8593
all/randm06.02.02.14.020_0030.03.aba.beta,True,2,6,0.0076601505279541016,0.0014426708221435547,0.0006842613220214844,0.00978708267211914,128,2,128,48,754,533,8557
all/randm06.02.02.14.020_0030.04.aba.beta,True,1,6,0.004644870758056641,0.0005724430084228516,0.0006985664367675781,0.00591588020324707,85,1,89,44,454,532,8563
all/randm06.02.02.14.020_0030.05.aba.beta,True,1,6,0.007670879364013672,0.0006780624389648438,0.0006823539733886719,0.009031295776367188,112,1,116,53,616,533,8561
all/randm06.02.02.15.020_0030.01.aba.beta,True,2,5,0.005702972412109375,0.0023813247680664062,0.0007679462432861328,0.008852243423461914,81,2,81,49,515,575,9134
all/randm06.02.02.15.020_0030.02.aba.beta,True,2,5,0.010467767715454102,0.0019218921661376953,0.001005411148071289,0.013395071029663086,97,2,97,58,690,612,9709
all/randm06.02.02.15.020_0030.03.aba.beta,True,1,5,0.005594968795776367,0.0008733272552490234,0.0011265277862548828,0.0075948238372802734,79,1,79,42,421,535,8587
all/randm06.02.02.15.020_0030.04.aba.beta,True,2,5,0.009098291397094727,0.0012836456298828125,0.0007233619689941406,0.01110529899597168,104,2,104,48,785,560,8854
all/randm06.02.02.15.020_0030.05.aba.beta,True,5,5,0.010303497314453125,0.002448558807373047,0.0007903575897216797,0.013542413711547852,98,5,98,52,689,642,9903
all/randm06.02.02.16.020_0030.01.aba.beta,True,1,3,0.0010428428649902344,0.0003383159637451172,0.0006668567657470703,0.002048015594482422,35,1,35,29,122,524,8503
all/randm06.02.02.16.020_0030.02.aba.beta,True,1,3,0.0009799003601074219,0.0003466606140136719,0.0006756782531738281,0.002002239227294922,36,1,36,28,128,537,8602
all/randm06.02.02.16.020_0030.03.aba.beta,True,1,3,0.0011975765228271484,0.0005137920379638672,0.0011181831359863281,0.0028295516967773438,31,1,31,20,106,522,8501
all/randm06.02.02.16.020_0030.04.aba.beta,True,1,3,0.0014355182647705078,0.0003192424774169922,0.0006940364837646484,0.0024487972259521484,32,1,32,25,112,539,8603
all/randm06.02.02.16.020_0030.05.aba.beta,True,1,3,0.0010285377502441406,0.00033164024353027344,0.0011088848114013672,0.0024690628051757812,36,1,36,29,128,543,8622
all/randm06.02.02.17.020_0030.01.aba.beta,True,1,4,0.001817464828491211,0.0006206035614013672,0.0011534690856933594,0.0035915374755859375,50,1,50,30,196,535,8594
all/randm06.02.02.17.020_0030.02.aba.beta,True,1,4,0.0013954639434814453,0.00039315223693847656,0.0007455348968505859,0.002534151077270508,47,1,47,37,178,542,8615
all/randm06.02.02.17.020_0030.03.aba.beta,True,1,4,0.0019502639770507812,0.0006470680236816406,0.0011620521545410156,0.0037593841552734375,47,1,47,32,178,535,8592
all/randm06.02.02.17.020_0030.04.aba.beta,True,1,4,0.0017042160034179688,0.0006124973297119141,0.0012140274047851562,0.003530740737915039,39,1,39,28,146,533,8582
all/randm06.02.02.17.020_0030.05.aba.beta,True,1,4,0.001905679702758789,0.000362396240234375,0.0006797313690185547,0.0029478073120117188,41,1,41,34,158,531,8559
all/randm06.02.02.18.020_0030.01.aba.beta,True,1,6,0.005712270736694336,0.00124359130859375,0.0011792182922363281,0.008135080337524414,110,1,110,51,588,541,8611
all/randm06.02.02.18.020_0030.02.aba.beta,True,3,6,0.011732101440429688,0.003093719482421875,0.0011827945709228516,0.016008615493774414,115,3,115,67,891,562,8958
all/randm06.02.02.18.020_0030.03.aba.beta,True,1,6,0.006413459777832031,0.0009555816650390625,0.001102447509765625,0.008471488952636719,99,1,99,46,514,532,8568
all/randm06.02.02.18.020_0030.04.aba.beta,True,1,6,0.002176046371459961,0.0006976127624511719,0.0006935596466064453,0.003567218780517578,69,1,69,32,345,522,8494
all/randm06.02.02.18.020_0030.05.aba.beta,True,1,6,0.007990837097167969,0.0008466243743896484,0.0006880760192871094,0.009525537490844727,113,1,115,51,625,533,8578
all/randm06.02.02.19.020_0030.01.aba.beta,True,1,1,0.0002338886260986328,0.00022983551025390625,0.0011353492736816406,0.0015990734100341797,15,1,15,14,34,533,8572
all/randm06.02.02.19.020_0030.02.aba.beta,True,1,1,0.00022840499877929688,0.00022792816162109375,0.001035451889038086,0.0014917850494384766,15,1,15,14,34,537,8597
all/randm06.02.02.19.020_0030.03.aba.beta,True,1,1,0.0002319812774658203,0.0002281665802001953,0.0007245540618896484,0.001184701919555664,15,1,15,14,34,533,8578
all/randm06.02.02.19.020_0030.04.aba.beta,True,1,1,0.00021123886108398438,0.00022673606872558594,0.0006971359252929688,0.001135110855102539,15,1,15,13,34,523,8524
all/randm06.02.02.19.020_0030.05.aba.beta,True,1,1,0.0002524852752685547,0.00023651123046875,0.0006837844848632812,0.001172780990600586,15,1,15,14,34,525,8527
all/randm07.02.02.01.020_0030.01.aba.beta,True,1,1,0.00036978721618652344,0.00039124488830566406,0.0007574558258056641,0.0015184879302978516,15,1,15,14,34,529,8553
all/randm07.02.02.01.020_0030.02.aba.beta,True,1,1,0.00037169456481933594,0.0003993511199951172,0.0011589527130126953,0.0019299983978271484,15,1,15,14,34,526,8542
all/randm07.02.02.01.020_0030.03.aba.beta,True,1,1,0.0002460479736328125,0.00023221969604492188,0.0007381439208984375,0.0012164115905761719,15,1,15,15,34,531,8553
all/randm07.02.02.01.020_0030.04.aba.beta,True,1,1,0.00041937828063964844,0.0003800392150878906,0.0009546279907226562,0.0017540454864501953,15,1,15,15,34,530,8550
all/randm07.02.02.01.020_0030.05.aba.beta,True,1,1,0.00024390220642089844,0.0002346038818359375,0.0006916522979736328,0.0011701583862304688,15,1,15,15,34,540,8609
all/randm07.02.02.02.020_0030.01.aba.beta,True,1,1,0.00038313865661621094,0.0003905296325683594,0.001134634017944336,0.0019083023071289062,15,1,15,14,34,535,8587
all/randm07.02.02.02.020_0030.02.aba.beta,True,1,1,0.0003757476806640625,0.00038743019104003906,0.0011887550354003906,0.0019519329071044922,15,1,15,14,34,538,8598
all/randm07.02.02.02.020_0030.03.aba.beta,True,1,1,0.00037217140197753906,0.0003848075866699219,0.0012054443359375,0.001962423324584961,15,1,15,14,34,533,8583
all/randm07.02.02.02.020_0030.04.aba.beta,True,1,1,0.0003795623779296875,0.0003955364227294922,0.0011186599731445312,0.001893758773803711,15,1,15,14,34,521,8515
all/randm07.02.02.02.020_0030.05.aba.beta,True,1,1,0.0003619194030761719,0.000385284423828125,0.0011262893676757812,0.0018734931945800781,15,1,15,13,34,531,8576
all/randm07.02.02.03.020_0030.01.aba.beta,True,5,7,0.02402973175048828,0.0061604976654052734,0.0012769699096679688,0.03146719932556152,202,4,212,66,1569,573,8849
all/randm07.02.02.03.020_0030.02.aba.beta,True,5,7,0.024161815643310547,0.004185914993286133,0.0007283687591552734,0.029076099395751953,191,5,203,71,1714,602,9161
all/randm07.02.02.03.020_0030.03.aba.beta,True,6,7,0.024534940719604492,0.005045413970947266,0.0007531642913818359,0.030333518981933594,226,5,230,59,2483,599,9165
all/randm07.02.02.03.020_0030.04.aba.beta,True,9,7,0.057898759841918945,0.010662555694580078,0.0020928382873535156,0.07065415382385254,204,9,211,80,2113,1072,16372
all/randm07.02.02.03.020_0030.05.aba.beta,True,9,7,0.054808616638183594,0.011640548706054688,0.0010662078857421875,0.06751537322998047,239,8,239,98,2277,781,11904
all/randm07.02.02.04.020_0030.01.aba.beta,True,2,4,0.002580404281616211,0.0008361339569091797,0.0009644031524658203,0.004380941390991211,45,2,45,35,178,752,12019
all/randm07.02.02.04.020_0030.02.aba.beta,True,2,4,0.005293607711791992,0.0018486976623535156,0.0011951923370361328,0.00833749771118164,57,2,57,40,285,554,8705
all/randm07.02.02.04.020_0030.03.aba.beta,True,2,4,0.0031843185424804688,0.0009503364562988281,0.0007021427154541016,0.0048367977142333984,54,2,54,43,259,549,8675
all/randm07.02.02.04.020_0030.04.aba.beta,True,1,4,0.0019414424896240234,0.0006580352783203125,0.0011174678802490234,0.0037169456481933594,44,1,44,27,173,530,8558
all/randm07.02.02.04.020_0030.05.aba.beta,True,2,4,0.0045506954193115234,0.0011098384857177734,0.0008842945098876953,0.006544828414916992,53,2,53,35,238,541,8618
all/randm07.02.02.05.020_0030.01.aba.beta,True,2,6,0.006367206573486328,0.0012497901916503906,0.0007352828979492188,0.008352279663085938,94,2,94,46,519,568,9049
all/randm07.02.02.05.020_0030.02.aba.beta,True,5,6,0.027268171310424805,0.005543708801269531,0.001434326171875,0.034246206283569336,187,4,200,91,1741,696,10782
all/randm07.02.02.05.020_0030.03.aba.beta,True,2,6,0.006696462631225586,0.0015184879302978516,0.0007507801055908203,0.008965730667114258,95,2,95,59,584,550,8791
all/randm07.02.02.05.020_0030.04.aba.beta,True,1,6,0.004524946212768555,0.0006268024444580078,0.0007927417755126953,0.005944490432739258,80,1,80,46,375,541,8616
all/randm07.02.02.05.020_0030.05.aba.beta,True,4,6,0.016184329986572266,0.00480341911315918,0.0012514591217041016,0.022239208221435547,105,3,105,61,556,589,9169
all/randm07.02.02.06.020_0030.01.aba.beta,True,1,4,0.001062154769897461,0.0003790855407714844,0.0006632804870605469,0.002104520797729492,44,1,44,27,168,533,8576
all/randm07.02.02.06.020_0030.02.aba.beta,True,1,4,0.0022268295288085938,0.0003943443298339844,0.0006976127624511719,0.00331878662109375,45,1,45,33,174,538,8598
all/randm07.02.02.06.020_0030.03.aba.beta,True,1,4,0.00135040283203125,0.0003807544708251953,0.0006983280181884766,0.002429485321044922,43,1,43,30,162,539,8603
all/randm07.02.02.06.020_0030.04.aba.beta,True,1,4,0.001020193099975586,0.0003514289855957031,0.0006906986236572266,0.0020623207092285156,41,1,41,27,158,534,8580
all/randm07.02.02.06.020_0030.05.aba.beta,True,1,4,0.0017371177673339844,0.0005860328674316406,0.001140594482421875,0.0034637451171875,41,1,41,27,158,534,8577
all/randm07.02.02.07.020_0030.01.aba.beta,True,4,6,0.020934581756591797,0.0038564205169677734,0.0007405281066894531,0.025531530380249023,176,3,184,75,1349,563,8860
all/randm07.02.02.07.020_0030.02.aba.beta,True,3,6,0.020315170288085938,0.003561735153198242,0.0010006427764892578,0.024877548217773438,138,3,142,81,1091,694,10832
all/randm07.02.02.07.020_0030.03.aba.beta,True,7,6,0.031650543212890625,0.00738835334777832,0.0012390613555908203,0.040277957916259766,265,5,266,73,2079,595,9212
all/randm07.02.02.07.020_0030.04.aba.beta,True,6,6,0.03653097152709961,0.005827188491821289,0.0015213489532470703,0.04387950897216797,161,5,164,66,1017,829,13005
all/randm07.02.02.07.020_0030.05.aba.beta,True,4,6,0.022423982620239258,0.0037043094635009766,0.0010600090026855469,0.02718830108642578,155,3,155,83,1109,773,12076
all/randm07.02.02.08.020_0030.01.aba.beta,True,1,1,0.0004062652587890625,0.0004017353057861328,0.0011174678802490234,0.0019254684448242188,15,1,15,15,34,542,8613
all/randm07.02.02.08.020_0030.02.aba.beta,True,1,1,0.0005385875701904297,0.00040650367736816406,0.0012271404266357422,0.002172231674194336,15,1,15,15,34,539,8607
all/randm07.02.02.08.020_0030.03.aba.beta,True,1,1,0.00039458274841308594,0.000392913818359375,0.00115966796875,0.001947164535522461,15,1,15,15,34,534,8577
all/randm07.02.02.08.020_0030.04.aba.beta,True,1,1,0.0003764629364013672,0.000400543212890625,0.0011756420135498047,0.0019526481628417969,15,1,15,14,34,536,8592
all/randm07.02.02.08.020_0030.05.aba.beta,True,1,1,0.0002377033233642578,0.0002307891845703125,0.0006937980651855469,0.0011622905731201172,15,1,15,14,34,536,8587
all/randm07.02.02.09.020_0030.01.aba.beta,True,1,3,0.0011508464813232422,0.0003437995910644531,0.0007183551788330078,0.002213001251220703,42,1,42,31,173,534,8580
all/randm07.02.02.09.020_0030.02.aba.beta,True,1,3,0.0011446475982666016,0.000335693359375,0.0007367134094238281,0.0022170543670654297,47,1,47,28,206,531,8547
all/randm07.02.02.09.020_0030.03.aba.beta,True,1,3,0.0015187263488769531,0.0005550384521484375,0.0010313987731933594,0.00310516357421875,43,1,43,32,178,540,8608
all/randm07.02.02.09.020_0030.04.aba.beta,True,1,3,0.0010187625885009766,0.0003414154052734375,0.0007092952728271484,0.0020694732666015625,42,1,42,27,172,532,8560
all/randm07.02.02.09.020_0030.05.aba.beta,True,1,3,0.0009684562683105469,0.0003170967102050781,0.0006973743438720703,0.0019829273223876953,45,1,45,27,192,531,8559
all/randm07.02.02.10.020_0030.01.aba.beta,True,1,1,0.00038123130798339844,0.0003857612609863281,0.0013990402221679688,0.0021660327911376953,15,1,15,14,34,537,8599
all/randm07.02.02.10.020_0030.02.aba.beta,True,1,1,0.00032138824462890625,0.0003826618194580078,0.0011425018310546875,0.0018465518951416016,15,1,15,14,34,540,8608
all/randm07.02.02.10.020_0030.03.aba.beta,True,1,1,0.00024366378784179688,0.0002346038818359375,0.0006756782531738281,0.0011539459228515625,15,1,15,15,34,527,8497
all/randm07.02.02.10.020_0030.04.aba.beta,True,1,1,0.0002334117889404297,0.0002532005310058594,0.0007436275482177734,0.0012302398681640625,15,1,15,14,34,537,8603
all/randm07.02.02.10.020_0030.05.aba.beta,True,1,1,0.0002391338348388672,0.0002307891845703125,0.0006673336029052734,0.0011372566223144531,15,1,15,14,34,528,8551
all/randm07.02.02.11.020_0030.01.aba.beta,True,3,5,0.008901357650756836,0.002030611038208008,0.00140380859375,0.012335777282714844,108,3,108,41,1017,661,10461
all/randm07.02.02.11.020_0030.02.aba.beta,True,1,5,0.002088308334350586,0.0004436969757080078,0.0006690025329589844,0.003201007843017578,61,1,61,33,290,535,8586
all/randm07.02.02.11.020_0030.03.aba.beta,True,1,5,0.004030704498291016,0.0007596015930175781,0.0011928081512451172,0.005983114242553711,70,1,70,36,354,527,8540
all/randm07.02.02.11.020_0030.04.aba.beta,True,5,5,0.011168241500854492,0.003878355026245117,0.0015265941619873047,0.016573190689086914,99,4,99,58,530,694,10888
all/randm07.02.02.11.020_0030.05.aba.beta,True,3,5,0.009521484375,0.001711130142211914,0.0008018016815185547,0.012034416198730469,126,3,126,62,1711,631,9890
all/randm07.02.02.12.020_0030.01.aba.beta,True,1,3,0.0014185905456542969,0.0005133152008056641,0.0010499954223632812,0.002981901168823242,41,1,41,28,166,535,8582
all/randm07.02.02.12.020_0030.02.aba.beta,True,1,3,0.0008401870727539062,0.0003018379211425781,0.0006983280181884766,0.001840353012084961,43,1,43,25,178,535,8590
all/randm07.02.02.12.020_0030.03.aba.beta,True,1,3,0.0007283687591552734,0.00031065940856933594,0.0010867118835449219,0.0021257400512695312,43,1,43,20,179,531,8573
all/randm07.02.02.12.020_0030.04.aba.beta,True,1,3,0.0008854866027832031,0.00034737586975097656,0.0007224082946777344,0.001955270767211914,37,1,37,27,152,527,8548
all/randm07.02.02.12.020_0030.05.aba.beta,True,1,3,0.0010535717010498047,0.0002994537353515625,0.0007128715515136719,0.002065896987915039,47,1,47,22,205,534,8586
all/randm07.02.02.13.020_0030.01.aba.beta,True,1,7,0.01020956039428711,0.0010156631469726562,0.0006744861602783203,0.011899709701538086,138,1,141,61,840,536,8592
all/randm07.02.02.13.020_0030.02.aba.beta,True,2,7,0.00856637954711914,0.0022478103637695312,0.0009257793426513672,0.011739969253540039,123,2,123,64,739,573,9150
all/randm07.02.02.13.020_0030.03.aba.beta,True,4,7,0.0303804874420166,0.004988431930541992,0.0017049312591552734,0.03707385063171387,138,4,144,94,1133,983,15321
all/randm07.02.02.13.020_0030.04.aba.beta,True,6,7,0.0404355525970459,0.007013559341430664,0.0016028881072998047,0.04905200004577637,231,5,233,81,2862,754,11607
all/randm07.02.02.13.020_0030.05.aba.beta,True,2,7,0.02193474769592285,0.001971721649169922,0.0007483959197998047,0.024654865264892578,168,2,187,85,1429,563,8758
all/randm07.02.02.14.020_0030.01.aba.beta,True,1,3,0.000980377197265625,0.0003333091735839844,0.0007207393646240234,0.002034425735473633,40,1,40,30,152,542,8619
all/randm07.02.02.14.020_0030.02.aba.beta,True,1,3,0.0010442733764648438,0.00032591819763183594,0.0008890628814697266,0.0022592544555664062,41,1,41,32,158,538,8587
all/randm07.02.02.14.020_0030.03.aba.beta,True,1,3,0.000989675521850586,0.0003287792205810547,0.0006625652313232422,0.001981019973754883,39,1,39,29,146,525,8535
all/randm07.02.02.14.020_0030.04.aba.beta,True,1,3,0.0010404586791992188,0.0003018379211425781,0.0006916522979736328,0.0020339488983154297,40,1,40,24,152,529,8551
all/randm07.02.02.14.020_0030.05.aba.beta,True,1,3,0.001001119613647461,0.0003254413604736328,0.0007555484771728516,0.0020821094512939453,39,1,39,31,146,539,8603
all/randm07.02.02.15.020_0030.01.aba.beta,True,4,7,0.036333322525024414,0.0051991939544677734,0.0007760524749755859,0.04230856895446777,170,3,175,81,1099,567,8806
all/randm07.02.02.15.020_0030.02.aba.beta,True,1,7,0.0074765682220458984,0.0007233619689941406,0.0007154941558837891,0.008915424346923828,135,1,138,52,847,524,8517
all/randm07.02.02.15.020_0030.03.aba.beta,True,2,7,0.023693084716796875,0.0017440319061279297,0.0007195472717285156,0.02615666389465332,153,2,169,79,1485,552,8712
all/randm07.02.02.15.020_0030.04.aba.beta,True,1,7,0.005967617034912109,0.0009095668792724609,0.0007112026214599609,0.007588386535644531,126,1,129,57,706,540,8608
all/randm07.02.02.15.020_0030.05.aba.beta,True,6,7,0.02838444709777832,0.006016731262207031,0.0009739398956298828,0.035375118255615234,170,5,175,91,1173,771,12034
all/randm07.02.02.16.020_0030.01.aba.beta,True,1,4,0.0028336048126220703,0.00041556358337402344,0.0007045269012451172,0.003953695297241211,53,1,53,31,244,541,8616
all/randm07.02.02.16.020_0030.02.aba.beta,True,1,4,0.0019080638885498047,0.00040411949157714844,0.0007381439208984375,0.0030503273010253906,53,1,53,29,244,535,8584
all/randm07.02.02.16.020_0030.03.aba.beta,True,1,4,0.003426790237426758,0.00043845176696777344,0.0007069110870361328,0.004572153091430664,72,1,72,34,363,531,8574
all/randm07.02.02.16.020_0030.04.aba.beta,True,1,4,0.005566120147705078,0.0007486343383789062,0.0010869503021240234,0.007401704788208008,64,1,64,35,306,527,8495
all/randm07.02.02.16.020_0030.05.aba.beta,True,2,4,0.006244182586669922,0.0008590221405029297,0.0007417201995849609,0.007844924926757812,76,2,76,34,417,540,8599
all/randm07.02.02.17.020_0030.01.aba.beta,True,5,6,0.030185461044311523,0.004984617233276367,0.0010292530059814453,0.036199331283569336,155,5,161,98,1367,769,11962
all/randm07.02.02.17.020_0030.02.aba.beta,True,5,6,0.028598546981811523,0.004304409027099609,0.0009357929229736328,0.033838748931884766,166,4,174,94,1494,623,9694
all/randm07.02.02.17.020_0030.03.aba.beta,True,3,6,0.010053396224975586,0.0026960372924804688,0.0009098052978515625,0.013659238815307617,94,3,95,52,634,623,9721
all/randm07.02.02.17.020_0030.04.aba.beta,True,5,6,0.020076274871826172,0.0035843849182128906,0.0008690357208251953,0.024529695510864258,137,5,144,87,1191,635,9770
all/randm07.02.02.17.020_0030.05.aba.beta,True,5,6,0.028796911239624023,0.00539708137512207,0.000720977783203125,0.03491497039794922,197,3,200,67,1930,571,8890
all/randm07.02.02.18.020_0030.01.aba.beta,True,12,7,0.1308434009552002,0.025272846221923828,0.001542806625366211,0.15765905380249023,348,9,348,145,4585,1151,17754
all/randm07.02.02.18.020_0030.02.aba.beta,True,8,7,0.07986927032470703,0.011966466903686523,0.0009076595306396484,0.0927433967590332,211,6,215,88,2272,706,10829
all/randm07.02.02.18.020_0030.03.aba.beta,True,11,7,0.12236142158508301,0.014651775360107422,0.0016021728515625,0.13861536979675293,261,9,277,138,4024,1081,16515
all/randm07.02.02.18.020_0030.04.aba.beta,True,9,7,0.09319949150085449,0.014194726943969727,0.0010421276092529297,0.10843634605407715,204,6,208,94,2912,739,11417
all/randm07.02.02.18.020_0030.05.aba.beta,True,11,7,0.12319207191467285,0.01732158660888672,0.0013747215270996094,0.14188838005065918,309,9,313,139,4055,931,13958
all/randm07.02.02.19.020_0030.01.aba.beta,True,4,5,0.01322627067565918,0.0029320716857910156,0.0007712841033935547,0.01692962646484375,154,3,154,82,1178,605,9481
all/randm07.02.02.19.020_0030.02.aba.beta,True,2,5,0.0059168338775634766,0.0013179779052734375,0.0007419586181640625,0.007976770401000977,78,2,78,48,489,571,9110
all/randm07.02.02.19.020_0030.03.aba.beta,True,3,5,0.012489080429077148,0.002076387405395508,0.0006971359252929688,0.015262603759765625,164,2,166,60,1144,549,8658
all/randm07.02.02.19.020_0030.04.aba.beta,True,6,5,0.02397632598876953,0.006453514099121094,0.0013828277587890625,0.03181266784667969,154,5,154,72,1449,671,10332
all/randm07.02.02.19.020_0030.05.aba.beta,True,4,5,0.018802165985107422,0.003572225570678711,0.0007405281066894531,0.023114919662475586,155,3,155,70,1193,573,9006
all/randm08.02.02.01.020_0030.01.aba.beta,True,6,7,0.026963472366333008,0.007813453674316406,0.001383066177368164,0.03615999221801758,196,5,196,73,1720,675,10326
all/randm08.02.02.01.020_0030.02.aba.beta,True,3,7,0.025211811065673828,0.005347728729248047,0.001184225082397461,0.031743764877319336,201,2,201,86,1288,560,8761
all/randm08.02.02.01.020_0030.03.aba.beta,True,2,7,0.010579824447631836,0.0030846595764160156,0.0011262893676757812,0.014790773391723633,147,1,147,58,886,536,8594
all/randm08.02.02.01.020_0030.04.aba.beta,True,3,7,0.018152952194213867,0.004454851150512695,0.0009813308715820312,0.023589134216308594,188,2,188,75,1274,771,12259
all/randm08.02.02.01.020_0030.05.aba.beta,True,4,7,0.02088189125061035,0.0061261653900146484,0.0013840198516845703,0.02839207649230957,163,3,163,79,1182,731,11568
all/randm08.02.02.02.020_0030.01.aba.beta,True,5,6,0.014541864395141602,0.0032241344451904297,0.0009667873382568359,0.018732786178588867,143,4,143,58,895,627,9667
all/randm08.02.02.02.020_0030.02.aba.beta,True,5,6,0.013901948928833008,0.002835512161254883,0.0007829666137695312,0.017520427703857422,140,5,145,58,1346,621,9733
all/randm08.02.02.02.020_0030.03.aba.beta,True,3,6,0.007912874221801758,0.0015273094177246094,0.0007228851318359375,0.010163068771362305,113,3,114,48,872,565,8814
all/randm08.02.02.02.020_0030.04.aba.beta,True,4,6,0.011194705963134766,0.0028460025787353516,0.0007224082946777344,0.014763116836547852,117,4,120,55,852,595,9206
all/randm08.02.02.02.020_0030.05.aba.beta,True,3,6,0.013784170150756836,0.002665281295776367,0.0010988712310791016,0.017548322677612305,99,3,99,53,619,568,8823
all/randm08.02.02.03.020_0030.01.aba.beta,True,6,7,0.03509163856506348,0.006032228469848633,0.0007002353668212891,0.0418241024017334,352,4,358,90,2741,563,8716
all/randm08.02.02.03.020_0030.02.aba.beta,True,5,7,0.020418882369995117,0.004450321197509766,0.0007510185241699219,0.025620222091674805,244,3,244,66,2178,592,9224
all/randm08.02.02.03.020_0030.03.aba.beta,True,4,7,0.010852575302124023,0.0037293434143066406,0.0007014274597167969,0.015283346176147461,91,4,92,45,538,562,8701
all/randm08.02.02.03.020_0030.04.aba.beta,True,2,7,0.01016688346862793,0.0025038719177246094,0.0011856555938720703,0.01385641098022461,87,2,87,52,468,546,8623
all/randm08.02.02.03.020_0030.05.aba.beta,True,3,7,0.01167917251586914,0.0025196075439453125,0.0007545948028564453,0.014953374862670898,88,3,88,55,504,566,8781
all/randm08.02.02.04.020_0030.01.aba.beta,True,2,6,0.016800403594970703,0.0017418861389160156,0.0011622905731201172,0.019704580307006836,137,2,142,59,922,541,8609
all/randm08.02.02.04.020_0030.02.aba.beta,True,3,6,0.01834249496459961,0.0032324790954589844,0.0012383460998535156,0.02281332015991211,105,3,106,65,802,576,9206
all/randm08.02.02.04.020_0030.03.aba.beta,True,5,6,0.021533727645874023,0.004204511642456055,0.0008883476257324219,0.0266265869140625,118,5,122,80,1067,684,10558
all/randm08.02.02.04.020_0030.04.aba.beta,True,1,6,0.0048601627349853516,0.0005922317504882812,0.0006887912750244141,0.006141185760498047,83,1,85,46,409,539,8603
all/randm08.02.02.04.020_0030.05.aba.beta,True,7,6,0.062277793884277344,0.008287906646728516,0.000997304916381836,0.0715630054473877,228,6,228,88,1945,738,11287
all/randm08.02.02.05.020_0030.01.aba.beta,True,1,5,0.0036993026733398438,0.0007932186126708984,0.0011570453643798828,0.005649566650390625,82,1,82,36,488,539,8602
all/randm08.02.02.05.020_0030.02.aba.beta,True,1,5,0.003581523895263672,0.0005080699920654297,0.0007474422454833984,0.0048370361328125,79,1,79,40,438,538,8602
all/randm08.02.02.05.020_0030.03.aba.beta,True,1,5,0.003509044647216797,0.0008056163787841797,0.0011615753173828125,0.005476236343383789,83,1,83,39,470,536,8585
all/randm08.02.02.05.020_0030.04.aba.beta,True,2,5,0.0037026405334472656,0.0008747577667236328,0.0011641979217529297,0.005741596221923828,73,2,73,33,420,594,9477
all/randm08.02.02.05.020_0030.05.aba.beta,True,1,5,0.0032236576080322266,0.0004639625549316406,0.0006999969482421875,0.004387617111206055,83,1,83,37,482,541,8607
all/randm08.02.02.06.020_0030.01.aba.beta,True,2,8,0.019339561462402344,0.003052234649658203,0.0009529590606689453,0.023344755172729492,179,2,183,77,1383,559,8920
all/randm08.02.02.06.020_0030.02.aba.beta,True,3,8,0.03456282615661621,0.005092144012451172,0.0014388561248779297,0.04109382629394531,243,2,263,92,2624,557,8857
all/randm08.02.02.06.020_0030.03.aba.beta,True,3,8,0.04060649871826172,0.005068778991699219,0.0008676052093505859,0.04654288291931152,242,2,253,98,1676,580,9250
all/randm08.02.02.06.020_0030.04.aba.beta,True,1,8,0.014119386672973633,0.0017855167388916016,0.0011584758758544922,0.017063379287719727,121,1,132,66,661,540,8605
all/randm08.02.02.06.020_0030.05.aba.beta,True,9,8,0.07510018348693848,0.014353275299072266,0.0009634494781494141,0.09041690826416016,352,7,375,103,2967,668,10175
all/randm08.02.02.07.020_0030.01.aba.beta,True,1,1,0.0002541542053222656,0.0002536773681640625,0.0007066726684570312,0.0012145042419433594,15,1,15,15,34,536,8587
all/randm08.02.02.07.020_0030.02.aba.beta,True,1,1,0.0003674030303955078,0.0003972053527832031,0.0011644363403320312,0.0019290447235107422,15,1,15,14,34,524,8514
all/randm08.02.02.07.020_0030.03.aba.beta,True,1,1,0.0003705024719238281,0.0003783702850341797,0.0010561943054199219,0.0018050670623779297,15,1,15,13,34,519,8504
all/randm08.02.02.07.020_0030.04.aba.beta,True,1,1,0.00036787986755371094,0.0003821849822998047,0.001085519790649414,0.0018355846405029297,15,1,15,14,34,539,8604
all/randm08.02.02.07.020_0030.05.aba.beta,True,1,1,0.0002346038818359375,0.00023651123046875,0.0006697177886962891,0.0011408329010009766,15,1,15,14,34,530,8566
all/randm08.02.02.08.020_0030.01.aba.beta,True,9,6,0.06990408897399902,0.013591527938842773,0.0009427070617675781,0.08443832397460938,321,6,321,96,4537,725,11010
all/randm08.02.02.08.020_0030.02.aba.beta,True,8,6,0.07235503196716309,0.009414911270141602,0.0010814666748046875,0.08285140991210938,214,7,214,100,2423,784,12107
all/randm08.02.02.08.020_0030.03.aba.beta,True,8,6,0.04436135292053223,0.009505033493041992,0.0013096332550048828,0.0551760196685791,203,6,203,65,2154,668,10282
all/randm08.02.02.08.020_0030.04.aba.beta,True,9,6,0.056525230407714844,0.013715028762817383,0.0012161731719970703,0.0714564323425293,190,8,190,99,2109,891,13258
all/randm08.02.02.08.020_0030.05.aba.beta,True,6,6,0.039138078689575195,0.005971193313598633,0.0017676353454589844,0.04687690734863281,181,6,181,79,2023,851,13073
all/randm08.02.02.09.020_0030.01.aba.beta,True,5,7,0.03460812568664551,0.0057408809661865234,0.0012557506561279297,0.04160475730895996,212,4,212,69,1640,868,13571
all/randm08.02.02.09.020_0030.02.aba.beta,True,9,7,0.08210039138793945,0.011566162109375,0.002260446548461914,0.09592700004577637,293,9,309,145,3426,1437,22441
all/randm08.02.02.09.020_0030.03.aba.beta,True,3,7,0.02077341079711914,0.003498554229736328,0.0013098716735839844,0.025581836700439453,138,3,143,61,951,627,9972
all/randm08.02.02.09.020_0030.04.aba.beta,True,5,7,0.05129241943359375,0.006424665451049805,0.0013151168823242188,0.05903220176696777,324,4,332,91,4595,861,13375
all/randm08.02.02.09.020_0030.05.aba.beta,True,4,7,0.016585826873779297,0.0036153793334960938,0.001119375228881836,0.021320581436157227,189,3,194,61,1265,542,8604
all/randm08.02.02.10.020_0030.01.aba.beta,True,4,7,0.06240272521972656,0.005326509475708008,0.0009691715240478516,0.06869840621948242,268,3,283,113,3294,698,11096
all/randm08.02.02.10.020_0030.02.aba.beta,True,8,7,0.06797432899475098,0.008378982543945312,0.002485513687133789,0.07883882522583008,286,7,293,116,3590,1564,24423
all/randm08.02.02.10.020_0030.03.aba.beta,True,5,7,0.04150247573852539,0.0055179595947265625,0.0013184547424316406,0.048338890075683594,242,4,248,84,2802,647,10000
all/randm08.02.02.10.020_0030.04.aba.beta,True,9,7,0.15002202987670898,0.016628503799438477,0.0026721954345703125,0.16932272911071777,349,7,350,149,5104,1580,24675
all/randm08.02.02.10.020_0030.05.aba.beta,True,9,7,0.117401123046875,0.01582169532775879,0.0015952587127685547,0.13481807708740234,488,6,495,128,6659,1238,19738
all/randm08.02.02.11.020_0030.01.aba.beta,True,16,8,0.09314703941345215,0.024283885955810547,0.0014491081237792969,0.11888003349304199,316,14,320,87,2674,1111,16187
all/randm08.02.02.11.020_0030.02.aba.beta,True,5,8,0.0425112247467041,0.008188247680664062,0.001359701156616211,0.052059173583984375,307,4,313,85,2658,878,13876
all/randm08.02.02.11.020_0030.03.aba.beta,True,2,8,0.017093896865844727,0.0024378299713134766,0.0007734298706054688,0.020305156707763672,223,1,231,70,1717,534,8592
all/randm08.02.02.11.020_0030.04.aba.beta,True,10,8,0.058882951736450195,0.01308298110961914,0.002254962921142578,0.07422089576721191,272,9,272,77,3816,1537,23783
all/randm08.02.02.11.020_0030.05.aba.beta,True,7,8,0.04492902755737305,0.0081787109375,0.0011417865753173828,0.05424952507019043,200,7,200,90,1760,912,13935
all/randm08.02.02.12.020_0030.01.aba.beta,True,6,5,0.042253971099853516,0.005185127258300781,0.0010061264038085938,0.04844522476196289,202,5,206,94,2519,795,12436
all/randm08.02.02.12.020_0030.02.aba.beta,True,4,5,0.013256072998046875,0.0023343563079833984,0.001394510269165039,0.016984939575195312,107,4,109,57,685,881,13952
all/randm08.02.02.12.020_0030.03.aba.beta,True,3,5,0.01067972183227539,0.0025284290313720703,0.0008924007415771484,0.01410055160522461,120,2,120,67,842,647,10186
all/randm08.02.02.12.020_0030.04.aba.beta,True,6,5,0.043318986892700195,0.005733489990234375,0.001790761947631836,0.050843238830566406,172,6,172,93,1990,885,13546
all/randm08.02.02.12.020_0030.05.aba.beta,True,5,5,0.02456498146057129,0.003618955612182617,0.0010285377502441406,0.029212474822998047,131,5,131,69,1432,751,11496
all/randm08.02.02.13.020_0030.01.aba.beta,True,10,8,0.16023731231689453,0.021898269653320312,0.0015065670013427734,0.18364214897155762,322,7,330,130,4043,857,13153
all/randm08.02.02.13.020_0030.02.aba.beta,True,11,8,0.1775970458984375,0.03111577033996582,0.001760721206665039,0.21047353744506836,395,7,398,151,4252,1293,20034
all/randm08.02.02.13.020_0030.03.aba.beta,True,10,8,0.09222269058227539,0.020349740982055664,0.0016541481018066406,0.1142265796661377,269,7,285,109,2437,910,13986
all/randm08.02.02.13.020_0030.04.aba.beta,True,12,8,0.19443631172180176,0.037454843521118164,0.0014126300811767578,0.23330378532409668,460,8,460,138,8872,1039,15899
all/randm08.02.02.13.020_0030.05.aba.beta,True,15,8,0.16913175582885742,0.029700279235839844,0.0021181106567382812,0.20095014572143555,315,12,334,146,3490,1350,20706
all/randm08.02.02.14.020_0030.01.aba.beta,True,7,6,0.0533599853515625,0.009549617767333984,0.0011701583862304688,0.06407976150512695,187,6,187,116,1986,937,14525
all/randm08.02.02.14.020_0030.02.aba.beta,True,12,6,0.12065792083740234,0.02507185935974121,0.001993417739868164,0.14772319793701172,214,11,214,140,2402,1242,19057
all/randm08.02.02.14.020_0030.03.aba.beta,True,11,6,0.09123849868774414,0.015928030014038086,0.0014462471008300781,0.1086127758026123,209,9,209,115,2182,1028,15803
all/randm08.02.02.14.020_0030.04.aba.beta,True,12,6,0.12511587142944336,0.02259659767150879,0.002155303955078125,0.14986777305603027,312,9,312,136,5805,1575,25290
all/randm08.02.02.14.020_0030.05.aba.beta,True,8,6,0.05658698081970215,0.013031482696533203,0.0018296241760253906,0.07144808769226074,185,7,185,108,2063,1081,16430
all/randm08.02.02.15.020_0030.01.aba.beta,True,6,5,0.039954423904418945,0.00620269775390625,0.0014176368713378906,0.047574758529663086,162,5,166,101,1445,748,11627
all/randm08.02.02.15.020_0030.02.aba.beta,True,5,5,0.02916121482849121,0.004811763763427734,0.0011250972747802734,0.03509807586669922,107,5,118,76,1003,826,12884
all/randm08.02.02.15.020_0030.03.aba.beta,True,5,5,0.014142274856567383,0.004153728485107422,0.0008127689361572266,0.01910877227783203,97,4,97,65,615,588,9026
all/randm08.02.02.15.020_0030.04.aba.beta,True,4,5,0.015250682830810547,0.0026235580444335938,0.0007846355438232422,0.018658876419067383,96,4,107,60,681,621,9720
all/randm08.02.02.15.020_0030.05.aba.beta,True,7,5,0.050112247467041016,0.008095502853393555,0.0014157295227050781,0.05962347984313965,149,6,192,123,1412,745,11421
all/randm08.02.02.16.020_0030.01.aba.beta,True,4,5,0.009491920471191406,0.0032193660736083984,0.0010821819305419922,0.013793468475341797,114,3,114,47,823,587,9155
all/randm08.02.02.16.020_0030.02.aba.beta,True,5,5,0.014233589172363281,0.0035429000854492188,0.0008552074432373047,0.018631696701049805,135,4,135,61,1753,636,9994
all/randm08.02.02.16.020_0030.03.aba.beta,True,8,5,0.030104398727416992,0.008132696151733398,0.0021512508392333984,0.04038834571838379,158,7,158,88,1532,1243,19348
all/randm08.02.02.16.020_0030.04.aba.beta,True,9,5,0.03695201873779297,0.0091400146484375,0.0013523101806640625,0.04744434356689453,154,8,154,80,1354,1023,15624
all/randm08.02.02.16.020_0030.05.aba.beta,True,5,5,0.011998891830444336,0.003584146499633789,0.0012118816375732422,0.016794919967651367,114,4,114,52,1083,665,10413
all/randm08.02.02.17.020_0030.01.aba.beta,True,2,6,0.011531352996826172,0.0014362335205078125,0.0006878376007080078,0.013655424118041992,130,2,130,64,745,553,8723
all/randm08.02.02.17.020_0030.02.aba.beta,True,2,6,0.014066696166992188,0.0017244815826416016,0.0008697509765625,0.01666092872619629,149,2,155,66,1860,582,9291
all/randm08.02.02.17.020_0030.03.aba.beta,True,1,6,0.0074694156646728516,0.0009241104125976562,0.0011894702911376953,0.009582996368408203,96,1,100,45,527,534,8589
all/randm08.02.02.17.020_0030.04.aba.beta,True,1,6,0.0070934295654296875,0.0006566047668457031,0.0009963512420654297,0.00874638557434082,120,1,120,53,644,533,8577
all/randm08.02.02.17.020_0030.05.aba.beta,True,2,6,0.009571075439453125,0.0017533302307128906,0.0009531974792480469,0.012277603149414062,133,2,134,68,872,736,12105
all/randm08.02.02.18.020_0030.01.aba.beta,True,4,6,0.02403092384338379,0.003785848617553711,0.0011692047119140625,0.028985977172851562,241,2,241,63,3651,550,8750
all/randm08.02.02.18.020_0030.02.aba.beta,True,7,6,0.057364463806152344,0.010375738143920898,0.0023369789123535156,0.07007718086242676,214,5,214,100,2423,1001,15788
all/randm08.02.02.18.020_0030.03.aba.beta,True,6,6,0.024491071701049805,0.005354642868041992,0.001066446304321289,0.030912160873413086,162,5,162,71,1225,852,13279
all/randm08.02.02.18.020_0030.04.aba.beta,True,8,6,0.05505204200744629,0.010490894317626953,0.0014979839324951172,0.06704092025756836,265,6,265,105,4435,1175,18372
all/randm08.02.02.18.020_0030.05.aba.beta,True,8,6,0.07127499580383301,0.009715080261230469,0.0011317729949951172,0.0821218490600586,206,6,206,127,2220,811,12519
all/randm08.02.02.19.020_0030.01.aba.beta,True,4,8,0.02452564239501953,0.004592180252075195,0.0012650489807128906,0.030382871627807617,195,4,199,65,1629,608,9286
all/randm08.02.02.19.020_0030.02.aba.beta,True,4,8,0.04713869094848633,0.005670070648193359,0.0014417171478271484,0.054250478744506836,241,4,244,110,3451,991,15948
all/randm08.02.02.19.020_0030.03.aba.beta,True,3,8,0.017506122589111328,0.0031516551971435547,0.00072479248046875,0.021382570266723633,179,3,183,75,1237,572,8946
all/randm08.02.02.19.020_0030.04.aba.beta,True,5,8,0.03556060791015625,0.005918264389038086,0.0010058879852294922,0.04248476028442383,202,5,209,94,1627,701,10926
all/randm08.02.02.19.020_0030.05.aba.beta,True,6,8,0.059743404388427734,0.00847482681274414,0.0013272762298583984,0.06954550743103027,304,5,304,95,2830,934,14401
all/randm09.02.02.01.020_0030.01.aba.beta,True,10,9,0.13146448135375977,0.02049565315246582,0.0014843940734863281,0.15344452857971191,404,7,406,97,3738,751,11576
all/randm09.02.02.01.020_0030.02.aba.beta,True,5,7,0.027968883514404297,0.00610661506652832,0.00077056884765625,0.03484606742858887,182,4,193,75,1521,603,9333
all/randm09.02.02.01.020_0030.03.aba.beta,True,8,9,0.09084057807922363,0.0196378231048584,0.0016658306121826172,0.11214423179626465,367,5,374,104,3010,835,12979
all/randm09.02.02.01.020_0030.04.aba.beta,True,10,9,0.13687396049499512,0.01990056037902832,0.0018951892852783203,0.15866971015930176,285,7,307,141,2737,1108,17062
all/randm09.02.02.01.020_0030.05.aba.beta,True,12,9,0.14600729942321777,0.024563312530517578,0.0019545555114746094,0.17252516746520996,461,8,470,107,5828,1432,22367
all/randm09.02.02.02.020_0030.01.aba.beta,True,10,8,0.10435247421264648,0.02040243148803711,0.0014071464538574219,0.12616205215454102,494,6,494,93,4612,849,12866
all/randm09.02.02.02.020_0030.02.aba.beta,True,7,7,0.0323023796081543,0.0064983367919921875,0.001119852066040039,0.03992056846618652,205,6,221,84,1786,863,13331
all/randm09.02.02.02.020_0030.03.aba.beta,True,11,8,0.11388754844665527,0.012786865234375,0.0016963481903076172,0.1283707618713379,306,9,314,100,2900,1207,18434
all/randm09.02.02.02.020_0030.04.aba.beta,True,11,8,0.07409143447875977,0.020005464553833008,0.0018041133880615234,0.0959010124206543,285,9,285,94,2468,1320,20622
all/randm09.02.02.02.020_0030.05.aba.beta,True,10,7,0.06433296203613281,0.0175933837890625,0.0017108917236328125,0.08363723754882812,269,8,269,79,2133,951,14493
all/randm09.02.02.03.020_0030.01.aba.beta,True,10,8,0.07937026023864746,0.013460874557495117,0.001378774642944336,0.09420990943908691,299,9,306,109,4342,996,15260
all/randm09.02.02.03.020_0030.02.aba.beta,True,7,8,0.04621124267578125,0.006712675094604492,0.0009570121765136719,0.053880929946899414,269,7,279,87,3240,720,11212
all/randm09.02.02.03.020_0030.03.aba.beta,True,11,8,0.08531785011291504,0.015272140502929688,0.0015070438385009766,0.1020970344543457,295,10,295,86,4851,1067,16502
all/randm09.02.02.03.020_0030.04.aba.beta,True,8,8,0.05829000473022461,0.008930683135986328,0.0012812614440917969,0.06850194931030273,252,8,252,98,3029,1019,15537
all/randm09.02.02.03.020_0030.05.aba.beta,True,13,8,0.0587613582611084,0.012874364852905273,0.0013434886932373047,0.07297921180725098,251,13,251,83,3311,995,14598
all/randm09.02.02.04.020_0030.01.aba.beta,True,4,7,0.02431797981262207,0.006409168243408203,0.0010361671447753906,0.031763315200805664,169,3,169,92,1217,746,11629
all/randm09.02.02.04.020_0030.02.aba.beta,True,5,7,0.051604270935058594,0.0066373348236083984,0.0010094642639160156,0.05925107002258301,273,4,273,105,2705,731,11497
all/randm09.02.02.04.020_0030.03.aba.beta,True,5,7,0.03994250297546387,0.004720211029052734,0.0008018016815185547,0.045464515686035156,264,4,264,82,2215,651,10111
all/randm09.02.02.04.020_0030.04.aba.beta,True,5,7,0.024837732315063477,0.0045282840728759766,0.0014209747314453125,0.030786991119384766,187,5,187,71,1458,770,11857
all/randm09.02.02.04.020_0030.05.aba.beta,True,4,7,0.01575326919555664,0.0034055709838867188,0.0008494853973388672,0.020008325576782227,144,3,144,64,852,668,10434
all/randm09.02.02.05.020_0030.01.aba.beta,True,5,8,0.031034231185913086,0.006845951080322266,0.0010251998901367188,0.03890538215637207,172,4,173,82,1268,743,11590
all/randm09.02.02.05.020_0030.02.aba.beta,True,6,8,0.023685693740844727,0.007162570953369141,0.0007314682006835938,0.03157973289489746,168,5,168,63,1130,588,8914
all/randm09.02.02.05.020_0030.03.aba.beta,True,2,8,0.027358293533325195,0.002565622329711914,0.0012054443359375,0.03112936019897461,204,2,218,94,1564,637,10180
all/randm09.02.02.05.020_0030.04.aba.beta,True,4,8,0.0243988037109375,0.005368709564208984,0.0008971691131591797,0.030664682388305664,288,3,299,90,2463,724,11404
all/randm09.02.02.05.020_0030.05.aba.beta,True,5,8,0.029393434524536133,0.007318019866943359,0.001138448715209961,0.03784990310668945,187,4,191,78,1363,575,8940
all/randm09.02.02.06.020_0030.01.aba.beta,True,10,9,0.09891915321350098,0.016391754150390625,0.0016429424285888672,0.11695384979248047,306,9,310,114,4069,910,13759
all/randm09.02.02.06.020_0030.02.aba.beta,True,7,9,0.030878305435180664,0.007820844650268555,0.0008988380432128906,0.03959798812866211,212,6,228,78,1668,662,9946
all/randm09.02.02.06.020_0030.03.aba.beta,True,3,9,0.029930830001831055,0.0063211917877197266,0.0012316703796386719,0.03748369216918945,311,1,315,79,2414,539,8602
all/randm09.02.02.06.020_0030.04.aba.beta,True,6,9,0.0325620174407959,0.009072542190551758,0.001096963882446289,0.042731523513793945,364,4,388,103,3378,586,9026
all/randm09.02.02.06.020_0030.05.aba.beta,True,9,9,0.0803372859954834,0.014391422271728516,0.0017647743225097656,0.09649348258972168,343,8,367,119,2906,935,14244
all/randm09.02.02.07.020_0030.01.aba.beta,True,1,1,0.0002200603485107422,0.00022912025451660156,0.0006537437438964844,0.0011029243469238281,15,1,15,13,34,511,8445
all/randm09.02.02.07.020_0030.02.aba.beta,True,1,1,0.0002262592315673828,0.0002319812774658203,0.0006802082061767578,0.001138448715209961,15,1,15,14,34,530,8553
all/randm09.02.02.07.020_0030.03.aba.beta,True,1,1,0.00037670135498046875,0.0003955364227294922,0.0011649131774902344,0.0019371509552001953,15,1,15,14,34,533,8573
all/randm09.02.02.07.020_0030.04.aba.beta,True,1,1,0.0002372264862060547,0.0002295970916748047,0.000682830810546875,0.0011496543884277344,15,1,15,14,34,527,8550
all/randm09.02.02.07.020_0030.05.aba.beta,True,1,1,0.0003948211669921875,0.00039649009704589844,0.0011658668518066406,0.0019571781158447266,15,1,15,14,34,536,8586
all/randm09.02.02.08.020_0030.01.aba.beta,True,1,6,0.004989147186279297,0.00055694580078125,0.0010859966278076172,0.006632089614868164,98,1,98,42,514,531,8565
all/randm09.02.02.08.020_0030.02.aba.beta,True,1,6,0.006283283233642578,0.0012595653533935547,0.0012662410736083984,0.008809089660644531,78,1,78,47,394,539,8604
all/randm09.02.02.08.020_0030.03.aba.beta,True,1,6,0.007084369659423828,0.001069784164428711,0.0011675357818603516,0.00932168960571289,82,1,82,48,395,539,8605
all/randm09.02.02.08.020_0030.04.aba.beta,True,3,6,0.006596088409423828,0.0017058849334716797,0.0012204647064208984,0.009522438049316406,91,3,94,48,487,952,15088
all/randm09.02.02.08.020_0030.05.aba.beta,True,1,6,0.005264759063720703,0.0005691051483154297,0.0007140636444091797,0.0065479278564453125,82,1,82,46,404,531,8560
all/randm09.02.02.09.020_0030.01.aba.beta,True,4,9,0.04677557945251465,0.007665872573852539,0.0013127326965332031,0.05575418472290039,367,3,402,129,3716,905,14598
all/randm09.02.02.09.020_0030.02.aba.beta,True,7,9,0.0756220817565918,0.01482248306274414,0.001523733139038086,0.09196829795837402,566,4,579,126,7548,894,14012
all/randm09.02.02.09.020_0030.03.aba.beta,True,5,9,0.0630345344543457,0.007058620452880859,0.0007607936859130859,0.07085394859313965,315,4,322,105,2478,591,9182
all/randm09.02.02.09.020_0030.04.aba.beta,True,6,9,0.04984927177429199,0.008221149444580078,0.001795053482055664,0.059865474700927734,302,5,331,120,3402,1419,22171
all/randm09.02.02.09.020_0030.05.aba.beta,True,5,9,0.06031322479248047,0.008959770202636719,0.0012459754943847656,0.07051897048950195,365,4,384,134,4128,968,15287
all/randm09.02.02.10.020_0030.01.aba.beta,True,5,6,0.026218175888061523,0.0044329166412353516,0.0012559890747070312,0.031907081604003906,195,4,201,73,1625,860,13663
all/randm09.02.02.10.020_0030.02.aba.beta,True,3,6,0.018202543258666992,0.0020148754119873047,0.0007748603820800781,0.020992279052734375,178,3,184,80,2099,603,9541
all/randm09.02.02.10.020_0030.03.aba.beta,True,7,6,0.025076866149902344,0.004971742630004883,0.0016036033630371094,0.031652212142944336,162,7,162,53,1383,796,12021
all/randm09.02.02.10.020_0030.04.aba.beta,True,2,6,0.012303829193115234,0.0016846656799316406,0.0010099411010742188,0.014998435974121094,155,2,158,51,1360,549,8682
all/randm09.02.02.10.020_0030.05.aba.beta,True,3,6,0.013908624649047852,0.0025544166564941406,0.0008494853973388672,0.01731252670288086,127,3,127,46,903,573,8829
all/randm09.02.02.11.020_0030.01.aba.beta,True,2,8,0.03235769271850586,0.0022461414337158203,0.0007233619689941406,0.03532719612121582,157,2,161,79,961,576,9074
all/randm09.02.02.11.020_0030.02.aba.beta,True,6,8,0.03513526916503906,0.007679462432861328,0.000820159912109375,0.043634891510009766,219,5,230,95,2172,642,9992
all/randm09.02.02.11.020_0030.03.aba.beta,True,3,8,0.02799367904663086,0.004205942153930664,0.0008721351623535156,0.03307175636291504,148,3,156,92,1063,635,9910
all/randm09.02.02.11.020_0030.04.aba.beta,True,2,8,0.022226572036743164,0.0028085708618164062,0.0006725788116455078,0.025707721710205078,230,1,240,79,1457,535,8583
all/randm09.02.02.11.020_0030.05.aba.beta,True,6,8,0.05760478973388672,0.00877237319946289,0.0013606548309326172,0.06773781776428223,270,5,287,116,3294,650,10122
all/randm09.02.02.12.020_0030.01.aba.beta,True,4,8,0.039972543716430664,0.004939556121826172,0.0007646083831787109,0.04567670822143555,229,4,243,89,1900,608,9413
all/randm09.02.02.12.020_0030.02.aba.beta,True,2,8,0.012326478958129883,0.0020160675048828125,0.0006854534149169922,0.015027999877929688,159,2,171,75,1032,544,8619
all/randm09.02.02.12.020_0030.03.aba.beta,True,4,8,0.02946925163269043,0.006568431854248047,0.0008666515350341797,0.036904335021972656,184,3,184,71,1158,646,10021
all/randm09.02.02.12.020_0030.04.aba.beta,True,3,8,0.03445005416870117,0.004823207855224609,0.0012240409851074219,0.0404973030090332,220,2,232,87,1546,573,9064
all/randm09.02.02.12.020_0030.05.aba.beta,True,4,8,0.03668856620788574,0.005819082260131836,0.0010123252868652344,0.04351997375488281,192,4,208,95,1772,760,11731
all/randm09.02.02.13.020_0030.01.aba.beta,True,6,8,0.056458473205566406,0.008382320404052734,0.0011115074157714844,0.06595230102539062,308,5,328,133,2860,791,12372
all/randm09.02.02.13.020_0030.02.aba.beta,True,6,8,0.04257774353027344,0.008771657943725586,0.0009868144989013672,0.05233621597290039,177,6,177,91,1333,742,11214
all/randm09.02.02.13.020_0030.03.aba.beta,True,8,8,0.12956690788269043,0.016249418258666992,0.0010950565338134766,0.1469113826751709,491,6,497,125,7247,820,12552
all/randm09.02.02.13.020_0030.04.aba.beta,True,8,8,0.04160737991333008,0.009752988815307617,0.0014371871948242188,0.052797555923461914,184,8,189,102,1628,859,13068
all/randm09.02.02.13.020_0030.05.aba.beta,True,11,8,0.08843159675598145,0.015877485275268555,0.00138092041015625,0.10569000244140625,306,10,315,120,2936,1059,16062
all/randm09.02.02.14.020_0030.01.aba.beta,True,4,6,0.00934147834777832,0.002431631088256836,0.0007870197296142578,0.012560129165649414,100,4,100,55,732,627,9812
all/randm09.02.02.14.020_0030.02.aba.beta,True,3,6,0.017305612564086914,0.0026214122772216797,0.0007469654083251953,0.02067399024963379,104,3,107,65,676,598,9246
all/randm09.02.02.14.020_0030.03.aba.beta,True,4,6,0.02047586441040039,0.003427743911743164,0.0012047290802001953,0.02510833740234375,171,3,174,74,1099,560,8733
all/randm09.02.02.14.020_0030.04.aba.beta,True,4,6,0.01633620262145996,0.003695964813232422,0.001308441162109375,0.021340608596801758,162,3,165,73,1067,587,9187
all/randm09.02.02.14.020_0030.05.aba.beta,True,3,6,0.00984954833984375,0.0018854141235351562,0.0007102489471435547,0.012445211410522461,83,3,83,45,460,559,8701
all/randm09.02.02.15.020_0030.01.aba.beta,True,5,8,0.02475595474243164,0.007735729217529297,0.0013606548309326172,0.033852338790893555,183,4,186,84,1266,716,11106
all/randm09.02.02.15.020_0030.02.aba.beta,True,5,8,0.04273557662963867,0.00611424446105957,0.0007476806640625,0.04959750175476074,219,4,225,89,1576,604,9294
all/randm09.02.02.15.020_0030.03.aba.beta,True,4,8,0.015464067459106445,0.004712820053100586,0.0006849765777587891,0.02086186408996582,149,3,151,54,882,545,8625
all/randm09.02.02.15.020_0030.04.aba.beta,True,5,8,0.0192563533782959,0.0054438114166259766,0.0007154941558837891,0.025415658950805664,164,4,164,65,1101,587,9031
all/randm09.02.02.15.020_0030.05.aba.beta,True,6,8,0.027692079544067383,0.004897356033325195,0.0011799335479736328,0.03376936912536621,150,6,167,76,971,744,11912
all/randm09.02.02.16.020_0030.01.aba.beta,True,3,6,0.012873172760009766,0.002390146255493164,0.0010845661163330078,0.016347885131835938,157,3,157,72,1088,846,13588
all/randm09.02.02.16.020_0030.02.aba.beta,True,4,6,0.02024388313293457,0.0026001930236816406,0.0011167526245117188,0.02396082878112793,178,4,201,98,1885,878,13710
all/randm09.02.02.16.020_0030.03.aba.beta,True,2,6,0.007470846176147461,0.0014026165008544922,0.0009300708770751953,0.009803533554077148,146,2,146,44,1078,723,11626
all/randm09.02.02.16.020_0030.04.aba.beta,True,1,6,0.01209402084350586,0.0006623268127441406,0.0006983280181884766,0.013454675674438477,117,1,119,55,677,531,8558
all/randm09.02.02.16.020_0030.05.aba.beta,True,1,6,0.010715007781982422,0.001268625259399414,0.0011463165283203125,0.013129949569702148,130,1,135,65,809,532,8559
all/randm09.02.02.17.020_0030.01.aba.beta,True,7,9,0.10740494728088379,0.013536214828491211,0.001371622085571289,0.12231278419494629,334,6,350,142,4348,994,15849
all/randm09.02.02.17.020_0030.02.aba.beta,True,7,9,0.08074021339416504,0.012353181838989258,0.001195669174194336,0.09428906440734863,246,7,261,148,2372,867,13262
all/randm09.02.02.17.020_0030.03.aba.beta,True,3,9,0.02099013328552246,0.0057332515716552734,0.0007379055023193359,0.02746129035949707,187,2,190,74,1138,575,9075
all/randm09.02.02.17.020_0030.04.aba.beta,True,6,9,0.08894824981689453,0.009351253509521484,0.0007302761077880859,0.0990297794342041,447,3,448,95,3671,548,8641
all/randm09.02.02.17.020_0030.05.aba.beta,True,8,9,0.10592293739318848,0.014603614807128906,0.002305269241333008,0.12283182144165039,269,8,278,122,2733,1535,23971
all/randm09.02.02.18.020_0030.01.aba.beta,True,6,7,0.05893445014953613,0.0059468746185302734,0.00092315673828125,0.06580448150634766,313,5,323,112,4593,723,11133
all/randm09.02.02.18.020_0030.02.aba.beta,True,5,7,0.029532909393310547,0.004328489303588867,0.0010068416595458984,0.03486824035644531,235,5,242,100,2388,752,11893
all/randm09.02.02.18.020_0030.03.aba.beta,True,9,7,0.08276915550231934,0.01014089584350586,0.0015749931335449219,0.09448504447937012,276,9,276,117,4576,1135,17497
all/randm09.02.02.18.020_0030.04.aba.beta,True,8,7,0.052819013595581055,0.0070667266845703125,0.0014095306396484375,0.061295270919799805,269,8,272,103,3486,1133,17160
all/randm09.02.02.18.020_0030.05.aba.beta,True,4,7,0.0270993709564209,0.004341602325439453,0.0012857913970947266,0.03272676467895508,223,4,223,84,2973,821,13104
all/randm09.02.02.19.020_0030.01.aba.beta,True,11,8,0.07924866676330566,0.015080451965332031,0.001798391342163086,0.09612751007080078,254,10,254,100,2988,1122,17323
all/randm09.02.02.19.020_0030.02.aba.beta,True,10,8,0.1050271987915039,0.01759934425354004,0.003232717514038086,0.12585926055908203,282,9,282,121,3595,1876,29495
all/randm09.02.02.19.020_0030.03.aba.beta,True,9,8,0.12111139297485352,0.012844085693359375,0.0012657642364501953,0.13522124290466309,432,6,435,109,7215,805,12344
all/randm09.02.02.19.020_0030.04.aba.beta,True,8,8,0.07412576675415039,0.01398015022277832,0.001127004623413086,0.0892329216003418,267,6,267,94,3607,781,12009
all/randm09.02.02.19.020_0030.05.aba.beta,True,9,8,0.08659863471984863,0.012683868408203125,0.0018532276153564453,0.1011357307434082,367,7,367,116,5347,1319,20609
all/randm10.02.02.01.020_0030.01.aba.beta,True,2,6,0.009511232376098633,0.0015676021575927734,0.0006709098815917969,0.011749744415283203,153,1,156,63,863,536,8589
all/randm10.02.02.01.020_0030.02.aba.beta,True,3,6,0.01304173469543457,0.0025637149810791016,0.0007486343383789062,0.016354084014892578,128,3,133,57,822,572,8915
all/randm10.02.02.01.020_0030.03.aba.beta,True,3,6,0.017578840255737305,0.002552509307861328,0.0006973743438720703,0.020828723907470703,138,2,138,62,791,546,8641
all/randm10.02.02.01.020_0030.04.aba.beta,True,2,6,0.0063173770904541016,0.0014328956604003906,0.0007004737854003906,0.008450746536254883,94,2,94,52,512,552,8699
all/randm10.02.02.01.020_0030.05.aba.beta,True,4,6,0.011739253997802734,0.002637147903442383,0.0020575523376464844,0.0164339542388916,99,4,99,46,512,1567,24973
all/randm10.02.02.02.020_0030.01.aba.beta,True,8,9,0.08452463150024414,0.013735294342041016,0.0009665489196777344,0.09922647476196289,303,6,334,137,3223,728,10995
all/randm10.02.02.02.020_0030.02.aba.beta,True,6,9,0.06172537803649902,0.01312708854675293,0.0016624927520751953,0.07651495933532715,271,4,280,109,2000,821,12914
all/randm10.02.02.02.020_0030.03.aba.beta,True,8,9,0.10463881492614746,0.013336181640625,0.0009748935699462891,0.11894989013671875,375,6,412,157,3333,752,11676
all/randm10.02.02.02.020_0030.04.aba.beta,True,8,9,0.08055686950683594,0.014457464218139648,0.001008749008178711,0.0960230827331543,276,7,278,100,2286,723,10965
all/randm10.02.02.02.020_0030.05.aba.beta,True,8,9,0.05980706214904785,0.01589822769165039,0.0011415481567382812,0.07684683799743652,200,7,201,96,1425,779,11687
all/randm10.02.02.03.020_0030.01.aba.beta,True,11,8,0.08653640747070312,0.01661205291748047,0.001767873764038086,0.10491633415222168,259,10,259,98,2685,1025,15561
all/randm10.02.02.03.020_0030.02.aba.beta,True,8,8,0.07513594627380371,0.012547969818115234,0.0013892650604248047,0.08907318115234375,288,6,288,95,2644,1082,16586
all/randm10.02.02.03.020_0030.03.aba.beta,True,8,8,0.08515024185180664,0.013350486755371094,0.0014452934265136719,0.0999460220336914,309,7,328,135,4758,1030,16140
all/randm10.02.02.03.020_0030.04.aba.beta,True,8,8,0.06661009788513184,0.012745857238769531,0.0013916492462158203,0.08074760437011719,276,7,291,110,2899,1067,16552
all/randm10.02.02.03.020_0030.05.aba.beta,True,9,8,0.0822441577911377,0.012835979461669922,0.0013194084167480469,0.09639954566955566,336,7,339,115,2749,1019,15767
all/randm10.02.02.04.020_0030.01.aba.beta,True,1,5,0.003268003463745117,0.00047850608825683594,0.0006778240203857422,0.004424333572387695,80,1,80,36,438,538,8598
all/randm10.02.02.04.020_0030.02.aba.beta,True,4,5,0.012706756591796875,0.003584623336791992,0.0011532306671142578,0.017444610595703125,146,3,147,57,1300,569,8804
all/randm10.02.02.04.020_0030.03.aba.beta,True,1,5,0.0021207332611083984,0.0004336833953857422,0.0006716251373291016,0.003226041793823242,74,1,74,34,362,517,8509
all/randm10.02.02.04.020_0030.04.aba.beta,True,3,5,0.010174274444580078,0.0015625953674316406,0.0007200241088867188,0.012456893920898438,92,3,92,52,492,563,8744
all/randm10.02.02.04.020_0030.05.aba.beta,True,1,5,0.0021140575408935547,0.00041866302490234375,0.0007355213165283203,0.0032682418823242188,71,1,71,32,358,542,8614
all/randm10.02.02.05.020_0030.01.aba.beta,True,5,8,0.029439449310302734,0.008302688598632812,0.0014557838439941406,0.03919792175292969,161,4,161,67,1002,665,10472
all/randm10.02.02.05.020_0030.02.aba.beta,True,4,7,0.01912522315979004,0.005087375640869141,0.001500844955444336,0.025713443756103516,193,3,193,66,1587,1049,16503
all/randm10.02.02.05.020_0030.03.aba.beta,True,4,8,0.03605294227600098,0.005377769470214844,0.0012333393096923828,0.0426640510559082,229,3,234,101,1856,887,14029
all/randm10.02.02.05.020_0030.04.aba.beta,True,3,8,0.01714038848876953,0.0030193328857421875,0.001150369644165039,0.021310091018676758,119,3,124,75,747,921,14443
all/randm10.02.02.05.020_0030.05.aba.beta,True,8,8,0.08635449409484863,0.019639968872070312,0.0030007362365722656,0.10899519920349121,486,6,487,109,7491,1824,28819
all/randm10.02.02.06.020_0030.01.aba.beta,True,4,9,0.04131126403808594,0.006485939025878906,0.001041412353515625,0.04883861541748047,293,4,304,86,2821,783,12302
all/randm10.02.02.06.020_0030.02.aba.beta,True,12,9,0.1285257339477539,0.02729630470275879,0.0022873878479003906,0.15810942649841309,379,11,389,149,5248,1247,19021
all/randm10.02.02.06.020_0030.03.aba.beta,True,9,9,0.12856054306030273,0.020852327346801758,0.0014739036560058594,0.15088677406311035,479,7,492,125,7558,1015,15769
all/randm10.02.02.06.020_0030.04.aba.beta,True,6,9,0.07124757766723633,0.011089563369750977,0.0010547637939453125,0.08339190483093262,388,5,392,103,5135,709,11054
all/randm10.02.02.06.020_0030.05.aba.beta,True,5,9,0.04210376739501953,0.006680965423583984,0.0010547637939453125,0.04983949661254883,293,5,293,88,3236,817,12869
all/randm10.02.02.07.020_0030.01.aba.beta,True,10,9,0.1983962059020996,0.027787446975708008,0.001995086669921875,0.2281787395477295,503,8,525,162,6796,1259,19609
all/randm10.02.02.07.020_0030.02.aba.beta,True,12,9,0.08581042289733887,0.02208256721496582,0.0012879371643066406,0.10918092727661133,294,10,294,96,2256,1010,15357
all/randm10.02.02.07.020_0030.03.aba.beta,True,7,9,0.06129717826843262,0.01626110076904297,0.0008630752563476562,0.07842135429382324,311,5,311,96,2607,660,10216
all/randm10.02.02.07.020_0030.04.aba.beta,True,10,9,0.08768010139465332,0.016912460327148438,0.0014736652374267578,0.10606622695922852,352,8,352,109,4006,790,11743
all/randm10.02.02.07.020_0030.05.aba.beta,True,8,9,0.09970593452453613,0.01649188995361328,0.0013034343719482422,0.11750125885009766,335,7,355,139,4172,809,12317
all/randm10.02.02.08.020_0030.01.aba.beta,True,7,9,0.0630807876586914,0.012987136840820312,0.0014376640319824219,0.07750558853149414,287,6,301,114,3158,725,11282
all/randm10.02.02.08.020_0030.02.aba.beta,True,6,9,0.04200267791748047,0.008090734481811523,0.0008909702301025391,0.05098438262939453,165,6,170,92,1339,667,10291
all/randm10.02.02.08.020_0030.03.aba.beta,True,3,9,0.02752685546875,0.006310939788818359,0.0007002353668212891,0.03453803062438965,198,2,199,72,1291,551,8659
all/randm10.02.02.08.020_0030.04.aba.beta,True,3,9,0.03363752365112305,0.003567218780517578,0.000751495361328125,0.03795623779296875,254,3,263,84,2086,554,8749
all/randm10.02.02.08.020_0030.05.aba.beta,True,4,9,0.0331876277923584,0.00588679313659668,0.0008292198181152344,0.03990364074707031,218,3,219,94,1514,593,9258
all/randm10.02.02.09.020_0030.01.aba.beta,True,8,7,0.07261896133422852,0.015087604522705078,0.0009288787841796875,0.08863544464111328,281,6,285,84,2442,657,10126
all/randm10.02.02.09.020_0030.02.aba.beta,True,5,7,0.032305240631103516,0.0061686038970947266,0.0008580684661865234,0.039331912994384766,212,4,212,104,1640,621,9679
all/randm10.02.02.09.020_0030.03.aba.beta,True,5,7,0.025923490524291992,0.010311126708984375,0.0008156299591064453,0.03705024719238281,206,4,206,85,1520,641,9992
all/randm10.02.02.09.020_0030.04.aba.beta,True,11,7,0.07973170280456543,0.018731117248535156,0.001542806625366211,0.1000056266784668,299,9,299,97,3841,827,12426
all/randm10.02.02.09.020_0030.05.aba.beta,True,3,7,0.02695178985595703,0.002863645553588867,0.0007379055023193359,0.030553340911865234,238,2,239,81,2669,564,9021
all/randm10.02.02.10.020_0030.01.aba.beta,True,3,7,0.0179445743560791,0.002446413040161133,0.0008139610290527344,0.02120494842529297,148,3,162,89,1156,587,9148
all/randm10.02.02.10.020_0030.02.aba.beta,True,5,7,0.03093123435974121,0.010884761810302734,0.0014202594757080078,0.04323625564575195,208,4,208,95,1531,735,11306
all/randm10.02.02.10.020_0030.03.aba.beta,True,1,7,0.004517555236816406,0.0006525516510009766,0.0006957054138183594,0.005865812301635742,92,1,96,46,478,535,8583
all/randm10.02.02.10.020_0030.04.aba.beta,True,4,7,0.026700973510742188,0.0074117183685302734,0.0012574195861816406,0.0353701114654541,176,3,176,69,1106,556,8744
all/randm10.02.02.10.020_0030.05.aba.beta,True,5,7,0.03232455253601074,0.006642341613769531,0.0009303092956542969,0.03989720344543457,213,4,213,83,1565,639,9980
all/randm10.02.02.11.020_0030.01.aba.beta,True,1,7,0.005066633224487305,0.0011246204376220703,0.0011980533599853516,0.0073893070220947266,111,1,111,41,625,537,8591
all/randm10.02.02.11.020_0030.02.aba.beta,True,1,7,0.0060214996337890625,0.0006775856018066406,0.0013196468353271484,0.008018732070922852,105,1,106,50,577,543,8624
all/randm10.02.02.11.020_0030.03.aba.beta,True,4,7,0.021006345748901367,0.0042955875396728516,0.0010175704956054688,0.026319503784179688,182,4,186,68,1367,795,12447
all/randm10.02.02.11.020_0030.04.aba.beta,True,2,7,0.007284879684448242,0.0015189647674560547,0.0007090568542480469,0.009512901306152344,117,2,119,54,672,548,8669
all/randm10.02.02.11.020_0030.05.aba.beta,True,1,7,0.007325887680053711,0.0007193088531494141,0.00067138671875,0.008716583251953125,120,1,122,52,686,541,8616
all/randm10.02.02.12.020_0030.01.aba.beta,True,4,8,0.031263113021850586,0.006345272064208984,0.0012276172637939453,0.038836002349853516,164,4,164,76,1051,608,9326
all/randm10.02.02.12.020_0030.02.aba.beta,True,7,8,0.037691354751586914,0.010137557983398438,0.0012123584747314453,0.0490412712097168,281,5,281,82,2700,936,14877
all/randm10.02.02.12.020_0030.03.aba.beta,True,7,8,0.07456088066101074,0.011555671691894531,0.0009963512420654297,0.0871129035949707,277,6,282,107,2402,707,11066
all/randm10.02.02.12.020_0030.04.aba.beta,True,8,8,0.06091427803039551,0.010837554931640625,0.0007801055908203125,0.07253193855285645,217,7,244,93,1860,609,9233
all/randm10.02.02.12.020_0030.05.aba.beta,True,7,8,0.12170124053955078,0.01154017448425293,0.0011017322540283203,0.13434314727783203,464,5,473,131,5164,866,13419
all/randm10.02.02.13.020_0030.01.aba.beta,True,2,6,0.007120609283447266,0.0014269351959228516,0.0006964206695556641,0.009243965148925781,101,2,101,56,535,549,8671
all/randm10.02.02.13.020_0030.02.aba.beta,True,3,6,0.01747298240661621,0.002397298812866211,0.0011103153228759766,0.0209805965423584,156,3,156,76,1184,804,12793
all/randm10.02.02.13.020_0030.03.aba.beta,True,5,6,0.025090456008911133,0.00533747673034668,0.0008285045623779297,0.03125643730163574,185,3,185,76,1125,616,9628
all/randm10.02.02.13.020_0030.04.aba.beta,True,3,6,0.023227453231811523,0.003911256790161133,0.0013439655303955078,0.028482675552368164,200,2,207,85,2003,669,10687
all/randm10.02.02.13.020_0030.05.aba.beta,True,5,6,0.04401254653930664,0.0058362483978271484,0.0015442371368408203,0.05139303207397461,190,5,199,110,2284,1033,16038
all/randm10.02.02.14.020_0030.01.aba.beta,True,7,9,0.08297014236450195,0.012022972106933594,0.0011723041534423828,0.09616541862487793,395,6,430,131,4363,879,13387
all/randm10.02.02.14.020_0030.02.aba.beta,True,10,9,0.07854509353637695,0.014285087585449219,0.001039743423461914,0.09386992454528809,259,10,285,120,3329,781,11697
all/randm10.02.02.14.020_0030.03.aba.beta,True,9,9,0.08310723304748535,0.020532846450805664,0.001627206802368164,0.10526728630065918,422,6,429,139,3715,982,15319
all/randm10.02.02.14.020_0030.04.aba.beta,True,14,9,0.16565632820129395,0.04102683067321777,0.0019037723541259766,0.2085869312286377,490,10,492,128,6869,1255,19526
all/randm10.02.02.14.020_0030.05.aba.beta,True,12,9,0.18773531913757324,0.035691022872924805,0.001264810562133789,0.22469115257263184,563,8,571,143,6789,869,13538
all/randm10.02.02.15.020_0030.01.aba.beta,True,4,8,0.030672073364257812,0.004284858703613281,0.0010366439819335938,0.03599357604980469,223,4,229,84,1783,761,11867
all/randm10.02.02.15.020_0030.02.aba.beta,True,6,8,0.05183720588684082,0.01025843620300293,0.0008254051208496094,0.06292104721069336,262,5,275,84,1925,621,9495
all/randm10.02.02.15.020_0030.03.aba.beta,True,4,8,0.018358707427978516,0.004178762435913086,0.0009403228759765625,0.023477792739868164,212,3,212,81,1365,677,10567
all/randm10.02.02.15.020_0030.04.aba.beta,True,4,8,0.03626823425292969,0.0045664310455322266,0.0008509159088134766,0.04168558120727539,277,4,290,97,3093,687,10641
all/randm10.02.02.15.020_0030.05.aba.beta,True,2,8,0.020943880081176758,0.002089977264404297,0.0009474754333496094,0.023981332778930664,243,2,244,64,2629,580,9173
all/randm10.02.02.16.020_0030.01.aba.beta,True,9,8,0.06882929801940918,0.01150655746459961,0.0011279582977294922,0.08146381378173828,307,7,307,98,3743,867,13239
all/randm10.02.02.16.020_0030.02.aba.beta,True,8,8,0.12765884399414062,0.015006303787231445,0.0020341873168945312,0.1446993350982666,354,7,362,166,4473,1096,17111
all/randm10.02.02.16.020_0030.03.aba.beta,True,7,8,0.06487154960632324,0.008170127868652344,0.001033782958984375,0.07407546043395996,308,6,326,113,3026,768,11708
all/randm10.02.02.16.020_0030.04.aba.beta,True,9,8,0.09676575660705566,0.014444589614868164,0.0017638206481933594,0.11297416687011719,243,8,248,118,2107,983,14814
all/randm10.02.02.16.020_0030.05.aba.beta,True,12,8,0.1994004249572754,0.024443626403808594,0.0017852783203125,0.22562932968139648,479,9,484,156,8340,1278,19871
all/randm10.02.02.17.020_0030.01.aba.beta,True,5,7,0.04137420654296875,0.008188486099243164,0.0013642311096191406,0.050926923751831055,149,5,165,95,1167,657,10077
all/randm10.02.02.17.020_0030.02.aba.beta,True,5,7,0.02642345428466797,0.005011320114135742,0.0013303756713867188,0.03276515007019043,173,5,207,97,1343,655,10193
all/randm10.02.02.17.020_0030.03.aba.beta,True,8,7,0.10500264167785645,0.012440681457519531,0.0016598701477050781,0.11910319328308105,284,6,293,112,5111,837,12930
all/randm10.02.02.17.020_0030.04.aba.beta,True,7,7,0.03386807441711426,0.007570505142211914,0.0009915828704833984,0.04243016242980957,169,7,169,92,2016,785,12035
all/randm10.02.02.17.020_0030.05.aba.beta,True,6,7,0.03231644630432129,0.007625579833984375,0.0014386177062988281,0.04138064384460449,153,6,153,91,1651,724,11310
all/randm10.02.02.18.020_0030.01.aba.beta,True,1,1,0.0003809928894042969,0.0003895759582519531,0.0011529922485351562,0.0019235610961914062,15,1,15,15,34,539,8607
all/randm10.02.02.18.020_0030.02.aba.beta,True,1,1,0.0002989768981933594,0.0002295970916748047,0.0006926059722900391,0.0012211799621582031,15,1,15,14,34,537,8599
all/randm10.02.02.18.020_0030.03.aba.beta,True,1,1,0.00040078163146972656,0.0004010200500488281,0.001169443130493164,0.0019712448120117188,15,1,15,15,34,537,8596
all/randm10.02.02.18.020_0030.04.aba.beta,True,1,1,0.00039577484130859375,0.00039887428283691406,0.0011663436889648438,0.0019609928131103516,15,1,15,15,34,536,8587
all/randm10.02.02.18.020_0030.05.aba.beta,True,1,1,0.0002467632293701172,0.0003237724304199219,0.0011286735534667969,0.001699209213256836,15,1,15,14,34,537,8596
all/randm10.02.02.19.020_0030.01.aba.beta,True,6,10,0.05539441108703613,0.011252164840698242,0.0014758110046386719,0.06812238693237305,285,5,290,102,1989,1068,16673
all/randm10.02.02.19.020_0030.02.aba.beta,True,5,10,0.04925417900085449,0.007426738739013672,0.0008366107940673828,0.05751752853393555,350,4,364,121,3439,664,10333
all/randm10.02.02.19.020_0030.03.aba.beta,True,8,10,0.08863544464111328,0.016382932662963867,0.001294851303100586,0.10631322860717773,237,8,248,114,1800,980,14893
all/randm10.02.02.19.020_0030.04.aba.beta,True,4,10,0.05121779441833496,0.009070634841918945,0.0007941722869873047,0.06108260154724121,289,3,293,90,2157,567,8823
all/randm10.02.02.19.020_0030.05.aba.beta,True,8,10,0.09841370582580566,0.021922588348388672,0.001961231231689453,0.12229752540588379,304,7,306,146,2608,1283,20089
all/randm11.02.02.01.020_0030.01.aba.beta,True,6,10,0.09772133827209473,0.013110876083374023,0.0013203620910644531,0.1121525764465332,458,4,464,113,4494,650,10013
all/randm11.02.02.01.020_0030.02.aba.beta,True,7,10,0.10290670394897461,0.011673212051391602,0.001299142837524414,0.11587905883789062,447,6,452,98,4601,921,14159
all/randm11.02.02.01.020_0030.03.aba.beta,True,13,10,0.23650360107421875,0.03469991683959961,0.0019605159759521484,0.2731640338897705,499,10,499,168,6500,1348,20852
all/randm11.02.02.01.020_0030.04.aba.beta,True,10,10,0.12787342071533203,0.021947622299194336,0.0010945796966552734,0.15091562271118164,628,7,641,141,9653,816,12496
all/randm11.02.02.01.020_0030.05.aba.beta,True,5,10,0.030890941619873047,0.006726741790771484,0.0008394718170166016,0.03845715522766113,293,4,299,81,2388,587,9029
all/randm11.02.02.02.020_0030.01.aba.beta,True,4,9,0.02422022819519043,0.00579524040222168,0.0007977485656738281,0.030813217163085938,147,4,155,84,990,631,9805
all/randm11.02.02.02.020_0030.02.aba.beta,True,6,10,0.09566926956176758,0.01046299934387207,0.001741170883178711,0.10787343978881836,391,5,401,109,4099,1029,16302
all/randm11.02.02.02.020_0030.03.aba.beta,True,5,10,0.0591738224029541,0.008663415908813477,0.0008902549743652344,0.06872749328613281,379,4,397,116,2950,612,9410
all/randm11.02.02.02.020_0030.04.aba.beta,True,3,10,0.04100489616394043,0.0044748783111572266,0.0007560253143310547,0.04623579978942871,278,2,283,93,1997,585,9229
all/randm11.02.02.02.020_0030.05.aba.beta,True,4,10,0.03943610191345215,0.008347511291503906,0.001257181167602539,0.049040794372558594,251,3,253,90,1861,619,9737
all/randm11.02.02.03.020_0030.01.aba.beta,True,10,10,0.08243107795715332,0.018263578414916992,0.00159454345703125,0.10228919982910156,502,7,516,96,5825,964,14621
all/randm11.02.02.03.020_0030.02.aba.beta,True,12,10,0.11557483673095703,0.024398326873779297,0.0021216869354248047,0.14209485054016113,584,10,592,114,9380,1046,15954
all/randm11.02.02.03.020_0030.03.aba.beta,True,16,10,0.18564534187316895,0.035791873931884766,0.002360820770263672,0.22379803657531738,620,12,621,127,12124,1356,20635
all/randm11.02.02.03.020_0030.04.aba.beta,True,14,10,0.1426405906677246,0.02573680877685547,0.0013625621795654297,0.1697399616241455,577,10,577,116,6813,843,12467
all/randm11.02.02.03.020_0030.05.aba.beta,True,11,10,0.09560155868530273,0.020598411560058594,0.0015146732330322266,0.11771464347839355,550,8,563,118,5813,1008,15417
all/randm11.02.02.04.020_0030.01.aba.beta,True,3,9,0.020322322845458984,0.005239009857177734,0.0012135505676269531,0.026774883270263672,233,2,236,81,1576,553,8726
all/randm11.02.02.04.020_0030.02.aba.beta,True,2,9,0.014336585998535156,0.0025339126586914062,0.0007574558258056641,0.017627954483032227,165,2,172,75,1058,577,9129
all/randm11.02.02.04.020_0030.03.aba.beta,True,1,9,0.007258176803588867,0.0011386871337890625,0.0007119178771972656,0.009108781814575195,114,1,114,56,604,539,8602
all/randm11.02.02.04.020_0030.04.aba.beta,True,1,9,0.007718086242675781,0.0012242794036865234,0.0006952285766601562,0.009637594223022461,128,1,130,61,706,540,8606
all/randm11.02.02.04.020_0030.05.aba.beta,True,1,9,0.0076618194580078125,0.0019450187683105469,0.0011365413665771484,0.010743379592895508,129,1,135,58,740,534,8571
all/randm11.02.02.05.020_0030.01.aba.beta,True,6,8,0.06425762176513672,0.01022481918334961,0.0009396076202392578,0.07542204856872559,290,5,300,111,2719,692,10660
all/randm11.02.02.05.020_0030.02.aba.beta,True,8,8,0.11026167869567871,0.018854379653930664,0.0010712146759033203,0.1301872730255127,473,6,473,130,5277,794,12298
all/randm11.02.02.05.020_0030.03.aba.beta,True,5,8,0.04172873497009277,0.005675315856933594,0.0007910728454589844,0.04819512367248535,245,4,252,91,1959,601,9254
all/randm11.02.02.05.020_0030.04.aba.beta,True,4,8,0.03198742866516113,0.00638270378112793,0.0008957386016845703,0.03926587104797363,194,3,194,76,1375,576,9118
all/randm11.02.02.05.020_0030.05.aba.beta,True,3,8,0.026638507843017578,0.005219221115112305,0.0007319450378417969,0.03258967399597168,189,2,190,86,1357,556,8917
all/randm11.02.02.06.020_0030.01.aba.beta,True,4,8,0.03033280372619629,0.005635976791381836,0.001306772232055664,0.03727555274963379,311,3,325,94,3555,649,10199
all/randm11.02.02.06.020_0030.02.aba.beta,True,6,8,0.03938913345336914,0.005112171173095703,0.0018105506896972656,0.04631185531616211,222,6,222,83,2770,1024,16394
all/randm11.02.02.06.020_0030.03.aba.beta,True,3,8,0.03441596031188965,0.003786802291870117,0.0007140636444091797,0.038916826248168945,249,2,254,88,1791,557,8760
all/randm11.02.02.06.020_0030.04.aba.beta,True,5,8,0.031101465225219727,0.004218101501464844,0.0008435249328613281,0.0361630916595459,290,4,317,106,3184,664,10286
all/randm11.02.02.06.020_0030.05.aba.beta,True,4,8,0.03679323196411133,0.0035429000854492188,0.0007758140563964844,0.04111194610595703,243,4,254,85,3130,603,9298
all/randm11.02.02.07.020_0030.01.aba.beta,True,8,9,0.05092740058898926,0.014208078384399414,0.0021545886993408203,0.06729006767272949,321,6,322,112,2340,1401,21669
all/randm11.02.02.07.020_0030.02.aba.beta,True,9,9,0.11457705497741699,0.02508091926574707,0.0020744800567626953,0.14173245429992676,352,7,352,144,2961,1042,16045
all/randm11.02.02.07.020_0030.03.aba.beta,True,5,9,0.0558319091796875,0.009033203125,0.0016422271728515625,0.06650733947753906,264,4,269,115,3118,1195,18890
all/randm11.02.02.07.020_0030.04.aba.beta,True,11,9,0.11844325065612793,0.03240656852722168,0.0016353130340576172,0.15248513221740723,385,9,385,116,3970,1203,18790
all/randm11.02.02.07.020_0030.05.aba.beta,True,5,9,0.03785085678100586,0.009349346160888672,0.0011272430419921875,0.04832744598388672,336,3,336,108,2435,691,10717
all/randm11.02.02.08.020_0030.01.aba.beta,True,2,6,0.00531315803527832,0.0013501644134521484,0.0007357597351074219,0.007399082183837891,86,2,86,50,588,556,8831
all/randm11.02.02.08.020_0030.02.aba.beta,True,2,6,0.008371591567993164,0.0016951560974121094,0.0006895065307617188,0.010756254196166992,139,2,141,61,914,551,8684
all/randm11.02.02.08.020_0030.03.aba.beta,True,3,6,0.016381025314331055,0.0023975372314453125,0.0007190704345703125,0.01949763298034668,171,2,178,78,1321,565,8892
all/randm11.02.02.08.020_0030.04.aba.beta,True,2,6,0.011727333068847656,0.002169370651245117,0.0011560916900634766,0.01505279541015625,114,2,114,52,713,554,8688
all/randm11.02.02.08.020_0030.05.aba.beta,True,1,6,0.003916740417480469,0.0007040500640869141,0.0006949901580810547,0.0053157806396484375,110,1,110,44,698,535,8590
all/randm11.02.02.09.020_0030.01.aba.beta,True,2,6,0.007950305938720703,0.002068042755126953,0.0010313987731933594,0.011049747467041016,125,1,126,49,658,521,8502
all/randm11.02.02.09.020_0030.02.aba.beta,True,6,6,0.04893898963928223,0.010234832763671875,0.0010917186737060547,0.060265541076660156,183,5,184,125,1700,745,11648
all/randm11.02.02.09.020_0030.03.aba.beta,True,6,6,0.0399630069732666,0.009006500244140625,0.0014884471893310547,0.05045795440673828,170,5,170,113,1454,941,14717
all/randm11.02.02.09.020_0030.04.aba.beta,True,9,6,0.05349373817443848,0.011122465133666992,0.0011985301971435547,0.06581473350524902,172,8,172,104,1317,932,14297
all/randm11.02.02.09.020_0030.05.aba.beta,True,7,6,0.02267909049987793,0.005632638931274414,0.0009527206420898438,0.029264450073242188,143,6,143,84,1046,647,9779
all/randm11.02.02.10.020_0030.01.aba.beta,True,15,9,0.4556722640991211,0.05118274688720703,0.003290414810180664,0.5101454257965088,800,11,806,216,13755,2002,31222
all/randm11.02.02.10.020_0030.02.aba.beta,True,11,9,0.2573390007019043,0.02227616310119629,0.001895904541015625,0.2815110683441162,586,8,586,146,8139,1453,22454
all/randm11.02.02.10.020_0030.03.aba.beta,True,10,9,0.13244271278381348,0.023578882217407227,0.001584768295288086,0.1576063632965088,491,8,505,127,8781,1045,16296
all/randm11.02.02.10.020_0030.04.aba.beta,True,8,9,0.0906982421875,0.012460947036743164,0.001047372817993164,0.10420656204223633,383,5,383,97,4908,743,11546
all/randm11.02.02.10.020_0030.05.aba.beta,True,8,8,0.08172059059143066,0.012097835540771484,0.000982046127319336,0.09480047225952148,408,6,408,108,5249,780,11968
all/randm11.02.02.11.020_0030.01.aba.beta,True,6,11,0.06773042678833008,0.010126829147338867,0.002573728561401367,0.08043098449707031,333,5,343,98,2356,1509,24091
all/randm11.02.02.11.020_0030.02.aba.beta,True,1,10,0.014705181121826172,0.002310514450073242,0.001262664794921875,0.01827836036682129,166,1,168,62,959,533,8575
all/randm11.02.02.11.020_0030.03.aba.beta,True,4,11,0.06347131729125977,0.008634090423583984,0.0019457340240478516,0.0740511417388916,365,4,382,104,3031,1030,16385
all/randm11.02.02.11.020_0030.04.aba.beta,True,2,11,0.017702817916870117,0.0031588077545166016,0.0006792545318603516,0.02154088020324707,176,2,181,62,1087,540,8612
all/randm11.02.02.11.020_0030.05.aba.beta,True,5,11,0.04453253746032715,0.008098363876342773,0.0026636123657226562,0.05529451370239258,234,5,234,77,1585,2067,33041
all/randm11.02.02.12.020_0030.01.aba.beta,True,5,6,0.03339791297912598,0.006124019622802734,0.0018813610076904297,0.04140329360961914,182,4,189,67,2385,861,13506
all/randm11.02.02.12.020_0030.02.aba.beta,True,3,6,0.018253326416015625,0.0026149749755859375,0.0007469654083251953,0.021615266799926758,160,3,167,74,1885,587,9358
all/randm11.02.02.12.020_0030.03.aba.beta,True,4,6,0.028227567672729492,0.003232240676879883,0.0008697509765625,0.032329559326171875,212,3,224,85,2332,639,10136
all/randm11.02.02.12.020_0030.04.aba.beta,True,4,6,0.024567604064941406,0.002782583236694336,0.0008034706115722656,0.028153657913208008,139,3,145,67,810,584,9116
all/randm11.02.02.12.020_0030.05.aba.beta,True,5,6,0.03742265701293945,0.00477910041809082,0.0010654926300048828,0.043267250061035156,251,4,253,99,3216,787,12525
all/randm11.02.02.13.020_0030.01.aba.beta,True,6,9,0.06574058532714844,0.010163307189941406,0.0010216236114501953,0.07692551612854004,267,6,267,76,3258,690,10470
all/randm11.02.02.13.020_0030.02.aba.beta,True,6,9,0.04293966293334961,0.009127140045166016,0.0010042190551757812,0.053071022033691406,221,6,245,120,1898,799,12228
all/randm11.02.02.13.020_0030.03.aba.beta,True,7,9,0.06378579139709473,0.011111736297607422,0.001409292221069336,0.07630681991577148,364,6,388,119,4813,679,10272
all/randm11.02.02.13.020_0030.04.aba.beta,True,6,9,0.07668209075927734,0.009599685668945312,0.001669168472290039,0.0879509449005127,358,6,373,130,5242,873,13473
all/randm11.02.02.13.020_0030.05.aba.beta,True,7,9,0.09459042549133301,0.013608217239379883,0.0013267993927001953,0.10952544212341309,304,7,322,117,2884,906,13799
all/randm11.02.02.14.020_0030.01.aba.beta,True,10,9,0.15575480461120605,0.026841163635253906,0.0010631084442138672,0.18365907669067383,489,7,492,129,4675,767,11671
all/randm11.02.02.14.020_0030.02.aba.beta,True,11,9,0.21530699729919434,0.038939714431762695,0.0030846595764160156,0.25733137130737305,495,9,496,154,5806,2270,35398
all/randm11.02.02.14.020_0030.03.aba.beta,True,10,9,0.0903325080871582,0.019972801208496094,0.0010881423950195312,0.11139345169067383,280,8,288,126,2334,853,13079
all/randm11.02.02.14.020_0030.04.aba.beta,True,12,9,0.19682645797729492,0.03471231460571289,0.002209186553955078,0.2337479591369629,391,10,391,161,3422,1288,19560
all/randm11.02.02.14.020_0030.05.aba.beta,True,13,9,0.28017592430114746,0.05192232131958008,0.0019655227661132812,0.3340637683868408,536,9,536,166,8411,1283,20465
all/randm11.02.02.15.020_0030.01.aba.beta,True,5,10,0.05884885787963867,0.007465362548828125,0.0007250308990478516,0.06703925132751465,445,3,463,108,3451,558,8707
all/randm11.02.02.15.020_0030.02.aba.beta,True,1,10,0.019362926483154297,0.0025985240936279297,0.0013704299926757812,0.023331880569458008,197,1,203,68,1280,527,8536
all/randm11.02.02.15.020_0030.03.aba.beta,True,6,10,0.08295750617980957,0.01116633415222168,0.0009267330169677734,0.09505057334899902,445,5,461,124,4498,664,10186
all/randm11.02.02.15.020_0030.04.aba.beta,True,5,10,0.07073044776916504,0.008741378784179688,0.0012614727020263672,0.0807332992553711,406,4,411,97,3111,590,9137
all/randm11.02.02.15.020_0030.05.aba.beta,True,2,10,0.01951122283935547,0.0039250850677490234,0.0011928081512451172,0.02462911605834961,189,2,197,80,1352,680,10927
all/randm11.02.02.16.020_0030.01.aba.beta,True,3,9,0.02597975730895996,0.0062448978424072266,0.0009331703186035156,0.0331578254699707,243,2,243,76,1605,581,9119
all/randm11.02.02.16.020_0030.02.aba.beta,True,2,9,0.019796371459960938,0.002224445343017578,0.0008814334869384766,0.022902250289916992,225,2,229,74,3344,693,11091
all/randm11.02.02.16.020_0030.03.aba.beta,True,8,9,0.06738662719726562,0.013202190399169922,0.0015106201171875,0.08209943771362305,340,5,347,99,3079,1147,18015
all/randm11.02.02.16.020_0030.04.aba.beta,True,3,9,0.02840137481689453,0.007577180862426758,0.0013670921325683594,0.03734564781188965,278,2,278,78,2061,603,9585
all/randm11.02.02.16.020_0030.05.aba.beta,True,4,9,0.050981998443603516,0.005745887756347656,0.0011157989501953125,0.057843685150146484,326,4,336,101,4657,813,12841
all/randm11.02.02.17.020_0030.01.aba.beta,True,14,11,0.2967696189880371,0.059543609619140625,0.0014710426330566406,0.3577842712402344,949,9,949,141,11038,1029,15745
all/randm11.02.02.17.020_0030.02.aba.beta,True,7,11,0.05760359764099121,0.015298128128051758,0.0010046958923339844,0.07390642166137695,284,6,292,114,2424,706,10935
all/randm11.02.02.17.020_0030.03.aba.beta,True,11,11,0.11191391944885254,0.03163743019104004,0.0012488365173339844,0.14480018615722656,476,9,479,151,4102,1000,15248
all/randm11.02.02.17.020_0030.04.aba.beta,True,12,11,0.14394092559814453,0.039975643157958984,0.0012683868408203125,0.18518495559692383,356,10,364,122,3267,911,13857
all/randm11.02.02.17.020_0030.05.aba.beta,True,17,11,0.2982921600341797,0.0982213020324707,0.0027077198028564453,0.39922118186950684,676,14,691,187,10485,1840,28746
all/randm11.02.02.18.020_0030.01.aba.beta,True,6,7,0.03167009353637695,0.006050825119018555,0.0009775161743164062,0.038698434829711914,180,5,182,78,1397,780,11992
all/randm11.02.02.18.020_0030.02.aba.beta,True,14,7,0.11380481719970703,0.022816181182861328,0.0022537708282470703,0.13887476921081543,268,13,279,130,3250,1774,27056
all/randm11.02.02.18.020_0030.03.aba.beta,True,4,7,0.017602920532226562,0.002895355224609375,0.0008397102355957031,0.02133798599243164,156,4,161,59,1102,628,9650
all/randm11.02.02.18.020_0030.04.aba.beta,True,5,7,0.026519298553466797,0.005400896072387695,0.001035928726196289,0.03295612335205078,122,5,122,52,812,782,12177
all/randm11.02.02.18.020_0030.05.aba.beta,True,7,7,0.03279995918273926,0.004710197448730469,0.0015192031860351562,0.03902935981750488,181,6,182,59,1205,1095,17308
all/randm11.02.02.19.020_0030.01.aba.beta,True,15,11,0.18582463264465332,0.03583168983459473,0.0018200874328613281,0.22347640991210938,839,11,853,136,12574,989,15099
all/randm11.02.02.19.020_0030.02.aba.beta,True,16,11,0.19605159759521484,0.051988840103149414,0.0034415721893310547,0.2514820098876953,396,15,403,130,4805,2278,35439
all/randm11.02.02.19.020_0030.03.aba.beta,True,11,11,0.2300863265991211,0.04535055160522461,0.003175497055053711,0.2786123752593994,519,9,535,170,5676,1631,25064
all/randm11.02.02.19.020_0030.04.aba.beta,True,7,11,0.09218192100524902,0.013301849365234375,0.0012977123260498047,0.1067814826965332,411,7,457,150,5017,898,14112
all/randm11.02.02.19.020_0030.05.aba.beta,True,7,11,0.11711692810058594,0.019454002380371094,0.0017986297607421875,0.13836956024169922,478,5,497,118,4686,1231,19553
all/randm12.02.02.01.020_0030.01.aba.beta,True,6,8,0.046439409255981445,0.007267951965332031,0.0013399124145507812,0.05504727363586426,278,6,312,126,3495,810,12614
all/randm12.02.02.01.020_0030.02.aba.beta,True,2,8,0.013431310653686523,0.001965761184692383,0.0007083415985107422,0.01610541343688965,110,2,110,62,571,555,8675
all/randm12.02.02.01.020_0030.03.aba.beta,True,1,8,0.011317253112792969,0.0013186931610107422,0.0013322830200195312,0.013968229293823242,105,1,106,57,516,536,8591
all/randm12.02.02.01.020_0030.04.aba.beta,True,4,8,0.03870820999145508,0.005985736846923828,0.0008258819580078125,0.04551982879638672,170,4,170,79,1128,623,9753
all/randm12.02.02.01.020_0030.05.aba.beta,True,2,8,0.008521080017089844,0.0018079280853271484,0.0007374286651611328,0.011066436767578125,111,2,112,57,644,572,9118
all/randm12.02.02.02.020_0030.01.aba.beta,True,14,11,0.26029300689697266,0.07408452033996582,0.0015532970428466797,0.33593082427978516,653,12,670,127,11507,1103,17011
all/randm12.02.02.02.020_0030.02.aba.beta,True,10,11,0.09529614448547363,0.019518375396728516,0.00098419189453125,0.1157987117767334,387,8,400,102,4162,782,11591
all/randm12.02.02.02.020_0030.03.aba.beta,True,8,11,0.10304999351501465,0.016844511032104492,0.0009179115295410156,0.12081241607666016,508,6,548,158,4457,708,10700
all/randm12.02.02.02.020_0030.04.aba.beta,True,7,11,0.09880733489990234,0.022128820419311523,0.0008916854858398438,0.12182784080505371,413,5,418,108,5226,684,10566
all/randm12.02.02.02.020_0030.05.aba.beta,True,8,11,0.14716219902038574,0.018836021423339844,0.0011835098266601562,0.16718173027038574,533,5,580,162,5679,652,10116
all/randm12.02.02.03.020_0030.01.aba.beta,True,8,11,0.08683514595031738,0.01832723617553711,0.0010123252868652344,0.10617470741271973,322,7,335,125,2737,774,11643
all/randm12.02.02.03.020_0030.02.aba.beta,True,6,11,0.056540489196777344,0.01036977767944336,0.0008425712585449219,0.06775283813476562,302,6,307,87,2345,625,9451
all/randm12.02.02.03.020_0030.03.aba.beta,True,7,11,0.04700469970703125,0.013956069946289062,0.0008106231689453125,0.061771392822265625,241,6,244,87,1866,663,10024
all/randm12.02.02.03.020_0030.04.aba.beta,True,4,11,0.0477910041809082,0.007187604904174805,0.0009703636169433594,0.05594897270202637,263,4,278,108,2367,762,11859
all/randm12.02.02.03.020_0030.05.aba.beta,True,8,11,0.13423824310302734,0.03213024139404297,0.0016057491302490234,0.16797423362731934,273,7,283,115,2089,731,11127
all/randm12.02.02.04.020_0030.01.aba.beta,True,6,11,0.10340142250061035,0.020353078842163086,0.0012919902801513672,0.1250464916229248,509,3,511,110,3946,586,9156
all/randm12.02.02.04.020_0030.02.aba.beta,True,14,11,0.1885371208190918,0.04737544059753418,0.001361846923828125,0.2372744083404541,595,11,600,147,5679,975,14486
all/randm12.02.02.04.020_0030.03.aba.beta,True,13,11,0.18368291854858398,0.09478402137756348,0.001379251480102539,0.27984619140625,834,10,837,145,11218,938,13840
all/randm12.02.02.04.020_0030.04.aba.beta,True,13,11,0.1648085117340088,0.036124467849731445,0.0010590553283691406,0.20199203491210938,587,9,593,118,7694,812,12183
all/randm12.02.02.04.020_0030.05.aba.beta,True,13,11,0.2453756332397461,0.02751946449279785,0.0015935897827148438,0.2744886875152588,687,8,710,153,8681,845,12844
all/randm12.02.02.05.020_0030.01.aba.beta,True,23,10,0.5206878185272217,0.0784764289855957,0.005616903305053711,0.6047811508178711,709,19,713,195,12220,3531,54971
all/randm12.02.02.05.020_0030.02.aba.beta,True,15,10,0.2538790702819824,0.03389549255371094,0.0021216869354248047,0.28989624977111816,473,12,484,143,8217,1572,23992
all/randm12.02.02.05.020_0030.03.aba.beta,True,24,12,0.7119290828704834,0.1658611297607422,0.0056841373443603516,0.8834743499755859,1493,18,1496,196,31970,3686,57098
all/randm12.02.02.05.020_0030.04.aba.beta,True,26,12,0.6763594150543213,0.13214373588562012,0.006527423858642578,0.815030574798584,903,22,914,221,16003,4479,70187
all/randm12.02.02.05.020_0030.05.aba.beta,True,17,10,0.19599437713623047,0.03285479545593262,0.0025620460510253906,0.23141121864318848,548,14,552,136,9624,1869,29148
all/randm12.02.02.06.020_0030.01.aba.beta,True,32,10,1.4059736728668213,0.3113853931427002,0.008205890655517578,1.725564956665039,825,28,858,326,12404,5724,89698
all/randm12.02.02.06.020_0030.02.aba.beta,True,20,9,0.5479569435119629,0.10710692405700684,0.0051615238189697266,0.6602253913879395,828,16,858,248,12449,2866,44532
all/randm12.02.02.06.020_0030.03.aba.beta,True,31,10,1.8182141780853271,0.9190316200256348,0.009007930755615234,2.746253728866577,1844,27,1844,311,27119,5897,91100
all/randm12.02.02.06.020_0030.04.aba.beta,True,29,10,0.8752977848052979,1.095999002456665,0.004977703094482422,1.9762744903564453,1413,23,1413,245,24373,3053,47790
all/randm12.02.02.06.020_0030.05.aba.beta,True,27,11,1.3378822803497314,0.5617313385009766,0.00701451301574707,1.906628131866455,1615,22,1615,258,31499,4710,73776
all/randm12.02.02.07.020_0030.01.aba.beta,True,4,7,0.0317530632019043,0.0037729740142822266,0.0011911392211914062,0.03671717643737793,180,4,188,102,1946,962,14861
all/randm12.02.02.07.020_0030.02.aba.beta,True,9,7,0.049890756607055664,0.012015581130981445,0.0020630359649658203,0.06396937370300293,229,8,229,107,2367,1253,19613
all/randm12.02.02.07.020_0030.03.aba.beta,True,3,7,0.02330780029296875,0.0034503936767578125,0.0011768341064453125,0.027935028076171875,186,3,203,99,2385,841,13393
all/randm12.02.02.07.020_0030.04.aba.beta,True,4,7,0.029574155807495117,0.007666826248168945,0.0015347003936767578,0.03877568244934082,186,3,186,76,1460,584,9177
all/randm12.02.02.07.020_0030.05.aba.beta,True,2,7,0.009591817855834961,0.0021855831146240234,0.0006639957427978516,0.012441396713256836,171,1,171,47,1293,526,8553
all/randm12.02.02.08.020_0030.01.aba.beta,True,8,8,0.06190299987792969,0.013719558715820312,0.0008840560913085938,0.0765066146850586,314,6,314,87,2649,696,10498
all/randm12.02.02.08.020_0030.02.aba.beta,True,10,8,0.10383772850036621,0.01989006996154785,0.0019729137420654297,0.1257007122039795,305,9,308,147,3399,1142,17770
all/randm12.02.02.08.020_0030.03.aba.beta,True,7,8,0.12078094482421875,0.013881921768188477,0.0012993812561035156,0.13596224784851074,478,5,484,149,6703,917,14494
all/randm12.02.02.08.020_0030.04.aba.beta,True,6,8,0.04720282554626465,0.00780940055847168,0.0010116100311279297,0.05602383613586426,259,5,259,94,2390,761,12026
all/randm12.02.02.08.020_0030.05.aba.beta,True,4,8,0.03002452850341797,0.005137443542480469,0.0007717609405517578,0.035933732986450195,161,4,169,80,1229,594,9216
all/randm12.02.02.09.020_0030.01.aba.beta,True,13,10,0.14733624458312988,0.03363800048828125,0.001138925552368164,0.1821131706237793,351,10,351,95,3598,800,11979
all/randm12.02.02.09.020_0030.02.aba.beta,True,5,10,0.07165646553039551,0.011747121810913086,0.0009124279022216797,0.08431601524353027,344,4,369,131,2789,650,10003
all/randm12.02.02.09.020_0030.03.aba.beta,True,12,10,0.16495180130004883,0.04325103759765625,0.0012600421905517578,0.20946288108825684,679,8,680,131,6073,900,13763
all/randm12.02.02.09.020_0030.04.aba.beta,True,11,10,0.10266232490539551,0.027342557907104492,0.0011417865753173828,0.13114666938781738,440,8,445,121,3897,821,12539
all/randm12.02.02.09.020_0030.05.aba.beta,True,10,10,0.13627910614013672,0.03818249702453613,0.0023872852325439453,0.1768488883972168,426,8,436,122,3603,1485,23060
all/randm12.02.02.10.020_0030.01.aba.beta,True,11,11,0.17165803909301758,0.03383803367614746,0.001873016357421875,0.20736908912658691,598,9,601,128,5803,1277,19581
all/randm12.02.02.10.020_0030.02.aba.beta,True,16,11,0.3812708854675293,0.07757282257080078,0.0037708282470703125,0.4626145362854004,850,11,852,151,10619,2171,33579
all/randm12.02.02.10.020_0030.03.aba.beta,True,9,11,0.09361958503723145,0.022269010543823242,0.0014865398406982422,0.11737513542175293,374,7,382,111,5194,1058,16378
all/randm12.02.02.10.020_0030.04.aba.beta,True,11,11,0.1534745693206787,0.02898883819580078,0.002016782760620117,0.1844801902770996,404,9,443,149,4071,1244,19068
all/randm12.02.02.10.020_0030.05.aba.beta,True,8,11,0.09951186180114746,0.01732492446899414,0.001768350601196289,0.11860513687133789,338,7,343,127,3332,999,15525
all/randm12.02.02.11.020_0030.01.aba.beta,True,8,11,0.07656526565551758,0.018959760665893555,0.002726316452026367,0.0982513427734375,303,7,304,118,2312,1675,26349
all/randm12.02.02.11.020_0030.02.aba.beta,True,6,11,0.09916830062866211,0.013206243515014648,0.0007309913635253906,0.11310553550720215,866,3,866,119,7767,560,8744
all/randm12.02.02.11.020_0030.03.aba.beta,True,7,11,0.08210039138793945,0.01840662956237793,0.0008678436279296875,0.10137486457824707,292,6,298,104,2239,689,10360
all/randm12.02.02.11.020_0030.04.aba.beta,True,9,11,0.08921670913696289,0.024669885635375977,0.0007410049438476562,0.11462759971618652,545,6,545,103,4619,609,9132
all/randm12.02.02.11.020_0030.05.aba.beta,True,4,11,0.05809950828552246,0.010703086853027344,0.0007977485656738281,0.06960034370422363,309,4,344,127,3022,632,9761
all/randm12.02.02.12.020_0030.01.aba.beta,True,4,9,0.03502535820007324,0.0060536861419677734,0.0010738372802734375,0.04215288162231445,256,3,256,106,2125,716,11416
all/randm12.02.02.12.020_0030.02.aba.beta,True,2,9,0.015795230865478516,0.002683401107788086,0.0008387565612792969,0.0193173885345459,177,2,183,74,1347,635,10061
all/randm12.02.02.12.020_0030.03.aba.beta,True,7,9,0.07413244247436523,0.01294398307800293,0.0017421245574951172,0.08881855010986328,399,6,412,118,4939,1325,20824
all/randm12.02.02.12.020_0030.04.aba.beta,True,5,9,0.05406618118286133,0.00790548324584961,0.0017557144165039062,0.06372737884521484,306,4,314,104,3052,955,15000
all/randm12.02.02.12.020_0030.05.aba.beta,True,5,9,0.05187582969665527,0.009596824645996094,0.0013310909271240234,0.06280374526977539,215,5,223,104,1702,888,13965
all/randm12.02.02.13.020_0030.01.aba.beta,True,8,9,0.0761711597442627,0.013725996017456055,0.0012824535369873047,0.09117960929870605,288,6,289,78,2410,607,9051
all/randm12.02.02.13.020_0030.02.aba.beta,True,5,9,0.04209494590759277,0.008850812911987305,0.001392364501953125,0.0523381233215332,202,5,202,92,1471,680,10406
all/randm12.02.02.13.020_0030.03.aba.beta,True,6,9,0.07592558860778809,0.013354778289794922,0.0013127326965332031,0.09059309959411621,339,6,401,149,4241,667,10168
all/randm12.02.02.13.020_0030.04.aba.beta,True,6,9,0.06543707847595215,0.00921010971069336,0.0008299350738525391,0.07547712326049805,264,6,283,111,2246,632,9643
all/randm12.02.02.13.020_0030.05.aba.beta,True,7,9,0.04397916793823242,0.00807332992553711,0.0011174678802490234,0.053169965744018555,255,7,274,96,3448,800,12139
all/randm12.02.02.14.020_0030.01.aba.beta,True,29,9,0.6391117572784424,0.29875946044921875,0.005888938903808594,0.9437601566314697,642,24,649,213,8340,3910,60996
all/randm12.02.02.14.020_0030.02.aba.beta,True,22,9,0.4123983383178711,0.24164867401123047,0.003400564193725586,0.6574475765228271,1038,17,1038,237,17416,2209,34030
all/randm12.02.02.14.020_0030.03.aba.beta,True,33,9,1.1461164951324463,0.4442589282989502,0.00768733024597168,1.5980627536773682,845,28,845,263,14738,4710,73305
all/randm12.02.02.14.020_0030.04.aba.beta,True,25,9,0.8711769580841064,0.39262938499450684,0.00550532341003418,1.2693116664886475,846,20,846,250,12810,3374,52010
all/randm12.02.02.14.020_0030.05.aba.beta,True,22,8,0.5967593193054199,0.1800534725189209,0.004201412200927734,0.7810142040252686,601,18,609,242,12008,2938,46715
all/randm12.02.02.15.020_0030.01.aba.beta,True,2,5,0.011074542999267578,0.0021817684173583984,0.001239776611328125,0.014496088027954102,87,2,87,53,432,545,8637
all/randm12.02.02.15.020_0030.02.aba.beta,True,2,5,0.010526895523071289,0.0016379356384277344,0.0007224082946777344,0.012887239456176758,105,2,105,64,659,557,8786
all/randm12.02.02.15.020_0030.03.aba.beta,True,3,5,0.013051033020019531,0.002407073974609375,0.0007572174072265625,0.01621532440185547,117,3,120,68,721,595,9259
all/randm12.02.02.15.020_0030.04.aba.beta,True,2,5,0.005528688430786133,0.0009365081787109375,0.0007226467132568359,0.007187843322753906,71,2,72,41,390,561,9040
all/randm12.02.02.15.020_0030.05.aba.beta,True,1,5,0.0033240318298339844,0.0005333423614501953,0.0007059574127197266,0.004563331604003906,84,1,84,44,397,535,8581
all/randm12.02.02.16.020_0030.01.aba.beta,True,1,1,0.0004012584686279297,0.0004069805145263672,0.0012259483337402344,0.0020341873168945312,15,1,15,15,34,534,8555
all/randm12.02.02.16.020_0030.02.aba.beta,True,1,1,0.00022983551025390625,0.0002300739288330078,0.0006837844848632812,0.0011436939239501953,15,1,15,14,34,533,8582
all/randm12.02.02.16.020_0030.03.aba.beta,True,1,1,0.0003972053527832031,0.0004069805145263672,0.0011637210845947266,0.001967906951904297,15,1,15,15,34,543,8621
all/randm12.02.02.16.020_0030.04.aba.beta,True,1,1,0.00037741661071777344,0.0003769397735595703,0.001169443130493164,0.0019237995147705078,15,1,15,14,34,539,8609
all/randm12.02.02.16.020_0030.05.aba.beta,True,1,1,0.0003647804260253906,0.0003941059112548828,0.0011906623840332031,0.0019495487213134766,15,1,15,13,34,526,8544
all/randm12.02.02.17.020_0030.01.aba.beta,True,10,12,0.25953197479248047,0.03920269012451172,0.0009605884552001953,0.2996952533721924,918,5,935,155,10798,696,10843
all/randm12.02.02.17.020_0030.02.aba.beta,True,18,12,0.4245262145996094,0.11234188079833984,0.002573251724243164,0.5394413471221924,1444,13,1447,178,17139,1622,24588
all/randm12.02.02.17.020_0030.03.aba.beta,True,15,12,0.43302202224731445,0.10401701927185059,0.0012264251708984375,0.5382654666900635,1540,11,1559,181,17991,962,14216
all/randm12.02.02.17.020_0030.04.aba.beta,True,16,12,0.27937865257263184,0.05402541160583496,0.0017468929290771484,0.33515095710754395,539,14,544,154,5419,1234,18637
all/randm12.02.02.17.020_0030.05.aba.beta,True,12,12,0.31243300437927246,0.044443368911743164,0.0013608932495117188,0.35823726654052734,919,8,925,154,9800,1034,15787
all/randm12.02.02.18.020_0030.01.aba.beta,True,10,10,0.10466957092285156,0.02212810516357422,0.0012958049774169922,0.12809348106384277,568,8,586,135,7184,697,10462
all/randm12.02.02.18.020_0030.02.aba.beta,True,10,10,0.12778902053833008,0.019654512405395508,0.0012364387512207031,0.1486799716949463,437,9,452,121,5504,910,13918
all/randm12.02.02.18.020_0030.03.aba.beta,True,13,10,0.14437603950500488,0.028478145599365234,0.001428842544555664,0.17428302764892578,577,11,580,114,8010,1098,16697
all/randm12.02.02.18.020_0030.04.aba.beta,True,7,10,0.07360577583312988,0.014610767364501953,0.0008528232574462891,0.08906936645507812,336,5,341,98,2858,686,10515
all/randm12.02.02.18.020_0030.05.aba.beta,True,9,10,0.14354848861694336,0.025046586990356445,0.0013816356658935547,0.16997671127319336,476,7,511,151,6612,1006,15506
all/randm12.02.02.19.020_0030.01.aba.beta,True,4,10,0.036931753158569336,0.007820606231689453,0.0013778209686279297,0.04613018035888672,161,4,168,77,990,673,10486
all/randm12.02.02.19.020_0030.02.aba.beta,True,6,10,0.06740736961364746,0.010605573654174805,0.0008981227874755859,0.07891106605529785,328,5,335,129,2793,681,10535
all/randm12.02.02.19.020_0030.03.aba.beta,True,4,10,0.03839278221130371,0.006747245788574219,0.0009284019470214844,0.046068429946899414,269,3,275,92,1862,607,9574
all/randm12.02.02.19.020_0030.04.aba.beta,True,2,10,0.0177004337310791,0.004408121109008789,0.0012586116790771484,0.02336716651916504,196,2,196,66,1262,602,9512
all/randm12.02.02.19.020_0030.05.aba.beta,True,3,10,0.048113107681274414,0.0056972503662109375,0.0010478496551513672,0.05485820770263672,263,3,273,124,2171,765,12289
all/randm13.02.02.01.020_0030.01.aba.beta,True,5,9,0.0659642219543457,0.007296323776245117,0.0010881423950195312,0.07434868812561035,309,4,309,94,4207,717,11229
all/randm13.02.02.01.020_0030.02.aba.beta,True,9,9,0.13056468963623047,0.016793489456176758,0.0015842914581298828,0.1489424705505371,379,6,383,98,4291,824,12739
all/randm13.02.02.01.020_0030.03.aba.beta,True,11,9,0.18050837516784668,0.02429366111755371,0.0019681453704833984,0.2067701816558838,574,9,585,164,7627,1009,15475
all/randm13.02.02.01.020_0030.04.aba.beta,True,8,9,0.08651328086853027,0.01105952262878418,0.0011343955993652344,0.09870719909667969,415,5,432,127,3230,781,12023
all/randm13.02.02.01.020_0030.05.aba.beta,True,10,9,0.10831260681152344,0.021600008010864258,0.0011243820190429688,0.13103699684143066,438,8,441,148,5006,876,13178
all/randm13.02.02.02.020_0030.01.aba.beta,True,7,8,0.04259014129638672,0.010386943817138672,0.0008642673492431641,0.053841352462768555,208,6,208,91,1787,654,9837
all/randm13.02.02.02.020_0030.02.aba.beta,True,5,8,0.04993391036987305,0.008095741271972656,0.0008947849273681641,0.05892443656921387,394,3,404,121,3191,689,10793
all/randm13.02.02.02.020_0030.03.aba.beta,True,7,8,0.05776238441467285,0.01235651969909668,0.0008618831634521484,0.07098078727722168,252,5,256,102,1935,621,9605
all/randm13.02.02.02.020_0030.04.aba.beta,True,7,8,0.07450485229492188,0.00957798957824707,0.0008432865142822266,0.08492612838745117,274,5,276,118,2348,640,9919
all/randm13.02.02.02.020_0030.05.aba.beta,True,4,8,0.025396108627319336,0.005785703659057617,0.0008096694946289062,0.03199148178100586,198,3,199,86,1487,605,9426
all/randm13.02.02.03.020_0030.01.aba.beta,True,11,11,0.22362160682678223,0.0360560417175293,0.0019316673278808594,0.2616093158721924,813,9,828,183,11394,1422,21649
all/randm13.02.02.03.020_0030.02.aba.beta,True,9,11,0.1726531982421875,0.03425455093383789,0.0011780261993408203,0.2080857753753662,624,6,624,137,10144,775,12031
all/randm13.02.02.03.020_0030.03.aba.beta,True,13,11,0.17046189308166504,0.03460884094238281,0.00418543815612793,0.20925617218017578,432,12,442,141,6491,2690,42240
all/randm13.02.02.03.020_0030.04.aba.beta,True,17,11,0.16815638542175293,0.04032135009765625,0.0019276142120361328,0.2104053497314453,475,15,482,134,5494,1473,21719
all/randm13.02.02.03.020_0030.05.aba.beta,True,9,11,0.08335709571838379,0.022995948791503906,0.001371145248413086,0.10772418975830078,422,7,422,117,3582,681,10344
all/randm13.02.02.04.020_0030.01.aba.beta,True,19,12,0.36255645751953125,0.09807109832763672,0.002844095230102539,0.4634716510772705,754,15,754,154,11205,2114,32772
all/randm13.02.02.04.020_0030.02.aba.beta,True,16,12,0.330385684967041,0.08187007904052734,0.002871990203857422,0.4151277542114258,610,12,611,174,6535,1403,21424
all/randm13.02.02.04.020_0030.03.aba.beta,True,7,12,0.07872986793518066,0.01244354248046875,0.0008184909820556641,0.09199190139770508,550,5,557,105,4603,623,9443
all/randm13.02.02.04.020_0030.04.aba.beta,True,20,12,0.19020509719848633,0.04632425308227539,0.002225637435913086,0.2387549877166748,449,20,513,182,5965,1607,23287
all/randm13.02.02.04.020_0030.05.aba.beta,True,14,12,0.21474504470825195,0.04863381385803223,0.0026159286499023438,0.2659947872161865,582,12,590,127,7271,1805,27457
all/randm13.02.02.05.020_0030.01.aba.beta,True,8,12,0.1283106803894043,0.031319379806518555,0.0012249946594238281,0.16085505485534668,397,6,412,116,3338,771,11618
all/randm13.02.02.05.020_0030.02.aba.beta,True,7,12,0.0922234058380127,0.021472454071044922,0.0013976097106933594,0.11509346961975098,347,6,360,143,2908,1059,16747
all/randm13.02.02.05.020_0030.03.aba.beta,True,11,12,0.10177111625671387,0.023395776748657227,0.001001596450805664,0.12616848945617676,362,10,382,114,3274,786,11724
all/randm13.02.02.05.020_0030.04.aba.beta,True,11,12,0.12388849258422852,0.02770233154296875,0.0014820098876953125,0.15307283401489258,468,10,476,127,4353,786,11602
all/randm13.02.02.05.020_0030.05.aba.beta,True,9,12,0.17091727256774902,0.030681133270263672,0.0014438629150390625,0.20304226875305176,558,7,584,134,5162,714,10588
all/randm13.02.02.06.020_0030.01.aba.beta,True,3,9,0.03596019744873047,0.0038635730743408203,0.0007035732269287109,0.04052734375,293,2,301,71,2206,537,8584
all/randm13.02.02.06.020_0030.02.aba.beta,True,7,9,0.062455177307128906,0.009233713150024414,0.001146554946899414,0.07283544540405273,341,6,350,110,3701,840,13080
all/randm13.02.02.06.020_0030.03.aba.beta,True,7,9,0.0933992862701416,0.01620769500732422,0.0011799335479736328,0.11078691482543945,460,6,469,113,6838,851,13220
all/randm13.02.02.06.020_0030.04.aba.beta,True,7,9,0.05702972412109375,0.009060859680175781,0.0015079975128173828,0.06759858131408691,267,7,273,108,2186,950,14695
all/randm13.02.02.06.020_0030.05.aba.beta,True,2,9,0.014536380767822266,0.0023725032806396484,0.0007121562957763672,0.01762104034423828,186,2,192,77,1350,557,8807
all/randm13.02.02.07.020_0030.01.aba.beta,True,6,11,0.13988780975341797,0.018135547637939453,0.0013928413391113281,0.15941619873046875,484,4,506,143,4415,630,9728
all/randm13.02.02.07.020_0030.02.aba.beta,True,9,11,0.07811498641967773,0.0175015926361084,0.0009772777557373047,0.09659385681152344,412,7,444,122,4086,672,10131
all/randm13.02.02.07.020_0030.03.aba.beta,True,5,11,0.07520651817321777,0.012830495834350586,0.0010876655578613281,0.08912467956542969,493,4,517,109,5679,577,8949
all/randm13.02.02.07.020_0030.04.aba.beta,True,10,11,0.11960148811340332,0.027508020401000977,0.0011072158813476562,0.14821672439575195,389,8,396,116,3314,865,13001
all/randm13.02.02.07.020_0030.05.aba.beta,True,10,11,0.14325952529907227,0.02824854850769043,0.0011086463928222656,0.17261672019958496,548,8,582,157,7042,795,11951
all/randm13.02.02.08.020_0030.01.aba.beta,True,13,11,0.20567822456359863,0.0454554557800293,0.00201416015625,0.25314784049987793,503,10,507,149,4946,1018,15792
all/randm13.02.02.08.020_0030.02.aba.beta,True,10,11,0.13605570793151855,0.03148937225341797,0.0009582042694091797,0.1685032844543457,639,7,639,112,6238,733,11019
all/randm13.02.02.08.020_0030.03.aba.beta,True,15,11,0.2745094299316406,0.038701772689819336,0.0022335052490234375,0.3154447078704834,730,11,744,151,10229,1438,22245
all/randm13.02.02.08.020_0030.04.aba.beta,True,7,11,0.09941983222961426,0.01717400550842285,0.0010728836059570312,0.11766672134399414,347,6,347,102,3249,779,12077
all/randm13.02.02.08.020_0030.05.aba.beta,True,12,11,0.18976879119873047,0.029923200607299805,0.001672983169555664,0.22136497497558594,595,10,608,148,7272,1144,17210
all/randm13.02.02.09.020_0030.01.aba.beta,True,18,11,0.2579483985900879,0.04283571243286133,0.002192974090576172,0.3029770851135254,526,14,586,207,8715,1563,24391
all/randm13.02.02.09.020_0030.02.aba.beta,True,16,11,0.2530028820037842,0.04553818702697754,0.0019528865814208984,0.3004939556121826,570,13,616,187,6576,1444,21684
all/randm13.02.02.09.020_0030.03.aba.beta,True,14,11,0.33463525772094727,0.0379793643951416,0.0020041465759277344,0.3746187686920166,715,10,722,152,9872,1509,23374
all/randm13.02.02.09.020_0030.04.aba.beta,True,12,11,0.2381296157836914,0.03337812423706055,0.00284576416015625,0.2743535041809082,748,9,763,176,9253,1979,30962
all/randm13.02.02.09.020_0030.05.aba.beta,True,16,11,0.29752159118652344,0.049790382385253906,0.0032896995544433594,0.3506016731262207,508,12,512,158,5541,2287,35589
all/randm13.02.02.10.020_0030.01.aba.beta,True,4,11,0.05767059326171875,0.00992584228515625,0.001340627670288086,0.06893706321716309,542,2,548,109,4629,583,9174
all/randm13.02.02.10.020_0030.02.aba.beta,True,10,12,0.09160017967224121,0.027153968811035156,0.003057718276977539,0.1218118667602539,311,9,322,122,2257,1933,30299
all/randm13.02.02.10.020_0030.03.aba.beta,True,2,10,0.028957605361938477,0.003431558609008789,0.0006849765777587891,0.033074140548706055,290,1,290,74,2148,533,8571
all/randm13.02.02.10.020_0030.04.aba.beta,True,9,12,0.16161489486694336,0.0339200496673584,0.0014560222625732422,0.196990966796875,806,6,810,126,8183,955,15007
all/randm13.02.02.10.020_0030.05.aba.beta,True,11,12,0.21027898788452148,0.03440594673156738,0.002299785614013672,0.24698472023010254,785,9,808,178,8511,1761,27469
all/randm13.02.02.11.020_0030.01.aba.beta,True,7,11,0.12656760215759277,0.027402639389038086,0.0007812976837158203,0.15475153923034668,673,4,678,128,5750,619,9611
all/randm13.02.02.11.020_0030.02.aba.beta,True,6,11,0.08054733276367188,0.013121604919433594,0.0010685920715332031,0.09473752975463867,387,5,457,182,3197,736,11337
all/randm13.02.02.11.020_0030.03.aba.beta,True,12,11,0.22873616218566895,0.039798736572265625,0.0019102096557617188,0.2704451084136963,609,9,632,156,6507,1060,16318
all/randm13.02.02.11.020_0030.04.aba.beta,True,5,11,0.07656621932983398,0.014472246170043945,0.0007588863372802734,0.0917973518371582,534,3,534,111,4270,598,9255
all/randm13.02.02.11.020_0030.05.aba.beta,True,7,11,0.08617711067199707,0.0201418399810791,0.0010128021240234375,0.10733175277709961,403,5,407,115,3058,731,11173
all/randm13.02.02.12.020_0030.01.aba.beta,True,1,7,0.011428356170654297,0.001003265380859375,0.0006849765777587891,0.013116598129272461,147,1,147,65,911,533,8589
all/randm13.02.02.12.020_0030.02.aba.beta,True,1,7,0.0076389312744140625,0.0015239715576171875,0.0012159347534179688,0.010378837585449219,88,1,88,51,425,533,8556
all/randm13.02.02.12.020_0030.03.aba.beta,True,2,7,0.009690046310424805,0.0019004344940185547,0.0008387565612792969,0.012429237365722656,110,2,112,55,612,591,9431
all/randm13.02.02.12.020_0030.04.aba.beta,True,1,7,0.006326913833618164,0.0006487369537353516,0.0006830692291259766,0.007658720016479492,110,1,116,49,607,526,8531
all/randm13.02.02.12.020_0030.05.aba.beta,True,1,7,0.01034688949584961,0.0014503002166748047,0.001169443130493164,0.012966632843017578,135,1,137,56,850,535,8589
all/randm13.02.02.13.020_0030.01.aba.beta,True,19,12,0.4657149314880371,0.11593770980834961,0.002872943878173828,0.5845255851745605,539,17,539,189,6568,2052,30931
all/randm13.02.02.13.020_0030.02.aba.beta,True,26,12,0.9381575584411621,0.9074912071228027,0.004717111587524414,1.8503658771514893,1620,22,1632,248,19890,3162,48185
all/randm13.02.02.13.020_0030.03.aba.beta,True,20,12,0.6999797821044922,0.20502042770385742,0.003790616989135742,0.9087908267974854,1219,14,1235,215,19846,2503,38928
all/randm13.02.02.13.020_0030.04.aba.beta,True,22,12,0.8436732292175293,0.15096616744995117,0.0033986568450927734,0.9980380535125732,1369,18,1391,261,18964,2207,34156
all/randm13.02.02.13.020_0030.05.aba.beta,True,18,12,0.5672743320465088,0.20152997970581055,0.0032241344451904297,0.7720284461975098,1224,13,1226,198,16657,2105,33593
all/randm13.02.02.14.020_0030.01.aba.beta,True,14,9,0.24881911277770996,0.03439807891845703,0.0021295547485351562,0.28534674644470215,619,12,633,148,9756,1557,24176
all/randm13.02.02.14.020_0030.02.aba.beta,True,9,9,0.11539101600646973,0.01830005645751953,0.0015294551849365234,0.13522052764892578,339,8,339,97,5295,1007,15474
all/randm13.02.02.14.020_0030.03.aba.beta,True,15,9,0.18137264251708984,0.021836042404174805,0.0013532638549804688,0.20456194877624512,571,11,578,132,8076,1077,16079
all/randm13.02.02.14.020_0030.04.aba.beta,True,9,9,0.12729525566101074,0.019629955291748047,0.0021033287048339844,0.14902853965759277,466,8,481,150,5866,1150,17852
all/randm13.02.02.14.020_0030.05.aba.beta,True,8,9,0.11890244483947754,0.011745929718017578,0.0011913776397705078,0.13183975219726562,397,7,409,112,4583,843,12708
all/randm13.02.02.15.020_0030.01.aba.beta,True,17,11,0.2858250141143799,0.06653642654418945,0.0027532577514648438,0.3551146984100342,608,14,608,190,6737,1935,30449
all/randm13.02.02.15.020_0030.02.aba.beta,True,18,11,0.45121216773986816,0.0882716178894043,0.004468679428100586,0.543952465057373,707,15,707,228,11153,2876,44218
all/randm13.02.02.15.020_0030.03.aba.beta,True,12,11,0.16015052795410156,0.03656005859375,0.0014891624450683594,0.19819974899291992,418,10,427,149,3538,1068,16173
all/randm13.02.02.15.020_0030.04.aba.beta,True,19,11,0.3972487449645996,0.083984375,0.0033380985260009766,0.4845712184906006,840,14,840,179,13354,2233,34517
all/randm13.02.02.15.020_0030.05.aba.beta,True,18,11,0.3211085796356201,0.08232355117797852,0.0022728443145751953,0.40570497512817383,626,14,635,178,5798,1339,20071
all/randm13.02.02.16.020_0030.01.aba.beta,True,12,11,0.1451418399810791,0.03580832481384277,0.0011394023895263672,0.18208956718444824,580,9,619,162,6748,855,13168
all/randm13.02.02.16.020_0030.02.aba.beta,True,7,11,0.07672643661499023,0.01744675636291504,0.0016341209411621094,0.09580731391906738,518,5,523,117,4376,810,12511
all/randm13.02.02.16.020_0030.03.aba.beta,True,2,11,0.03265953063964844,0.0037055015563964844,0.0007414817810058594,0.03710651397705078,207,2,219,86,1482,555,8714
all/randm13.02.02.16.020_0030.04.aba.beta,True,6,11,0.06641960144042969,0.014209508895874023,0.0009477138519287109,0.08157682418823242,309,5,343,123,2483,678,10378
all/randm13.02.02.16.020_0030.05.aba.beta,True,8,11,0.11728930473327637,0.02516961097717285,0.0012221336364746094,0.14368104934692383,357,7,380,144,2958,868,13421
all/randm13.02.02.17.020_0030.01.aba.beta,True,4,9,0.03825497627258301,0.008799314498901367,0.0009336471557617188,0.047987937927246094,205,4,210,80,1382,589,9132
all/randm13.02.02.17.020_0030.02.aba.beta,True,7,9,0.08182978630065918,0.009468317031860352,0.0008678436279296875,0.09216594696044922,382,5,405,119,4145,656,10064
all/randm13.02.02.17.020_0030.03.aba.beta,True,7,9,0.07330083847045898,0.011282205581665039,0.0008542537689208984,0.08543729782104492,505,5,523,116,5433,664,10152
all/randm13.02.02.17.020_0030.04.aba.beta,True,5,9,0.04022932052612305,0.016233205795288086,0.0013725757598876953,0.05783510208129883,223,4,224,88,1650,675,10459
all/randm13.02.02.17.020_0030.05.aba.beta,True,8,9,0.05125761032104492,0.011588335037231445,0.0007722377777099609,0.06361818313598633,303,6,306,98,2290,628,9504
all/randm13.02.02.18.020_0030.01.aba.beta,True,6,10,0.10281610488891602,0.016118288040161133,0.0009944438934326172,0.11992883682250977,358,4,367,153,3057,754,11842
all/randm13.02.02.18.020_0030.02.aba.beta,True,5,10,0.057589054107666016,0.016027450561523438,0.0013675689697265625,0.07498407363891602,220,4,226,104,1605,641,9999
all/randm13.02.02.18.020_0030.03.aba.beta,True,9,10,0.13457465171813965,0.024133682250976562,0.0016896724700927734,0.16039800643920898,263,8,266,155,2305,1285,19763
all/randm13.02.02.18.020_0030.04.aba.beta,True,11,10,0.15853619575500488,0.027781248092651367,0.002763986587524414,0.18908143043518066,357,9,372,153,3584,1837,29246
all/randm13.02.02.18.020_0030.05.aba.beta,True,13,10,0.13913464546203613,0.03185844421386719,0.0021445751190185547,0.17313766479492188,282,12,286,119,2683,1286,19587
all/randm13.02.02.19.020_0030.01.aba.beta,True,12,12,0.3652763366699219,0.0526125431060791,0.0013554096221923828,0.41924428939819336,976,9,1011,192,12253,931,14181
all/randm13.02.02.19.020_0030.02.aba.beta,True,12,12,0.21364116668701172,0.0308687686920166,0.0015044212341308594,0.24601435661315918,478,10,486,124,6693,994,15011
all/randm13.02.02.19.020_0030.03.aba.beta,True,15,12,0.3624081611633301,0.05613064765930176,0.0016448497772216797,0.4201836585998535,1287,12,1305,204,15331,1195,18037
all/randm13.02.02.19.020_0030.04.aba.beta,True,10,12,0.16409778594970703,0.02557849884033203,0.0009839534759521484,0.1906602382659912,660,6,680,131,6282,734,11371
all/randm13.02.02.19.020_0030.05.aba.beta,True,16,12,0.3196392059326172,0.0592348575592041,0.0025103092193603516,0.38138437271118164,775,14,780,168,11660,1500,22727
all/randm14.02.02.01.020_0030.01.aba.beta,True,1,3,0.0009317398071289062,0.00032711029052734375,0.000957489013671875,0.002216339111328125,39,1,39,29,146,535,8574
all/randm14.02.02.01.020_0030.02.aba.beta,True,1,3,0.0013854503631591797,0.0003631114959716797,0.0007281303405761719,0.0024766921997070312,39,1,39,25,146,532,8565
all/randm14.02.02.01.020_0030.03.aba.beta,True,1,3,0.0008952617645263672,0.0003204345703125,0.0006842613220214844,0.0018999576568603516,39,1,39,28,146,532,8568
all/randm14.02.02.01.020_0030.04.aba.beta,True,1,3,0.0013821125030517578,0.0005207061767578125,0.001188516616821289,0.0030913352966308594,39,1,39,26,146,528,8550
all/randm14.02.02.01.020_0030.05.aba.beta,True,1,3,0.0008380413055419922,0.0003008842468261719,0.0006914138793945312,0.0018303394317626953,39,1,39,25,146,529,8529
all/randm14.02.02.02.020_0030.01.aba.beta,True,13,9,0.12576794624328613,0.022429227828979492,0.0017371177673339844,0.1499342918395996,424,12,425,132,6488,1180,17938
all/randm14.02.02.02.020_0030.02.aba.beta,True,5,9,0.0544278621673584,0.006825923919677734,0.0010571479797363281,0.06231093406677246,384,2,405,90,3565,544,8614
all/randm14.02.02.02.020_0030.03.aba.beta,True,5,9,0.030189037322998047,0.006735801696777344,0.0009949207305908203,0.03791975975036621,201,5,210,85,1685,776,11973
all/randm14.02.02.02.020_0030.04.aba.beta,True,10,9,0.05481576919555664,0.010069847106933594,0.0010399818420410156,0.06592559814453125,293,10,326,121,4795,838,12446
all/randm14.02.02.02.020_0030.05.aba.beta,True,7,9,0.07503986358642578,0.008847475051879883,0.0008409023284912109,0.08472824096679688,545,4,558,89,5527,577,8918
all/randm14.02.02.03.020_0030.01.aba.beta,True,11,12,0.18532943725585938,0.05580401420593262,0.0015072822570800781,0.24264073371887207,955,8,955,130,13994,1055,16212
all/randm14.02.02.03.020_0030.02.aba.beta,True,8,12,0.13419222831726074,0.020772218704223633,0.0008161067962646484,0.15578055381774902,489,5,489,104,3859,605,9212
all/randm14.02.02.03.020_0030.03.aba.beta,True,13,12,0.32255983352661133,0.06432342529296875,0.002529621124267578,0.38941287994384766,870,10,881,185,13604,1523,23482
all/randm14.02.02.03.020_0030.04.aba.beta,True,11,12,0.1773359775543213,0.05321335792541504,0.0016918182373046875,0.23224115371704102,502,9,506,156,4345,1311,20621
all/randm14.02.02.03.020_0030.05.aba.beta,True,10,12,0.21220731735229492,0.0386662483215332,0.0015819072723388672,0.252455472946167,628,7,657,176,5736,974,15047
all/randm14.02.02.04.020_0030.01.aba.beta,True,12,12,0.14319086074829102,0.032956600189208984,0.00170135498046875,0.17784881591796875,511,10,511,118,4243,1043,15804
all/randm14.02.02.04.020_0030.02.aba.beta,True,11,12,0.31383752822875977,0.05181145668029785,0.0014758110046386719,0.3671247959136963,1131,8,1139,192,15589,1167,17955
all/randm14.02.02.04.020_0030.03.aba.beta,True,10,12,0.16346263885498047,0.03112959861755371,0.0011491775512695312,0.1957414150238037,455,8,475,140,4496,852,12984
all/randm14.02.02.04.020_0030.04.aba.beta,True,8,12,0.14284706115722656,0.02307748794555664,0.0018336772918701172,0.16775822639465332,522,6,535,151,6455,1204,18807
all/randm14.02.02.04.020_0030.05.aba.beta,True,12,12,0.41702938079833984,0.041991472244262695,0.0014896392822265625,0.4605104923248291,1385,6,1405,185,19347,912,14239
all/randm14.02.02.05.020_0030.01.aba.beta,True,10,12,0.2826249599456787,0.026967525482177734,0.0012633800506591797,0.3108558654785156,853,6,860,148,10674,876,13873
all/randm14.02.02.05.020_0030.02.aba.beta,True,15,12,0.40688514709472656,0.07201862335205078,0.0022683143615722656,0.4811720848083496,1142,11,1162,206,14988,1633,25318
all/randm14.02.02.05.020_0030.03.aba.beta,True,16,12,0.28780102729797363,0.05849337577819824,0.0014452934265136719,0.34773969650268555,921,12,944,174,13808,1022,15347
all/randm14.02.02.05.020_0030.04.aba.beta,True,10,12,0.14720487594604492,0.0344541072845459,0.001219034194946289,0.1828780174255371,502,7,521,133,4496,815,12465
all/randm14.02.02.05.020_0030.05.aba.beta,True,17,12,0.2593233585357666,0.05379223823547363,0.002152681350708008,0.31526827812194824,770,12,782,130,9659,1142,17169
all/randm14.02.02.06.020_0030.01.aba.beta,True,19,11,0.5846738815307617,0.11856365203857422,0.006595611572265625,0.7098331451416016,824,15,853,232,11833,3666,58694
all/randm14.02.02.06.020_0030.02.aba.beta,True,21,11,0.5358109474182129,0.1273338794708252,0.0035500526428222656,0.6666948795318604,863,17,873,198,14311,2392,37201
all/randm14.02.02.06.020_0030.03.aba.beta,True,19,11,0.5484573841094971,0.11860895156860352,0.005313873291015625,0.6723802089691162,783,14,801,208,9789,3628,57359
all/randm14.02.02.06.020_0030.04.aba.beta,True,17,11,0.4480860233306885,0.0838325023651123,0.0022535324096679688,0.5341720581054688,2342,11,2347,161,48027,1237,19046
all/randm14.02.02.06.020_0030.05.aba.beta,True,19,11,0.4285144805908203,0.08832049369812012,0.002741098403930664,0.5195760726928711,1253,13,1253,154,16548,1386,20757
all/randm14.02.02.07.020_0030.01.aba.beta,True,16,12,0.35156893730163574,0.0789189338684082,0.0018007755279541016,0.43228864669799805,650,13,661,172,10918,1377,21113
all/randm14.02.02.07.020_0030.02.aba.beta,True,12,12,0.19478821754455566,0.0557858943939209,0.001819610595703125,0.2523937225341797,539,8,544,145,5233,1146,17894
all/randm14.02.02.07.020_0030.03.aba.beta,True,10,12,0.12493109703063965,0.027822494506835938,0.000797271728515625,0.1535508632659912,580,6,596,124,5879,623,9540
all/randm14.02.02.07.020_0030.04.aba.beta,True,30,12,1.0763680934906006,0.4442737102508545,0.005128622055053711,1.5257704257965088,1795,25,1795,227,34187,3189,50386
all/randm14.02.02.07.020_0030.05.aba.beta,True,17,12,0.39914536476135254,0.09703588485717773,0.0018100738525390625,0.49799132347106934,1128,12,1128,154,15231,1231,18855
all/randm14.02.02.08.020_0030.01.aba.beta,True,10,10,0.15521645545959473,0.0337224006652832,0.0011754035949707031,0.19011425971984863,435,8,446,138,4995,856,12923
all/randm14.02.02.08.020_0030.02.aba.beta,True,14,10,0.16392302513122559,0.029179811477661133,0.0018191337585449219,0.19492197036743164,385,12,393,125,5511,1306,20118
all/randm14.02.02.08.020_0030.03.aba.beta,True,14,10,0.25290393829345703,0.031144380569458008,0.002798795700073242,0.2868471145629883,410,14,435,195,6059,1916,29702
all/randm14.02.02.08.020_0030.04.aba.beta,True,11,10,0.11923003196716309,0.022962093353271484,0.0012962818145751953,0.14348840713500977,364,10,375,120,4365,1024,15442
all/randm14.02.02.08.020_0030.05.aba.beta,True,10,10,0.12704920768737793,0.025578737258911133,0.0017535686492919922,0.15438151359558105,390,8,394,118,3491,1194,18487
all/randm14.02.02.09.020_0030.01.aba.beta,True,10,12,0.2934103012084961,0.03510093688964844,0.0019922256469726562,0.3305034637451172,1258,6,1328,207,14732,1131,17583
all/randm14.02.02.09.020_0030.02.aba.beta,True,9,12,0.13161730766296387,0.026711702346801758,0.000988006591796875,0.1593170166015625,395,6,414,114,3437,762,11908
all/randm14.02.02.09.020_0030.03.aba.beta,True,10,12,0.22535300254821777,0.0347447395324707,0.001972198486328125,0.2620699405670166,696,6,709,161,9890,1517,23774
all/randm14.02.02.09.020_0030.04.aba.beta,True,11,12,0.2041475772857666,0.0297849178314209,0.002080678939819336,0.23601317405700684,708,8,726,145,9220,1282,19628
all/randm14.02.02.09.020_0030.05.aba.beta,True,9,12,0.22202324867248535,0.03208327293395996,0.0021698474884033203,0.25627636909484863,805,5,821,143,10680,1070,16844
all/randm14.02.02.10.020_0030.01.aba.beta,True,5,5,0.020725011825561523,0.00458216667175293,0.0017368793487548828,0.027044057846069336,128,4,132,60,929,749,11805
all/randm14.02.02.10.020_0030.02.aba.beta,True,6,5,0.03002786636352539,0.006905794143676758,0.0010714530944824219,0.03800511360168457,123,5,123,84,974,744,11419
all/randm14.02.02.10.020_0030.03.aba.beta,True,5,5,0.013104438781738281,0.0029447078704833984,0.0007281303405761719,0.01677727699279785,142,4,149,67,1584,587,9155
all/randm14.02.02.10.020_0030.04.aba.beta,True,5,5,0.023304462432861328,0.003098011016845703,0.0007851123809814453,0.027187585830688477,151,4,151,72,1410,611,9479
all/randm14.02.02.10.020_0030.05.aba.beta,True,5,5,0.03297853469848633,0.004934549331665039,0.0009186267852783203,0.03883171081542969,137,4,137,76,1236,647,10043
all/randm14.02.02.11.020_0030.01.aba.beta,True,12,10,0.16553163528442383,0.019529342651367188,0.001295328140258789,0.1863563060760498,438,10,445,105,7265,948,14339
all/randm14.02.02.11.020_0030.02.aba.beta,True,7,10,0.06680727005004883,0.012157917022705078,0.0015819072723388672,0.08054709434509277,308,6,330,112,2779,881,13887
all/randm14.02.02.11.020_0030.03.aba.beta,True,10,10,0.10781693458557129,0.018486976623535156,0.0013840198516845703,0.12768793106079102,379,8,382,118,3612,1059,16462
all/randm14.02.02.11.020_0030.04.aba.beta,True,15,10,0.21397137641906738,0.04221153259277344,0.002201080322265625,0.25838398933410645,732,12,751,170,9867,1658,25375
all/randm14.02.02.11.020_0030.05.aba.beta,True,7,10,0.07854437828063965,0.010975122451782227,0.0010399818420410156,0.09055948257446289,271,7,295,128,2564,801,12353
all/randm14.02.02.12.020_0030.01.aba.beta,True,11,11,0.2120213508605957,0.03810238838195801,0.001580953598022461,0.25170469284057617,805,7,808,146,10854,848,12660
all/randm14.02.02.12.020_0030.02.aba.beta,True,11,11,0.20975255966186523,0.028667926788330078,0.001786947250366211,0.24020743370056152,625,7,625,138,5437,1139,17770
all/randm14.02.02.12.020_0030.03.aba.beta,True,16,11,0.2737715244293213,0.0625767707824707,0.0023217201232910156,0.338670015335083,595,12,599,168,5780,1221,18344
all/randm14.02.02.12.020_0030.04.aba.beta,True,19,11,0.3150303363800049,0.08546900749206543,0.0017118453979492188,0.40221118927001953,823,15,833,161,10165,1267,18642
all/randm14.02.02.12.020_0030.05.aba.beta,True,13,11,0.1546618938446045,0.03134298324584961,0.0012333393096923828,0.18723821640014648,584,10,584,134,7895,914,14014
all/randm14.02.02.13.020_0030.01.aba.beta,True,17,13,0.6357977390289307,0.09315752983093262,0.0026586055755615234,0.7316138744354248,1602,12,1654,231,20050,1727,27129
all/randm14.02.02.13.020_0030.02.aba.beta,True,19,13,0.4314999580383301,0.07021069526672363,0.001943826675415039,0.5036544799804688,712,15,718,164,8469,1381,20371
all/randm14.02.02.13.020_0030.03.aba.beta,True,17,13,0.3239624500274658,0.06596899032592773,0.0031909942626953125,0.39312243461608887,637,14,665,173,6454,2086,32190
all/randm14.02.02.13.020_0030.04.aba.beta,True,14,13,0.31825971603393555,0.06125903129577637,0.001958608627319336,0.38147735595703125,992,11,992,148,13950,1403,21735
all/randm14.02.02.13.020_0030.05.aba.beta,True,10,13,0.2116374969482422,0.0323033332824707,0.0010936260223388672,0.24503445625305176,456,7,468,116,3817,698,10454
all/randm14.02.02.14.020_0030.01.aba.beta,True,15,11,0.27619457244873047,0.050409793853759766,0.0025446414947509766,0.3291490077972412,790,12,861,204,11350,1518,23381
all/randm14.02.02.14.020_0030.02.aba.beta,True,3,11,0.04973769187927246,0.00655055046081543,0.0007266998291015625,0.05701494216918945,263,3,278,86,2133,555,8712
all/randm14.02.02.14.020_0030.03.aba.beta,True,7,11,0.11129999160766602,0.018163442611694336,0.0011336803436279297,0.13059711456298828,486,6,506,125,5019,727,10991
all/randm14.02.02.14.020_0030.04.aba.beta,True,5,11,0.05451178550720215,0.009896278381347656,0.0011992454528808594,0.06560730934143066,402,5,409,100,4909,698,10723
all/randm14.02.02.14.020_0030.05.aba.beta,True,9,11,0.1035470962524414,0.016636371612548828,0.0011577606201171875,0.12134122848510742,352,9,372,117,3122,818,12445
all/randm14.02.02.15.020_0030.01.aba.beta,True,10,12,0.17362070083618164,0.03578019142150879,0.0010793209075927734,0.2104802131652832,798,6,817,153,8668,789,12321
all/randm14.02.02.15.020_0030.02.aba.beta,True,14,12,0.24293279647827148,0.0826265811920166,0.0019903182983398438,0.32754969596862793,861,11,866,167,8196,1326,20467
all/randm14.02.02.15.020_0030.03.aba.beta,True,19,12,0.4086441993713379,0.13446879386901855,0.002965211868286133,0.5460782051086426,960,16,1012,219,11133,1764,26723
all/randm14.02.02.15.020_0030.04.aba.beta,True,16,12,0.30936312675476074,0.07896089553833008,0.002354145050048828,0.39067816734313965,650,12,652,171,6233,1593,24546
all/randm14.02.02.15.020_0030.05.aba.beta,True,15,12,0.23166871070861816,0.04831981658935547,0.0022728443145751953,0.28226137161254883,590,13,619,185,6097,1455,22276
all/randm14.02.02.16.020_0030.01.aba.beta,True,24,10,0.39808082580566406,0.0782918930053711,0.002444028854370117,0.4788167476654053,633,20,663,211,7615,1795,26983
all/randm14.02.02.16.020_0030.02.aba.beta,True,18,10,0.27620530128479004,0.06340169906616211,0.0030732154846191406,0.3426802158355713,656,14,656,156,10671,2232,34217
all/randm14.02.02.16.020_0030.03.aba.beta,True,16,10,0.30409836769104004,0.05641746520996094,0.002357959747314453,0.36287379264831543,720,11,720,149,14419,1791,27622
all/randm14.02.02.16.020_0030.04.aba.beta,True,19,11,0.341249942779541,0.07565641403198242,0.002579212188720703,0.41948556900024414,739,15,748,176,12010,1969,30167
all/randm14.02.02.16.020_0030.05.aba.beta,True,17,10,0.4074523448944092,0.08680319786071777,0.0037314891815185547,0.4979870319366455,747,14,782,220,13350,2285,35278
all/randm14.02.02.17.020_0030.01.aba.beta,True,16,11,0.3629581928253174,0.05087637901306152,0.0017511844635009766,0.4155857563018799,747,12,753,164,9437,1191,17930
all/randm14.02.02.17.020_0030.02.aba.beta,True,12,11,0.2218310832977295,0.04758739471435547,0.0020055770874023438,0.2714240550994873,795,8,817,168,12725,1396,21754
all/randm14.02.02.17.020_0030.03.aba.beta,True,24,11,0.4867713451385498,0.10254478454589844,0.0023987293243408203,0.5917148590087891,859,18,865,169,16387,1603,24713
all/randm14.02.02.17.020_0030.04.aba.beta,True,16,11,0.22834491729736328,0.04489541053771973,0.0013430118560791016,0.2745833396911621,950,12,950,150,9374,949,13885
all/randm14.02.02.17.020_0030.05.aba.beta,True,11,11,0.25288844108581543,0.03060173988342285,0.0010368824005126953,0.284527063369751,711,7,719,122,8456,772,11569
all/randm14.02.02.18.020_0030.01.aba.beta,True,15,13,0.5027072429656982,0.10388445854187012,0.001722574234008789,0.6083142757415771,1059,10,1062,213,14873,1205,18722
all/randm14.02.02.18.020_0030.02.aba.beta,True,18,13,0.5471343994140625,0.09654021263122559,0.0034704208374023438,0.6471450328826904,1191,13,1195,185,20717,1631,25184
all/randm14.02.02.18.020_0030.03.aba.beta,True,25,13,0.6832594871520996,0.1303102970123291,0.004724025726318359,0.8182938098907471,1159,20,1164,212,20443,2591,39559
all/randm14.02.02.18.020_0030.04.aba.beta,True,12,13,0.44240641593933105,0.07136940956115723,0.001703500747680664,0.515479326248169,1472,9,1479,170,19446,1200,18640
all/randm14.02.02.18.020_0030.05.aba.beta,True,17,13,0.4704704284667969,0.09674692153930664,0.0022323131561279297,0.5694496631622314,799,14,829,202,11600,1578,25132
all/randm14.02.02.19.020_0030.01.aba.beta,True,3,13,0.05174517631530762,0.008735895156860352,0.0007984638214111328,0.0612795352935791,328,2,341,99,2310,629,9937
all/randm14.02.02.19.020_0030.02.aba.beta,True,5,13,0.06644463539123535,0.013290882110595703,0.0007159709930419922,0.08045148849487305,490,2,492,105,3889,553,8712
all/randm14.02.02.19.020_0030.03.aba.beta,True,6,13,0.14949250221252441,0.01720142364501953,0.0010056495666503906,0.16769957542419434,529,4,559,155,4760,761,11713
all/randm14.02.02.19.020_0030.04.aba.beta,True,6,13,0.07428550720214844,0.017574787139892578,0.0009255409240722656,0.09278583526611328,320,5,327,118,2410,723,11275
all/randm14.02.02.19.020_0030.05.aba.beta,True,10,13,0.16662311553955078,0.036565303802490234,0.0009615421295166016,0.20414996147155762,473,8,500,141,4334,706,10485
all/randm15.02.02.01.020_0030.01.aba.beta,True,18,13,0.300062894821167,0.07296562194824219,0.002122640609741211,0.3751511573791504,1082,13,1082,154,11591,1271,18946
all/randm15.02.02.01.020_0030.02.aba.beta,True,21,13,0.4138495922088623,0.10044527053833008,0.003886699676513672,0.518181562423706,612,16,617,170,7239,2326,36136
all/randm15.02.02.01.020_0030.03.aba.beta,True,24,13,1.0390079021453857,0.23991656303405762,0.0037298202514648438,1.2826542854309082,1270,18,1286,236,20218,2148,32409
all/randm15.02.02.01.020_0030.04.aba.beta,True,21,13,0.739938497543335,0.09808897972106934,0.0024862289428710938,0.8405137062072754,1160,15,1186,229,15722,1560,23886
all/randm15.02.02.01.020_0030.05.aba.beta,True,24,13,0.8780865669250488,0.21382546424865723,0.004625082015991211,1.0965371131896973,1720,21,1735,249,29340,3307,51597
all/randm15.02.02.02.020_0030.01.aba.beta,True,13,10,0.2448742389678955,0.0390164852142334,0.0017409324645996094,0.2856316566467285,556,9,616,190,8148,1262,19345
all/randm15.02.02.02.020_0030.02.aba.beta,True,11,10,0.10524821281433105,0.022786855697631836,0.001435995101928711,0.1294710636138916,414,10,449,144,4956,962,14296
all/randm15.02.02.02.020_0030.03.aba.beta,True,16,10,0.3249695301055908,0.05171489715576172,0.0017616748809814453,0.378446102142334,1815,12,1883,208,26641,999,14986
all/randm15.02.02.02.020_0030.04.aba.beta,True,10,10,0.0850684642791748,0.017559051513671875,0.0010831356048583984,0.10371065139770508,357,9,380,112,4018,813,12208
all/randm15.02.02.02.020_0030.05.aba.beta,True,16,10,0.3099944591522217,0.05211162567138672,0.0017118453979492188,0.3638179302215576,784,10,809,180,12532,1231,18766
all/randm15.02.02.03.020_0030.01.aba.beta,True,22,12,0.38608384132385254,0.10417413711547852,0.002728700637817383,0.49298667907714844,684,17,700,178,11071,1811,27644
all/randm15.02.02.03.020_0030.02.aba.beta,True,16,11,0.4163188934326172,0.07353854179382324,0.003506898880004883,0.4933643341064453,849,12,898,228,9711,2623,40793
all/randm15.02.02.03.020_0030.03.aba.beta,True,16,12,0.4427816867828369,0.11165165901184082,0.0015881061553955078,0.5560214519500732,1020,11,1066,196,11802,1070,15925
all/randm15.02.02.03.020_0030.04.aba.beta,True,6,12,0.13743853569030762,0.019469022750854492,0.0012319087982177734,0.15813946723937988,711,2,734,128,6942,575,9101
all/randm15.02.02.03.020_0030.05.aba.beta,True,18,12,0.5317590236663818,0.1083223819732666,0.002978086471557617,0.643059492111206,1398,13,1409,222,23549,2103,32398
all/randm15.02.02.04.020_0030.01.aba.beta,True,9,12,0.17910456657409668,0.03308701515197754,0.0011758804321289062,0.21336746215820312,617,7,621,153,6384,875,13401
all/randm15.02.02.04.020_0030.02.aba.beta,True,20,12,0.35861921310424805,0.10547018051147461,0.002574443817138672,0.46666383743286133,1082,15,1090,159,13878,1702,26296
all/randm15.02.02.04.020_0030.03.aba.beta,True,15,12,0.2579929828643799,0.05060076713562012,0.0014965534210205078,0.3100903034210205,611,11,655,166,6887,1059,15860
all/randm15.02.02.04.020_0030.04.aba.beta,True,18,12,0.5539567470550537,0.08232355117797852,0.003372669219970703,0.6396529674530029,754,14,805,263,12155,2061,32259
all/randm15.02.02.04.020_0030.05.aba.beta,True,19,12,0.43921828269958496,0.09552907943725586,0.002238750457763672,0.5369861125946045,1235,15,1245,175,19158,1348,20481
all/randm15.02.02.05.020_0030.01.aba.beta,True,12,11,0.22228527069091797,0.03755497932434082,0.002159595489501953,0.26199984550476074,416,11,418,177,4637,1540,24498
all/randm15.02.02.05.020_0030.02.aba.beta,True,10,11,0.1313927173614502,0.0228269100189209,0.001649618148803711,0.1558692455291748,481,7,487,111,4049,855,13142
all/randm15.02.02.05.020_0030.03.aba.beta,True,8,11,0.09748363494873047,0.017054080963134766,0.0008769035339355469,0.11541461944580078,731,5,734,111,6847,615,9345
all/randm15.02.02.05.020_0030.04.aba.beta,True,10,11,0.16571640968322754,0.027067899703979492,0.0014908313751220703,0.1942751407623291,503,7,538,152,5339,1035,15950
all/randm15.02.02.05.020_0030.05.aba.beta,True,15,11,0.2186119556427002,0.05455303192138672,0.0027549266815185547,0.27591991424560547,508,13,513,149,5694,1686,25878
all/randm15.02.02.06.020_0030.01.aba.beta,True,16,11,0.28961920738220215,0.04555392265319824,0.0018906593322753906,0.3370637893676758,793,11,793,157,9398,1179,17976
all/randm15.02.02.06.020_0030.02.aba.beta,True,19,11,0.4121274948120117,0.0723867416381836,0.002496957778930664,0.487011194229126,1005,15,1005,180,15355,1600,24109
all/randm15.02.02.06.020_0030.03.aba.beta,True,19,11,0.35689282417297363,0.03694415092468262,0.0027866363525390625,0.3966236114501953,653,15,668,173,8978,1946,29658
all/randm15.02.02.06.020_0030.04.aba.beta,True,27,11,0.57724928855896,0.11761808395385742,0.0040819644927978516,0.6989493370056152,953,22,953,191,18049,2449,37463
all/randm15.02.02.06.020_0030.05.aba.beta,True,23,11,0.40231990814208984,0.11959695816040039,0.003704547882080078,0.5256214141845703,725,18,725,171,12425,2558,38718
all/randm15.02.02.07.020_0030.01.aba.beta,True,14,13,0.2700786590576172,0.04991579055786133,0.0021772384643554688,0.322171688079834,703,11,754,222,9583,1543,23710
all/randm15.02.02.07.020_0030.02.aba.beta,True,15,13,0.2489180564880371,0.061305999755859375,0.0025048255920410156,0.3127288818359375,478,13,502,184,4941,1407,21553
all/randm15.02.02.07.020_0030.03.aba.beta,True,14,13,0.2805049419403076,0.04816770553588867,0.0032091140747070312,0.3318817615509033,654,12,687,214,8620,2456,38808
all/randm15.02.02.07.020_0030.04.aba.beta,True,11,13,0.17580747604370117,0.049132585525512695,0.002996683120727539,0.2279367446899414,1157,7,1161,143,10608,1640,25561
all/randm15.02.02.07.020_0030.05.aba.beta,True,10,13,0.18851828575134277,0.02756810188293457,0.0020799636840820312,0.21816635131835938,364,10,410,185,3439,1348,20472
all/randm15.02.02.08.020_0030.01.aba.beta,True,13,11,0.1722579002380371,0.03107929229736328,0.0013644695281982422,0.20470166206359863,431,11,472,155,3996,1036,15259
all/randm15.02.02.08.020_0030.02.aba.beta,True,15,11,0.3639702796936035,0.05427837371826172,0.0019757747650146484,0.4202244281768799,665,11,683,180,6973,1429,21750
all/randm15.02.02.08.020_0030.03.aba.beta,True,17,11,0.3998129367828369,0.0630650520324707,0.0018305778503417969,0.4647085666656494,766,12,804,179,10645,1241,18638
all/randm15.02.02.08.020_0030.04.aba.beta,True,12,11,0.1848750114440918,0.025372743606567383,0.0013821125030517578,0.21162986755371094,534,10,584,179,6145,1084,16106
all/randm15.02.02.08.020_0030.05.aba.beta,True,11,11,0.24539566040039062,0.04588794708251953,0.0020716190338134766,0.29335522651672363,433,9,454,193,4145,1530,24173
all/randm15.02.02.09.020_0030.01.aba.beta,True,24,11,1.1318399906158447,0.9870157241821289,0.003568887710571289,2.122424602508545,2326,18,2326,204,46712,2238,34232
all/randm15.02.02.09.020_0030.02.aba.beta,True,20,11,0.868194580078125,0.4427671432495117,0.002335071563720703,1.3132967948913574,3302,13,3309,202,48353,990,14848
all/randm15.02.02.09.020_0030.03.aba.beta,True,22,11,0.9997375011444092,1.1095116138458252,0.001983165740966797,2.111232280731201,3467,15,3467,191,53415,1262,19389
all/randm15.02.02.09.020_0030.04.aba.beta,True,32,11,1.2852709293365479,0.7525568008422852,0.0049932003021240234,2.042820930480957,1785,25,1785,249,34791,3029,45971
all/randm15.02.02.09.020_0030.05.aba.beta,True,27,11,1.406235694885254,13.677404880523682,0.004041910171508789,15.087682485580444,2201,22,2201,216,46717,2736,41726
all/randm15.02.02.10.020_0030.01.aba.beta,True,1,4,0.001117706298828125,0.00036716461181640625,0.0007081031799316406,0.002192974090576172,41,1,41,26,168,540,8607
all/randm15.02.02.10.020_0030.02.aba.beta,True,1,4,0.0018265247344970703,0.00037026405334472656,0.0007724761962890625,0.0029692649841308594,52,1,52,28,248,536,8598
all/randm15.02.02.10.020_0030.03.aba.beta,True,1,4,0.0013172626495361328,0.0003914833068847656,0.0006651878356933594,0.002373933792114258,41,1,41,26,167,538,8606
all/randm15.02.02.10.020_0030.04.aba.beta,True,1,4,0.0016410350799560547,0.0003612041473388672,0.0006883144378662109,0.002690553665161133,49,1,49,26,224,534,8587
all/randm15.02.02.10.020_0030.05.aba.beta,True,1,4,0.001859903335571289,0.0005550384521484375,0.0006625652313232422,0.0030775070190429688,46,1,46,25,205,530,8547
all/randm15.02.02.11.020_0030.01.aba.beta,True,10,12,0.14726901054382324,0.029858827590942383,0.0011682510375976562,0.17829608917236328,345,8,354,140,3093,922,14013
all/randm15.02.02.11.020_0030.02.aba.beta,True,9,12,0.18489646911621094,0.029011249542236328,0.0010590553283691406,0.2149667739868164,756,5,764,143,6498,776,11912
all/randm15.02.02.11.020_0030.03.aba.beta,True,13,12,0.2592806816101074,0.07396650314331055,0.001806020736694336,0.3350532054901123,616,10,624,184,5625,1136,17446
all/randm15.02.02.11.020_0030.04.aba.beta,True,15,12,0.46246790885925293,0.24522614479064941,0.0013248920440673828,0.7090189456939697,1528,10,1528,152,19213,1000,15195
all/randm15.02.02.11.020_0030.05.aba.beta,True,15,12,0.3175239562988281,0.07008600234985352,0.0017361640930175781,0.3893461227416992,584,12,627,198,6175,1236,18466
all/randm15.02.02.12.020_0030.01.aba.beta,True,18,14,0.47219181060791016,0.09577393531799316,0.0018925666809082031,0.5698583126068115,767,13,767,169,7123,1390,20771
all/randm15.02.02.12.020_0030.02.aba.beta,True,22,14,0.8839905261993408,0.26808905601501465,0.0026230812072753906,1.1547026634216309,2579,14,2584,186,42735,1300,19804
all/randm15.02.02.12.020_0030.03.aba.beta,True,10,14,0.16607260704040527,0.03724861145019531,0.0011768341064453125,0.2044980525970459,559,7,563,142,4810,804,12139
all/randm15.02.02.12.020_0030.04.aba.beta,True,10,14,0.2950747013092041,0.05830264091491699,0.0013973712921142578,0.35477471351623535,1328,4,1338,151,14225,650,10084
all/randm15.02.02.12.020_0030.05.aba.beta,True,15,14,0.2840428352355957,0.09765625,0.0015976428985595703,0.3832967281341553,899,10,903,149,9574,855,12633
all/randm15.02.02.13.020_0030.01.aba.beta,True,31,10,1.1171526908874512,5.022746801376343,0.006562471389770508,6.1464619636535645,1210,25,1210,238,20900,3794,59303
all/randm15.02.02.13.020_0030.02.aba.beta,True,28,10,1.2903449535369873,0.9413354396820068,0.0060536861419677734,2.237734079360962,2251,22,2258,281,44407,3765,58593
all/randm15.02.02.13.020_0030.03.aba.beta,True,31,10,1.582916021347046,3.41922664642334,0.005566120147705078,5.007708787918091,2258,24,2258,271,41745,3744,57903
all/randm15.02.02.13.020_0030.04.aba.beta,True,24,10,1.028073787689209,0.6286003589630127,0.004822254180908203,1.6614964008331299,1237,18,1255,259,23498,3399,53664
all/randm15.02.02.13.020_0030.05.aba.beta,True,28,10,2.8068654537200928,10.228336095809937,0.006940126419067383,13.042141675949097,3528,21,3528,283,85399,4037,62736
all/randm15.02.02.14.020_0030.01.aba.beta,True,6,12,0.08165144920349121,0.01486063003540039,0.00170135498046875,0.09821343421936035,308,6,341,136,2353,1171,18154
all/randm15.02.02.14.020_0030.02.aba.beta,True,8,12,0.11994600296020508,0.02758955955505371,0.0009167194366455078,0.1484522819519043,386,6,411,132,3017,709,10921
all/randm15.02.02.14.020_0030.03.aba.beta,True,9,12,0.12856173515319824,0.022672653198242188,0.0011534690856933594,0.1523878574371338,417,7,432,114,3302,857,12921
all/randm15.02.02.14.020_0030.04.aba.beta,True,12,12,0.23294663429260254,0.04263663291931152,0.0032689571380615234,0.2788522243499756,562,10,664,220,6634,2068,32505
all/randm15.02.02.14.020_0030.05.aba.beta,True,4,12,0.09373092651367188,0.015478849411010742,0.0013206005096435547,0.11053037643432617,599,2,626,146,5189,565,8838
all/randm15.02.02.15.020_0030.01.aba.beta,True,11,11,0.25031542778015137,0.04124808311462402,0.0019526481628417969,0.2935161590576172,863,8,912,199,13874,1236,19012
all/randm15.02.02.15.020_0030.02.aba.beta,True,11,11,0.1676347255706787,0.024779796600341797,0.001714944839477539,0.19412946701049805,516,9,526,128,5058,1170,18172
all/randm15.02.02.15.020_0030.03.aba.beta,True,11,11,0.19414997100830078,0.026515722274780273,0.0011813640594482422,0.2218470573425293,580,8,580,97,6191,804,12088
all/randm15.02.02.15.020_0030.04.aba.beta,True,9,11,0.12296772003173828,0.02136850357055664,0.0012145042419433594,0.14555072784423828,501,6,516,101,5602,812,12524
all/randm15.02.02.15.020_0030.05.aba.beta,True,11,11,0.23502612113952637,0.032079458236694336,0.002199888229370117,0.2693054676055908,578,9,597,171,7939,1598,25031
all/randm15.02.02.16.020_0030.01.aba.beta,True,16,14,0.4385385513305664,0.07620596885681152,0.002729177474975586,0.5174736976623535,743,13,769,207,11797,1869,29472
all/randm15.02.02.16.020_0030.02.aba.beta,True,14,14,0.338547945022583,0.09159493446350098,0.002658367156982422,0.4328012466430664,973,11,990,186,10611,1975,30900
all/randm15.02.02.16.020_0030.03.aba.beta,True,19,14,0.6373069286346436,0.12176942825317383,0.0044748783111572266,0.7635512351989746,1185,13,1221,213,18282,2859,45103
all/randm15.02.02.16.020_0030.04.aba.beta,True,20,14,0.42125630378723145,0.08877182006835938,0.002949237823486328,0.5129773616790771,781,17,814,181,11109,1959,30276
all/randm15.02.02.16.020_0030.05.aba.beta,True,13,14,0.24747085571289062,0.06490397453308105,0.002032756805419922,0.3144075870513916,711,9,730,133,6431,1386,21591
all/randm15.02.02.17.020_0030.01.aba.beta,True,5,7,0.014023780822753906,0.003981828689575195,0.0008947849273681641,0.018900394439697266,173,4,175,64,1162,640,10092
all/randm15.02.02.17.020_0030.02.aba.beta,True,4,7,0.028517484664916992,0.004696369171142578,0.0009608268737792969,0.03417468070983887,212,3,215,105,1727,753,11879
all/randm15.02.02.17.020_0030.03.aba.beta,True,3,7,0.012975454330444336,0.0028395652770996094,0.0007066726684570312,0.016521692276000977,148,2,150,60,882,566,9050
all/randm15.02.02.17.020_0030.04.aba.beta,True,6,7,0.03117203712463379,0.006413698196411133,0.0008890628814697266,0.03847479820251465,209,5,215,87,2269,720,11048
all/randm15.02.02.17.020_0030.05.aba.beta,True,4,7,0.020497798919677734,0.0051958560943603516,0.0007889270782470703,0.026482582092285156,181,3,185,72,1297,614,9704
all/randm15.02.02.18.020_0030.01.aba.beta,True,22,13,0.8470752239227295,0.19196724891662598,0.002629518508911133,1.0416719913482666,1658,15,1695,231,25210,1690,25607
all/randm15.02.02.18.020_0030.02.aba.beta,True,26,13,1.0286860466003418,0.36830878257751465,0.003664731979370117,1.4006595611572266,1561,19,1572,231,20965,2622,40299
all/randm15.02.02.18.020_0030.03.aba.beta,True,34,13,1.482470989227295,0.5331714153289795,0.007668018341064453,2.023310422897339,1861,29,1904,297,28843,4833,74859
all/randm15.02.02.18.020_0030.04.aba.beta,True,15,13,0.3944387435913086,0.060279130935668945,0.001291036605834961,0.4560089111328125,1023,9,1027,155,13587,946,14184
all/randm15.02.02.18.020_0030.05.aba.beta,True,29,13,1.1613025665283203,0.4636552333831787,0.004111289978027344,1.6290690898895264,2429,21,2444,253,38957,2522,39079
all/randm15.02.02.19.020_0030.01.aba.beta,True,19,15,0.4705491065979004,0.09772896766662598,0.0020902156829833984,0.5703682899475098,1003,14,1004,200,16286,1504,22418
all/randm15.02.02.19.020_0030.02.aba.beta,True,16,13,0.3942997455596924,0.09274792671203613,0.002196788787841797,0.4892444610595703,705,13,706,158,7871,1470,22401
all/randm15.02.02.19.020_0030.03.aba.beta,True,14,13,0.4052450656890869,0.09313058853149414,0.002541780471801758,0.5009174346923828,929,11,973,225,10947,1795,27640
all/randm15.02.02.19.020_0030.04.aba.beta,True,14,15,0.40630054473876953,0.0960855484008789,0.002633333206176758,0.5050194263458252,952,12,1001,232,11743,1854,28919
all/randm15.02.02.19.020_0030.05.aba.beta,True,11,13,0.30089378356933594,0.047538042068481445,0.0016217231750488281,0.3500535488128662,630,8,666,193,7405,1191,18715
all/randm16.02.02.01.020_0030.01.aba.beta,True,29,12,1.0560264587402344,0.21849751472473145,0.006078958511352539,1.2806029319763184,1592,23,1599,242,30527,3798,58006
all/randm16.02.02.01.020_0030.02.aba.beta,True,23,12,0.6982896327972412,0.27801012992858887,0.004029035568237305,0.9803287982940674,1268,17,1287,250,23193,2836,44744
all/randm16.02.02.01.020_0030.03.aba.beta,True,25,11,0.5615739822387695,0.20684432983398438,0.003390789031982422,0.7718091011047363,1223,22,1223,213,21571,2433,38149
all/randm16.02.02.01.020_0030.04.aba.beta,True,31,12,1.128460168838501,0.5318794250488281,0.007953643798828125,1.6682932376861572,1438,25,1443,257,26811,5720,90594
all/randm16.02.02.01.020_0030.05.aba.beta,True,24,12,1.0451629161834717,0.2718086242675781,0.003861665725708008,1.3208332061767578,2263,18,2285,260,35545,2786,43104
all/randm16.02.02.02.020_0030.01.aba.beta,True,28,15,0.652991771697998,0.14984416961669922,0.003218412399291992,0.8060543537139893,1134,22,1162,197,17552,2195,33472
all/randm16.02.02.02.020_0030.02.aba.beta,True,29,15,1.1856026649475098,0.6567649841308594,0.004488706588745117,1.8468563556671143,2103,23,2123,259,37404,2806,43274
all/randm16.02.02.02.020_0030.03.aba.beta,True,37,15,2.6349422931671143,0.7961454391479492,0.006473541259765625,3.437561273574829,3488,30,3488,276,69869,4429,68017
all/randm16.02.02.02.020_0030.04.aba.beta,True,26,15,0.6236159801483154,0.1391770839691162,0.002956867218017578,0.7657499313354492,1344,20,1368,198,22546,2146,32378
all/randm16.02.02.02.020_0030.05.aba.beta,True,25,15,1.5621740818023682,0.3996620178222656,0.003915309906005859,1.9657514095306396,2354,18,2367,227,46789,2864,44052
all/randm16.02.02.03.020_0030.01.aba.beta,True,6,11,0.06354951858520508,0.015549182891845703,0.0012698173522949219,0.0803685188293457,284,5,285,115,2170,1006,15795
all/randm16.02.02.03.020_0030.02.aba.beta,True,16,11,0.2548811435699463,0.07676100730895996,0.0021729469299316406,0.3338150978088379,829,12,829,142,10502,1178,18050
all/randm16.02.02.03.020_0030.03.aba.beta,True,9,11,0.251589298248291,0.03270435333251953,0.0011022090911865234,0.28539586067199707,1211,6,1217,167,15903,805,12382
all/randm16.02.02.03.020_0030.04.aba.beta,True,6,11,0.10061049461364746,0.012261390686035156,0.002072572708129883,0.1149444580078125,383,5,392,131,3189,1233,19094
all/randm16.02.02.03.020_0030.05.aba.beta,True,8,11,0.14600563049316406,0.026134729385375977,0.0011212825775146484,0.1732616424560547,1122,5,1132,147,11167,846,13270
all/randm16.02.02.04.020_0030.01.aba.beta,True,7,13,0.10690975189208984,0.022902488708496094,0.000934600830078125,0.13074684143066406,451,6,478,141,3736,684,10510
all/randm16.02.02.04.020_0030.02.aba.beta,True,20,13,0.40531492233276367,0.09893035888671875,0.0043277740478515625,0.508573055267334,843,18,886,253,10303,3124,49310
all/randm16.02.02.04.020_0030.03.aba.beta,True,9,13,0.24782586097717285,0.03945159912109375,0.0010738372802734375,0.28835129737854004,1126,5,1131,157,10402,704,10740
all/randm16.02.02.04.020_0030.04.aba.beta,True,10,13,0.15191173553466797,0.03175950050354004,0.0016520023345947266,0.18532323837280273,552,7,578,139,4849,947,14606
all/randm16.02.02.04.020_0030.05.aba.beta,True,14,13,0.3394896984100342,0.0538942813873291,0.0026412010192871094,0.3960251808166504,882,10,894,146,10457,1693,26480
all/randm16.02.02.05.020_0030.01.aba.beta,True,26,13,0.6212518215179443,0.17442870140075684,0.0038826465606689453,0.7995631694793701,918,22,922,199,14943,2830,44554
all/randm16.02.02.05.020_0030.02.aba.beta,True,25,13,0.5118999481201172,0.16852688789367676,0.003988742828369141,0.6844155788421631,788,22,788,167,11337,2596,40591
all/randm16.02.02.05.020_0030.03.aba.beta,True,25,13,0.6780884265899658,0.13932204246520996,0.004107236862182617,0.8215177059173584,1219,21,1231,233,15622,3064,47021
all/randm16.02.02.05.020_0030.04.aba.beta,True,21,13,0.3520815372467041,0.08875036239624023,0.002492666244506836,0.44332456588745117,667,17,683,176,7222,1773,26914
all/randm16.02.02.05.020_0030.05.aba.beta,True,20,13,0.5218062400817871,0.08629465103149414,0.003483295440673828,0.6115841865539551,841,15,898,234,9819,2181,33853
all/randm16.02.02.06.020_0030.01.aba.beta,True,7,12,0.13512802124023438,0.02477741241455078,0.0009784698486328125,0.16088390350341797,495,4,518,133,6134,681,10629
all/randm16.02.02.06.020_0030.02.aba.beta,True,12,12,0.18328571319580078,0.035440683364868164,0.0010137557983398438,0.2197401523590088,684,8,689,110,6521,684,10313
all/randm16.02.02.06.020_0030.03.aba.beta,True,14,12,0.4114854335784912,0.05862617492675781,0.0014166831970214844,0.4715282917022705,1186,8,1213,169,17502,1061,16627
all/randm16.02.02.06.020_0030.04.aba.beta,True,9,12,0.11682868003845215,0.027170896530151367,0.0019314289093017578,0.14593100547790527,315,8,331,140,2567,902,13677
all/randm16.02.02.06.020_0030.05.aba.beta,True,7,12,0.12206387519836426,0.024309873580932617,0.001407623291015625,0.1477813720703125,479,5,497,127,5332,763,11846
all/randm16.02.02.07.020_0030.01.aba.beta,True,18,11,0.34749746322631836,0.05055952072143555,0.002941608428955078,0.400998592376709,598,14,601,163,7752,2014,30765
all/randm16.02.02.07.020_0030.02.aba.beta,True,7,10,0.15134334564208984,0.012984752655029297,0.0016179084777832031,0.16594600677490234,628,5,630,145,7674,1064,16461
all/randm16.02.02.07.020_0030.03.aba.beta,True,16,11,0.31665492057800293,0.05463767051696777,0.0020961761474609375,0.37338876724243164,601,13,611,188,9849,1535,23499
all/randm16.02.02.07.020_0030.04.aba.beta,True,11,10,0.1044607162475586,0.015956401824951172,0.002221345901489258,0.12263846397399902,460,11,487,132,6239,1538,24195
all/randm16.02.02.07.020_0030.05.aba.beta,True,13,11,0.2825303077697754,0.05201554298400879,0.0036056041717529297,0.3381514549255371,782,10,782,165,9228,1993,31299
all/randm16.02.02.08.020_0030.01.aba.beta,True,12,14,0.2861297130584717,0.0878443717956543,0.0016407966613769531,0.37561488151550293,1060,9,1064,179,11178,1071,16406
all/randm16.02.02.08.020_0030.02.aba.beta,True,15,14,0.3122131824493408,0.06618070602416992,0.0017080307006835938,0.38010191917419434,831,12,857,170,11861,1037,15120
all/randm16.02.02.08.020_0030.03.aba.beta,True,21,14,0.7175793647766113,0.17868328094482422,0.0033195018768310547,0.8995821475982666,1387,15,1400,196,18812,2077,31717
all/randm16.02.02.08.020_0030.04.aba.beta,True,16,14,0.6063706874847412,0.1016242504119873,0.003599405288696289,0.7115943431854248,1642,11,1660,215,23383,1975,30260
all/randm16.02.02.08.020_0030.05.aba.beta,True,24,14,0.6473426818847656,0.7247545719146729,0.002705812454223633,1.374803066253662,1740,19,1745,216,17511,1870,27891
all/randm16.02.02.09.020_0030.01.aba.beta,True,18,12,0.35853004455566406,0.08628726005554199,0.0014057159423828125,0.44622302055358887,1223,15,1223,171,13495,1100,16152
all/randm16.02.02.09.020_0030.02.aba.beta,True,9,12,0.12224984169006348,0.02348494529724121,0.0009932518005371094,0.1467280387878418,409,6,426,119,3319,740,11195
all/randm16.02.02.09.020_0030.03.aba.beta,True,8,12,0.10776948928833008,0.02082657814025879,0.0013413429260253906,0.12993741035461426,354,7,362,130,3220,814,12327
all/randm16.02.02.09.020_0030.04.aba.beta,True,10,12,0.16349220275878906,0.02526688575744629,0.001996278762817383,0.19075536727905273,488,8,541,163,6072,1056,16033
all/randm16.02.02.09.020_0030.05.aba.beta,True,11,12,0.13957524299621582,0.031397104263305664,0.0016167163848876953,0.17258906364440918,311,11,332,142,2668,1057,15829
all/randm16.02.02.10.020_0030.01.aba.beta,True,11,9,0.10670614242553711,0.0259397029876709,0.0016684532165527344,0.13431429862976074,319,9,326,116,2595,1213,18618
all/randm16.02.02.10.020_0030.02.aba.beta,True,12,9,0.1540205478668213,0.029822111129760742,0.0026924610137939453,0.18653512001037598,346,9,372,158,3183,1291,19661
all/randm16.02.02.10.020_0030.03.aba.beta,True,16,9,0.24422621726989746,0.04358959197998047,0.001985311508178711,0.28980112075805664,580,12,580,153,7944,1168,17578
all/randm16.02.02.10.020_0030.04.aba.beta,True,9,9,0.08862686157226562,0.020097017288208008,0.0014019012451171875,0.11012578010559082,356,7,356,128,2961,1074,16451
all/randm16.02.02.10.020_0030.05.aba.beta,True,7,9,0.07580947875976562,0.013719320297241211,0.0011143684387207031,0.09064316749572754,422,5,431,110,3326,847,13197
all/randm16.02.02.11.020_0030.01.aba.beta,True,15,13,0.2698659896850586,0.0481867790222168,0.0011818408966064453,0.31923460960388184,836,11,842,136,10601,881,12876
all/randm16.02.02.11.020_0030.02.aba.beta,True,8,13,0.11713719367980957,0.030251502990722656,0.000972747802734375,0.1483614444732666,480,6,488,137,4114,733,11074
all/randm16.02.02.11.020_0030.03.aba.beta,True,12,13,0.22698712348937988,0.05061960220336914,0.0012612342834472656,0.2788679599761963,804,9,819,134,9165,948,14450
all/randm16.02.02.11.020_0030.04.aba.beta,True,17,13,0.5642585754394531,0.0982978343963623,0.0019707679748535156,0.664527177810669,1497,13,1617,281,20882,1418,21503
all/randm16.02.02.11.020_0030.05.aba.beta,True,18,13,0.4372270107269287,0.07041788101196289,0.002096891403198242,0.5097417831420898,1007,14,1023,168,12458,1608,24345
all/randm16.02.02.12.020_0030.01.aba.beta,True,9,14,0.22325730323791504,0.041912078857421875,0.002166271209716797,0.2673356533050537,973,5,1007,173,9427,1500,24123
all/randm16.02.02.12.020_0030.02.aba.beta,True,8,14,0.2010328769683838,0.040245771408081055,0.0017590522766113281,0.24303770065307617,974,5,986,152,9187,1080,16959
all/randm16.02.02.12.020_0030.03.aba.beta,True,5,14,0.11860871315002441,0.018061161041259766,0.0007297992706298828,0.13739967346191406,824,1,827,116,7457,529,8564
all/randm16.02.02.12.020_0030.04.aba.beta,True,10,14,0.2939581871032715,0.04357409477233887,0.0008103847503662109,0.33834266662597656,978,5,997,139,9081,587,8912
all/randm16.02.02.12.020_0030.05.aba.beta,True,12,14,0.21969127655029297,0.044234514236450195,0.001706838607788086,0.26563262939453125,415,11,429,148,3749,1254,19107
all/randm16.02.02.13.020_0030.01.aba.beta,True,5,11,0.08205103874206543,0.010563135147094727,0.0007333755493164062,0.09334754943847656,426,4,440,106,3607,582,8952
all/randm16.02.02.13.020_0030.02.aba.beta,True,10,11,0.16463446617126465,0.027175188064575195,0.002379894256591797,0.19418954849243164,404,9,407,145,3789,1434,22279
all/randm16.02.02.13.020_0030.03.aba.beta,True,13,11,0.13547730445861816,0.030276060104370117,0.0017333030700683594,0.16748666763305664,290,13,292,126,2408,928,13357
all/randm16.02.02.13.020_0030.04.aba.beta,True,5,11,0.07882022857666016,0.01330423355102539,0.0009748935699462891,0.09309935569763184,381,4,399,108,2908,680,10510
all/randm16.02.02.13.020_0030.05.aba.beta,True,6,11,0.0851898193359375,0.011753082275390625,0.0008754730224609375,0.09781837463378906,359,5,362,111,2741,674,10323
all/randm16.02.02.14.020_0030.01.aba.beta,True,2,6,0.00789952278137207,0.001119375228881836,0.0007169246673583984,0.009735822677612305,136,2,136,55,1114,551,8727
all/randm16.02.02.14.020_0030.02.aba.beta,True,6,6,0.023199796676635742,0.0055234432220458984,0.0013222694396972656,0.030045509338378906,200,5,200,74,1446,650,9911
all/randm16.02.02.14.020_0030.03.aba.beta,True,3,6,0.015778303146362305,0.002124309539794922,0.0007255077362060547,0.01862812042236328,217,2,217,69,1554,574,9097
all/randm16.02.02.14.020_0030.04.aba.beta,True,4,6,0.020195960998535156,0.004183769226074219,0.0007939338684082031,0.025173664093017578,201,3,201,65,1731,609,9600
all/randm16.02.02.14.020_0030.05.aba.beta,True,2,6,0.009624719619750977,0.002171039581298828,0.0012562274932861328,0.013051986694335938,105,2,105,54,675,553,8781
all/randm16.02.02.15.020_0030.01.aba.beta,True,23,15,0.740154504776001,0.27750706672668457,0.003108978271484375,1.02077054977417,1406,17,1419,208,19194,1917,28997
all/randm16.02.02.15.020_0030.02.aba.beta,True,10,15,0.4013383388519287,0.179093599319458,0.0013582706451416016,0.5817902088165283,1997,6,1997,169,19933,960,14898
all/randm16.02.02.15.020_0030.03.aba.beta,True,18,15,0.4611482620239258,0.12908482551574707,0.0026717185974121094,0.592904806137085,1016,14,1036,191,10565,1597,24133
all/randm16.02.02.15.020_0030.04.aba.beta,True,22,15,1.245875597000122,0.3597700595855713,0.003261566162109375,1.6089072227478027,3771,16,3777,239,61890,2448,38631
all/randm16.02.02.15.020_0030.05.aba.beta,True,27,15,1.0095252990722656,0.195847749710083,0.003551959991455078,1.2089250087738037,1173,20,1235,241,13363,2375,36602
all/randm16.02.02.16.020_0030.01.aba.beta,True,10,11,0.13715004920959473,0.021135807037353516,0.0018148422241210938,0.16010069847106934,395,10,403,140,5358,1265,19514
all/randm16.02.02.16.020_0030.02.aba.beta,True,11,11,0.26441097259521484,0.03484916687011719,0.0014238357543945312,0.30068397521972656,954,6,967,148,13201,742,11289
all/randm16.02.02.16.020_0030.03.aba.beta,True,10,11,0.08418560028076172,0.019815444946289062,0.0015637874603271484,0.10556483268737793,422,7,440,95,4231,660,10082
all/randm16.02.02.16.020_0030.04.aba.beta,True,12,11,0.23440098762512207,0.02855086326599121,0.0012459754943847656,0.26419782638549805,869,8,896,144,10849,857,12918
all/randm16.02.02.16.020_0030.05.aba.beta,True,5,11,0.08378124237060547,0.00953054428100586,0.0009539127349853516,0.09426569938659668,437,4,457,143,3849,727,11374
all/randm16.02.02.17.020_0030.01.aba.beta,True,11,13,0.36823511123657227,0.042932748794555664,0.0020551681518554688,0.4132230281829834,1032,7,1038,174,15839,1108,17485
all/randm16.02.02.17.020_0030.02.aba.beta,True,15,14,0.456021785736084,0.15749812126159668,0.0015642642974853516,0.615084171295166,2831,11,2834,178,40159,1119,16834
all/randm16.02.02.17.020_0030.03.aba.beta,True,13,14,0.5580897331237793,0.11151885986328125,0.002950429916381836,0.6725590229034424,1516,8,1538,201,18828,1779,27881
all/randm16.02.02.17.020_0030.04.aba.beta,True,16,13,0.4747920036315918,0.07658767700195312,0.0020411014556884766,0.5534207820892334,1227,10,1262,204,14285,1507,23244
all/randm16.02.02.17.020_0030.05.aba.beta,True,17,13,0.4599144458770752,0.08445167541503906,0.001789093017578125,0.5461552143096924,1548,12,1560,182,22971,1248,18899
all/randm16.02.02.18.020_0030.01.aba.beta,True,24,10,0.5889565944671631,0.12720704078674316,0.004350900650024414,0.7205145359039307,925,20,944,213,16718,2648,40452
all/randm16.02.02.18.020_0030.02.aba.beta,True,21,10,0.4321444034576416,0.07891988754272461,0.0018222332000732422,0.5128865242004395,1170,14,1170,172,18953,1363,20439
all/randm16.02.02.18.020_0030.03.aba.beta,True,23,10,0.9963338375091553,0.14347290992736816,0.005440473556518555,1.145247220993042,1428,19,1428,239,26427,3489,53860
all/randm16.02.02.18.020_0030.04.aba.beta,True,14,10,0.22539401054382324,0.05614876747131348,0.0021326541900634766,0.2836754322052002,670,11,680,170,10241,1376,20829
all/randm16.02.02.18.020_0030.05.aba.beta,True,13,10,0.11748671531677246,0.0287625789642334,0.0019927024841308594,0.14824199676513672,754,10,754,130,14000,1365,21129
all/randm16.02.02.19.020_0030.01.aba.beta,True,17,13,0.5260775089263916,0.15237140655517578,0.0033376216888427734,0.6817865371704102,1041,13,1058,232,18121,2016,31536
all/randm16.02.02.19.020_0030.02.aba.beta,True,25,13,0.6719064712524414,0.2055506706237793,0.00444793701171875,0.8819050788879395,881,20,898,232,11667,2831,43993
all/randm16.02.02.19.020_0030.03.aba.beta,True,25,13,0.8975996971130371,0.25145435333251953,0.005658626556396484,1.1547126770019531,801,23,805,299,10024,4111,64009
all/randm16.02.02.19.020_0030.04.aba.beta,True,17,13,0.4280681610107422,0.09886312484741211,0.0021746158599853516,0.5291059017181396,1095,14,1105,181,16563,1529,23512
all/randm16.02.02.19.020_0030.05.aba.beta,True,30,13,1.0914525985717773,0.34969425201416016,0.00442957878112793,1.4455764293670654,1695,25,1727,310,24957,3367,51247
all/randm17.02.02.01.020_0030.01.aba.beta,True,15,14,0.2559964656829834,0.10126352310180664,0.0017485618591308594,0.3590085506439209,965,12,971,147,8563,1026,15139
all/randm17.02.02.01.020_0030.02.aba.beta,True,26,14,1.1226396560668945,0.3524942398071289,0.0044116973876953125,1.4795455932617188,1884,19,1897,230,32197,3202,49286
all/randm17.02.02.01.020_0030.03.aba.beta,True,22,13,0.5138638019561768,0.10887789726257324,0.003092527389526367,0.6258342266082764,984,16,1001,190,14658,1983,30914
all/randm17.02.02.01.020_0030.04.aba.beta,True,22,14,0.9472372531890869,0.15094399452209473,0.00619196891784668,1.1043732166290283,1309,16,1371,272,20729,3488,54523
all/randm17.02.02.01.020_0030.05.aba.beta,True,19,13,0.3420581817626953,0.07515573501586914,0.002579927444458008,0.41979384422302246,798,16,830,171,11317,1698,25633
all/randm17.02.02.02.020_0030.01.aba.beta,True,13,12,0.2436966896057129,0.03699231147766113,0.002160787582397461,0.2828497886657715,591,11,600,173,7295,1508,23424
all/randm17.02.02.02.020_0030.02.aba.beta,True,11,12,0.1730496883392334,0.040418386459350586,0.0011909008026123047,0.2146589756011963,422,9,426,148,3407,879,13002
all/randm17.02.02.02.020_0030.03.aba.beta,True,17,12,0.42987966537475586,0.07914566993713379,0.002978086471557617,0.5120034217834473,1039,12,1039,194,14166,1696,26242
all/randm17.02.02.02.020_0030.04.aba.beta,True,19,12,0.3937394618988037,0.057730913162231445,0.002226591110229492,0.45369696617126465,618,14,627,178,6835,1564,24003
all/randm17.02.02.02.020_0030.05.aba.beta,True,12,12,0.2825441360473633,0.04175448417663574,0.0026726722717285156,0.32697129249572754,797,8,797,170,10003,1518,23675
all/randm17.02.02.03.020_0030.01.aba.beta,True,12,14,0.32529520988464355,0.07126998901367188,0.00270843505859375,0.3992736339569092,1160,7,1229,216,11652,1711,26717
all/randm17.02.02.03.020_0030.02.aba.beta,True,14,14,0.34452390670776367,0.06717848777770996,0.002053976058959961,0.4137563705444336,1189,11,1216,177,12781,1329,20316
all/randm17.02.02.03.020_0030.03.aba.beta,True,9,13,0.1594250202178955,0.02336287498474121,0.0018160343170166016,0.18460392951965332,526,7,542,150,5111,1381,21554
all/randm17.02.02.03.020_0030.04.aba.beta,True,11,13,0.2857351303100586,0.048923492431640625,0.0027103424072265625,0.3373689651489258,779,9,816,207,9495,1433,22072
all/randm17.02.02.03.020_0030.05.aba.beta,True,20,14,0.5642702579498291,0.11343789100646973,0.004168510437011719,0.6818766593933105,1176,16,1216,197,18237,2457,38798
all/randm17.02.02.04.020_0030.01.aba.beta,True,20,16,1.3509564399719238,0.7778041362762451,0.0031015872955322266,2.131862163543701,3757,13,3775,231,65426,1717,27034
all/randm17.02.02.04.020_0030.02.aba.beta,True,29,16,1.2358691692352295,0.4389467239379883,0.0030786991119384766,1.6778945922851562,2048,21,2076,252,32072,2105,31437
all/randm17.02.02.04.020_0030.03.aba.beta,True,23,16,1.294337272644043,0.5031633377075195,0.003124237060546875,1.8006248474121094,3783,16,3851,301,58391,2293,35325
all/randm17.02.02.04.020_0030.04.aba.beta,True,28,16,1.5763843059539795,0.28545355796813965,0.0031652450561523438,1.8650031089782715,2084,19,2159,307,38272,2179,33360
all/randm17.02.02.04.020_0030.05.aba.beta,True,30,16,1.2626454830169678,0.5652868747711182,0.003807544708251953,1.831739902496338,1939,24,2028,325,31040,2582,39265
all/randm17.02.02.05.020_0030.01.aba.beta,True,10,10,0.08002758026123047,0.017480134963989258,0.0013873577117919922,0.09889507293701172,438,8,441,89,4151,1087,16746
all/randm17.02.02.05.020_0030.02.aba.beta,True,9,10,0.07986712455749512,0.015667200088500977,0.001192331314086914,0.09672665596008301,275,8,275,95,2100,817,12246
all/randm17.02.02.05.020_0030.03.aba.beta,True,7,10,0.09231925010681152,0.017563343048095703,0.0012335777282714844,0.11111617088317871,420,5,420,99,4305,695,10649
all/randm17.02.02.05.020_0030.04.aba.beta,True,7,10,0.09177660942077637,0.014796733856201172,0.001979351043701172,0.10855269432067871,430,6,452,152,4324,931,14301
all/randm17.02.02.05.020_0030.05.aba.beta,True,6,10,0.05660247802734375,0.010642766952514648,0.0008399486541748047,0.0680851936340332,326,5,336,88,3060,648,9882
all/randm17.02.02.06.020_0030.01.aba.beta,True,30,14,1.4324076175689697,0.28389668464660645,0.006311178207397461,1.7226154804229736,2030,22,2030,258,36878,3534,55216
all/randm17.02.02.06.020_0030.02.aba.beta,True,23,14,0.8659610748291016,0.12787866592407227,0.0036432743072509766,0.9974830150604248,1803,17,1803,229,27118,2517,39226
all/randm17.02.02.06.020_0030.03.aba.beta,True,28,14,2.537828207015991,1.1893370151519775,0.00545501708984375,3.7326202392578125,3846,22,3846,300,70687,3991,61177
all/randm17.02.02.06.020_0030.04.aba.beta,True,16,13,0.9613528251647949,0.19361352920532227,0.0027501583099365234,1.1577165126800537,2486,10,2510,231,40247,1837,27931
all/randm17.02.02.06.020_0030.05.aba.beta,True,23,13,0.6623773574829102,0.274183988571167,0.0036830902099609375,0.9402444362640381,1639,19,1639,208,20125,2340,35736
all/randm17.02.02.07.020_0030.01.aba.beta,True,21,17,0.8344264030456543,0.24274992942810059,0.002974987030029297,1.0801513195037842,1791,17,1836,248,21237,2073,31784
all/randm17.02.02.07.020_0030.02.aba.beta,True,19,17,0.686417818069458,0.2072608470916748,0.0030710697174072266,0.89674973487854,1552,12,1564,183,25020,1876,28676
all/randm17.02.02.07.020_0030.03.aba.beta,True,17,17,0.9918181896209717,1.4874627590179443,0.002729177474975586,2.4820101261138916,2705,10,2714,204,33143,1552,24128
all/randm17.02.02.07.020_0030.04.aba.beta,True,24,17,1.0563514232635498,0.18645691871643066,0.003918886184692383,1.2467272281646729,1633,18,1870,441,25272,2285,34986
all/randm17.02.02.07.020_0030.05.aba.beta,True,23,17,1.7081403732299805,0.5062892436981201,0.0034754276275634766,2.217905044555664,3580,17,3599,269,46335,2203,33876
all/randm17.02.02.08.020_0030.01.aba.beta,True,14,14,0.30684685707092285,0.07390856742858887,0.0023725032806396484,0.38312792778015137,728,11,736,173,8579,1409,21977
all/randm17.02.02.08.020_0030.02.aba.beta,True,12,14,0.30253100395202637,0.10113525390625,0.0015101432800292969,0.40517640113830566,1328,8,1328,155,12906,1101,17155
all/randm17.02.02.08.020_0030.03.aba.beta,True,12,14,0.28491759300231934,0.05186605453491211,0.0018100738525390625,0.3385937213897705,832,9,860,176,8002,1022,15387
all/randm17.02.02.08.020_0030.04.aba.beta,True,19,14,0.5039515495300293,0.11061239242553711,0.0022170543670654297,0.6167809963226318,1845,13,1850,186,28061,1617,25067
all/randm17.02.02.08.020_0030.05.aba.beta,True,18,14,0.5878305435180664,0.16097426414489746,0.003226041793823242,0.7520308494567871,1486,14,1502,230,18687,2458,38119
all/randm17.02.02.09.020_0030.01.aba.beta,True,14,13,0.4146273136138916,0.07308626174926758,0.002052783966064453,0.48976635932922363,1107,10,1116,189,14937,1565,24203
all/randm17.02.02.09.020_0030.02.aba.beta,True,17,14,0.4913971424102783,0.10743951797485352,0.002668619155883789,0.6015052795410156,1087,12,1099,164,13261,1814,28226
all/randm17.02.02.09.020_0030.03.aba.beta,True,18,14,0.5707077980041504,0.08476138114929199,0.002192258834838867,0.6576614379882812,1092,12,1157,239,16332,1462,22257
all/randm17.02.02.09.020_0030.04.aba.beta,True,17,14,0.45147228240966797,0.07720041275024414,0.004111528396606445,0.5327842235565186,947,15,1020,249,15449,2277,35962
all/randm17.02.02.09.020_0030.05.aba.beta,True,17,14,0.8463618755340576,0.1161339282989502,0.003851175308227539,0.9663469791412354,1260,12,1301,244,17588,2590,40841
all/randm17.02.02.10.020_0030.01.aba.beta,True,4,10,0.04373502731323242,0.005790233612060547,0.0014269351959228516,0.05095219612121582,207,4,217,88,1450,1077,17045
all/randm17.02.02.10.020_0030.02.aba.beta,True,3,10,0.02732253074645996,0.007119894027709961,0.0010836124420166016,0.03552603721618652,161,3,171,67,1010,553,8643
all/randm17.02.02.10.020_0030.03.aba.beta,True,5,11,0.09490966796875,0.013693571090698242,0.0011677742004394531,0.1097710132598877,394,2,410,121,3419,754,12028
all/randm17.02.02.10.020_0030.04.aba.beta,True,4,11,0.03177046775817871,0.006792306900024414,0.0008220672607421875,0.03938484191894531,169,4,176,77,1055,652,10101
all/randm17.02.02.10.020_0030.05.aba.beta,True,8,11,0.12836194038391113,0.015002727508544922,0.0012824535369873047,0.14464712142944336,489,7,510,122,5097,1002,15407
all/randm17.02.02.11.020_0030.01.aba.beta,True,15,13,0.3412814140319824,0.1069343090057373,0.0014235973358154297,0.44963932037353516,1072,10,1080,181,10247,1039,15852
all/randm17.02.02.11.020_0030.02.aba.beta,True,14,13,0.2799065113067627,0.0721445083618164,0.0017802715301513672,0.35383129119873047,483,11,507,184,4317,1187,18364
all/randm17.02.02.11.020_0030.03.aba.beta,True,13,13,0.2947254180908203,0.0936136245727539,0.002830982208251953,0.39117002487182617,680,10,692,160,6875,1397,21493
all/randm17.02.02.11.020_0030.04.aba.beta,True,9,13,0.21495318412780762,0.02978372573852539,0.0009162425994873047,0.2456531524658203,709,6,734,132,7454,703,10739
all/randm17.02.02.11.020_0030.05.aba.beta,True,14,13,0.3031802177429199,0.04247879981994629,0.0016667842864990234,0.34732580184936523,633,11,649,151,9279,940,14362
all/randm17.02.02.12.020_0030.01.aba.beta,True,17,15,0.5535051822662354,0.10901284217834473,0.002462148666381836,0.6649801731109619,847,13,851,189,11229,1640,24830
all/randm17.02.02.12.020_0030.02.aba.beta,True,23,15,0.8781399726867676,0.2112751007080078,0.004144191741943359,1.0935592651367188,1383,20,1440,298,15213,2567,39079
all/randm17.02.02.12.020_0030.03.aba.beta,True,22,15,0.8877780437469482,0.33803868293762207,0.0031299591064453125,1.2289466857910156,1861,16,1873,213,21901,2212,35228
all/randm17.02.02.12.020_0030.04.aba.beta,True,27,15,1.4345402717590332,0.6629903316497803,0.004511833190917969,2.1020424365997314,3029,22,3038,273,45629,2761,42962
all/randm17.02.02.12.020_0030.05.aba.beta,True,17,14,0.3567845821380615,0.09207415580749512,0.0023314952850341797,0.4511902332305908,714,15,731,202,7934,1659,25250
all/randm17.02.02.13.020_0030.01.aba.beta,True,21,16,0.7398250102996826,0.1579422950744629,0.005148887634277344,0.9029161930084229,1219,15,1260,232,15892,3505,54179
all/randm17.02.02.13.020_0030.02.aba.beta,True,28,16,2.656728744506836,1.4034898281097412,0.003833770751953125,4.06405234336853,6906,20,6910,262,109122,2308,34728
all/randm17.02.02.13.020_0030.03.aba.beta,True,26,16,1.9529755115509033,0.4286987781524658,0.00551915168762207,2.387193441390991,3011,19,3022,248,45741,3105,48467
all/randm17.02.02.13.020_0030.04.aba.beta,True,31,16,1.9911022186279297,0.22728729248046875,0.005106687545776367,2.223496198654175,2133,21,2188,299,35327,3251,50145
all/randm17.02.02.13.020_0030.05.aba.beta,True,30,16,1.6096603870391846,0.8151512145996094,0.008957147598266602,2.4337687492370605,2863,24,2868,239,42876,5933,92420
all/randm17.02.02.14.020_0030.01.aba.beta,True,20,12,0.4892556667327881,0.07980227470397949,0.003994941711425781,0.5730528831481934,974,16,982,217,18488,2610,40123
all/randm17.02.02.14.020_0030.02.aba.beta,True,23,12,0.43226051330566406,0.0738840103149414,0.002777576446533203,0.5089221000671387,890,19,892,176,15768,1969,30141
all/randm17.02.02.14.020_0030.03.aba.beta,True,20,12,0.5531058311462402,0.13614296913146973,0.002757549285888672,0.6920063495635986,1635,15,1670,216,27362,2065,31216
all/randm17.02.02.14.020_0030.04.aba.beta,True,13,12,0.4328956604003906,0.07831835746765137,0.002663850784301758,0.5138778686523438,1608,8,1608,175,27467,1646,25584
all/randm17.02.02.14.020_0030.05.aba.beta,True,21,11,0.6784284114837646,0.10285282135009766,0.004809141159057617,0.7860903739929199,1036,18,1036,235,17402,3220,50830
all/randm17.02.02.15.020_0030.01.aba.beta,True,8,8,0.04971933364868164,0.011637687683105469,0.0016393661499023438,0.06299638748168945,184,7,187,95,1536,731,11406
all/randm17.02.02.15.020_0030.02.aba.beta,True,7,8,0.052324533462524414,0.010538578033447266,0.0007996559143066406,0.06366276741027832,198,6,202,90,1392,645,9712
all/randm17.02.02.15.020_0030.03.aba.beta,True,8,8,0.07697677612304688,0.015103578567504883,0.0015060901641845703,0.09358644485473633,209,8,226,126,2071,1081,16899
all/randm17.02.02.15.020_0030.04.aba.beta,True,5,8,0.03469276428222656,0.007116556167602539,0.0010557174682617188,0.04286503791809082,156,5,168,93,1229,775,11887
all/randm17.02.02.15.020_0030.05.aba.beta,True,8,8,0.04140806198120117,0.008783340454101562,0.0010595321655273438,0.05125093460083008,193,8,193,86,1679,829,12634
all/randm17.02.02.16.020_0030.01.aba.beta,True,21,14,0.6495351791381836,0.47435808181762695,0.0021822452545166016,1.1260755062103271,1495,14,1502,177,20454,1488,22710
all/randm17.02.02.16.020_0030.02.aba.beta,True,19,14,0.5582821369171143,0.07600569725036621,0.002232789993286133,0.6365206241607666,779,15,790,193,11159,1551,24052
all/randm17.02.02.16.020_0030.03.aba.beta,True,25,14,1.1581830978393555,0.9752357006072998,0.0030930042266845703,2.13651180267334,2664,19,2664,240,35682,2086,32150
all/randm17.02.02.16.020_0030.04.aba.beta,True,28,14,2.301243305206299,3.301889419555664,0.005086183547973633,5.6082189083099365,3274,21,3289,286,56300,3055,47148
all/randm17.02.02.16.020_0030.05.aba.beta,True,14,14,0.6619913578033447,0.17151522636413574,0.0011713504791259766,0.8346779346466064,2868,8,2871,203,36238,834,12665
all/randm17.02.02.17.020_0030.01.aba.beta,True,31,16,4.1248345375061035,3.9395875930786133,0.007926702499389648,8.072348833084106,6944,22,6947,284,140167,4460,68990
all/randm17.02.02.17.020_0030.02.aba.beta,True,26,16,1.909135341644287,0.5709948539733887,0.0027997493743896484,2.4829299449920654,4055,19,4061,221,67329,1960,29474
all/randm17.02.02.17.020_0030.03.aba.beta,True,38,16,2.1789627075195312,3.893588066101074,0.006291627883911133,6.078842401504517,3161,27,3178,272,62935,3974,62072
all/randm17.02.02.17.020_0030.04.aba.beta,True,35,15,2.6000595092773438,1.2811000347137451,0.009085416793823242,3.890244960784912,3679,27,3707,325,71482,5395,84040
all/randm17.02.02.17.020_0030.05.aba.beta,True,29,16,4.352788925170898,2.748321533203125,0.007718801498413086,7.1088292598724365,8180,22,8180,276,162381,5032,78692
all/randm17.02.02.18.020_0030.01.aba.beta,True,6,12,0.12983393669128418,0.019788742065429688,0.000885009765625,0.15050768852233887,817,3,847,152,7738,649,10406
all/randm17.02.02.18.020_0030.02.aba.beta,True,9,12,0.2618439197540283,0.04035806655883789,0.0010609626770019531,0.30326294898986816,1069,5,1076,161,14433,780,12326
all/randm17.02.02.18.020_0030.03.aba.beta,True,8,12,0.11393523216247559,0.019577980041503906,0.0009548664093017578,0.13446807861328125,493,7,505,138,4841,728,11027
all/randm17.02.02.18.020_0030.04.aba.beta,True,7,12,0.0710916519165039,0.01661539077758789,0.0008108615875244141,0.08851790428161621,337,6,337,82,2775,628,9502
all/randm17.02.02.18.020_0030.05.aba.beta,True,9,12,0.24606704711914062,0.035056352615356445,0.0011553764343261719,0.28227877616882324,886,6,925,180,9991,761,11866
all/randm17.02.02.19.020_0030.01.aba.beta,True,15,14,0.3656132221221924,0.11594629287719727,0.0023717880249023438,0.483931303024292,1170,10,1172,157,11889,1749,27017
all/randm17.02.02.19.020_0030.02.aba.beta,True,15,14,0.44197702407836914,0.09749984741210938,0.0038602352142333984,0.5433371067047119,1487,10,1496,167,19154,2476,38827
all/randm17.02.02.19.020_0030.03.aba.beta,True,18,14,0.6005957126617432,0.17078018188476562,0.008405208587646484,0.7797811031341553,1680,13,1704,175,18506,5658,89264
all/randm17.02.02.19.020_0030.04.aba.beta,True,10,13,0.2755162715911865,0.05852532386779785,0.0022258758544921875,0.33626747131347656,1262,7,1276,169,12430,1334,20445
all/randm17.02.02.19.020_0030.05.aba.beta,True,8,14,0.151611328125,0.028717041015625,0.001035451889038086,0.18136382102966309,960,5,990,159,10566,786,12318
all/randm18.02.02.01.020_0030.01.aba.beta,True,18,18,1.1914305686950684,0.3397397994995117,0.0032210350036621094,1.5343914031982422,2071,13,2142,304,23493,1960,29984
all/randm18.02.02.01.020_0030.02.aba.beta,True,22,16,0.8641412258148193,0.32883453369140625,0.003675222396850586,1.1966509819030762,1874,17,1880,219,27408,2710,43509
all/randm18.02.02.01.020_0030.03.aba.beta,True,14,18,0.5707888603210449,0.19905900955200195,0.0013976097106933594,0.7712454795837402,3675,9,3675,192,46714,876,13308
all/randm18.02.02.01.020_0030.04.aba.beta,True,15,18,0.7528374195098877,0.4796743392944336,0.0017330646514892578,1.2342448234558105,3448,9,3451,214,45424,1198,18327
all/randm18.02.02.01.020_0030.05.aba.beta,True,26,18,2.5177805423736572,5.252152442932129,0.005309104919433594,7.77524209022522,5874,19,5880,267,88043,3163,48923
all/randm18.02.02.02.020_0030.01.aba.beta,True,20,16,0.7852702140808105,0.1341228485107422,0.0031120777130126953,0.9225051403045654,1881,15,1930,235,27153,2129,33187
all/randm18.02.02.02.020_0030.02.aba.beta,True,16,16,0.4928622245788574,0.09323549270629883,0.0016069412231445312,0.5877046585083008,1663,13,1734,228,18187,905,13078
all/randm18.02.02.02.020_0030.03.aba.beta,True,22,16,0.7769656181335449,0.1114649772644043,0.0028600692749023438,0.8912906646728516,1239,21,1270,196,16503,2076,32431
all/randm18.02.02.02.020_0030.04.aba.beta,True,15,16,0.30881357192993164,0.08054828643798828,0.0019121170043945312,0.39127397537231445,686,11,712,168,6383,1186,17743
all/randm18.02.02.02.020_0030.05.aba.beta,True,21,16,0.7212691307067871,0.166290283203125,0.0017905235290527344,0.8893499374389648,1423,16,1556,305,18005,1262,18454
all/randm18.02.02.03.020_0030.01.aba.beta,True,21,13,0.5388302803039551,0.09518671035766602,0.0018808841705322266,0.6358978748321533,1142,16,1159,165,20299,1404,21159
all/randm18.02.02.03.020_0030.02.aba.beta,True,18,13,0.4726097583770752,0.09750962257385254,0.0030062198638916016,0.5731256008148193,1178,14,1204,210,18749,1949,30179
all/randm18.02.02.03.020_0030.03.aba.beta,True,15,13,0.37671661376953125,0.08968687057495117,0.002401113510131836,0.46880459785461426,909,12,918,183,11239,1452,22240
all/randm18.02.02.03.020_0030.04.aba.beta,True,15,13,0.35308051109313965,0.07075095176696777,0.002587556838989258,0.4264190196990967,1039,10,1051,165,11252,1751,27130
all/randm18.02.02.03.020_0030.05.aba.beta,True,28,13,1.09340500831604,0.38953709602355957,0.004762172698974609,1.4877042770385742,1949,23,1964,204,37160,2991,45361
all/randm18.02.02.04.020_0030.01.aba.beta,True,23,16,0.8563227653503418,0.1669306755065918,0.002684354782104492,1.025937795639038,1648,18,1765,288,19841,1770,27522
all/randm18.02.02.04.020_0030.02.aba.beta,True,16,16,0.38271403312683105,0.0988931655883789,0.0022187232971191406,0.4838259220123291,701,14,747,211,6758,1544,23414
all/randm18.02.02.04.020_0030.03.aba.beta,True,12,16,0.3829636573791504,0.07108664512634277,0.00243377685546875,0.4564840793609619,1186,9,1228,178,12402,1531,23664
all/randm18.02.02.04.020_0030.04.aba.beta,True,11,16,0.3319878578186035,0.1350095272064209,0.0017096996307373047,0.4687070846557617,1153,8,1164,186,11224,1152,17932
all/randm18.02.02.04.020_0030.05.aba.beta,True,16,16,0.6725327968597412,0.2157611846923828,0.002497434616088867,0.8907914161682129,1634,9,1648,197,21671,1829,29246
all/randm18.02.02.05.020_0030.01.aba.beta,True,21,14,0.7935211658477783,0.1519300937652588,0.0031490325927734375,0.9486002922058105,995,16,1007,217,13122,2154,33395
all/randm18.02.02.05.020_0030.02.aba.beta,True,14,14,0.4251570701599121,0.07130908966064453,0.0024595260620117188,0.49892568588256836,1072,12,1113,228,12666,1820,28078
all/randm18.02.02.05.020_0030.03.aba.beta,True,11,14,0.2550218105316162,0.03965282440185547,0.0015676021575927734,0.29624223709106445,552,11,656,252,5016,1208,18483
all/randm18.02.02.05.020_0030.04.aba.beta,True,17,14,0.4878079891204834,0.10494804382324219,0.0032815933227539062,0.5960376262664795,1371,12,1377,197,15332,1942,30474
all/randm18.02.02.05.020_0030.05.aba.beta,True,21,14,0.5899841785430908,0.11714601516723633,0.002841949462890625,0.7099721431732178,1194,15,1211,188,19241,1929,29041
all/randm18.02.02.06.020_0030.01.aba.beta,True,20,14,0.7427949905395508,0.448455810546875,0.0025954246520996094,1.1938462257385254,1256,14,1270,207,15846,1452,21859
all/randm18.02.02.06.020_0030.02.aba.beta,True,17,14,0.8601794242858887,0.2177903652191162,0.0014772415161132812,1.0794470310211182,2105,10,2108,177,23377,1068,16346
all/randm18.02.02.06.020_0030.03.aba.beta,True,12,14,0.331498384475708,0.061104774475097656,0.0011303424835205078,0.39373350143432617,802,7,869,218,8637,856,13061
all/randm18.02.02.06.020_0030.04.aba.beta,True,15,14,0.4316108226776123,0.1177377700805664,0.0026133060455322266,0.5519618988037109,915,11,958,203,12716,1277,19681
all/randm18.02.02.06.020_0030.05.aba.beta,True,22,14,0.9162719249725342,0.23006963729858398,0.003828287124633789,1.150169849395752,1450,15,1517,257,20144,2655,40967
all/randm18.02.02.07.020_0030.01.aba.beta,True,27,16,1.1406748294830322,0.3019747734069824,0.0034444332122802734,1.446094036102295,1861,20,1882,245,24092,2296,34313
all/randm18.02.02.07.020_0030.02.aba.beta,True,24,16,2.7732534408569336,0.41533470153808594,0.004702091217041016,3.1932902336120605,3784,15,3795,280,63589,3009,47653
all/randm18.02.02.07.020_0030.03.aba.beta,True,26,16,2.2517311573028564,1.0722887516021729,0.00561833381652832,3.3296382427215576,3713,17,3733,313,57035,3346,52377
all/randm18.02.02.07.020_0030.04.aba.beta,True,23,16,2.2913341522216797,0.7175650596618652,0.005220651626586914,3.014119863510132,3808,14,3817,253,57488,3512,55345
all/randm18.02.02.07.020_0030.05.aba.beta,True,28,16,1.517132043838501,2.9528510570526123,0.006095170974731445,4.476078271865845,1764,20,1803,283,26956,4118,64508
all/randm18.02.02.08.020_0030.01.aba.beta,True,17,17,0.5659518241882324,0.5104279518127441,0.0016856193542480469,1.0780653953552246,2347,11,2351,172,24620,1089,16290
all/randm18.02.02.08.020_0030.02.aba.beta,True,23,17,1.179769515991211,0.8365347385406494,0.0025229454040527344,2.018827199935913,2894,16,2906,232,43939,1783,27341
all/randm18.02.02.08.020_0030.03.aba.beta,True,11,17,0.45023345947265625,0.4945650100708008,0.0008614063262939453,0.945659875869751,4292,5,4296,165,49620,595,9103
all/randm18.02.02.08.020_0030.04.aba.beta,True,18,17,1.4899036884307861,1.5333971977233887,0.0016448497772216797,3.0249457359313965,5366,11,5367,223,85781,1077,16392
all/randm18.02.02.08.020_0030.05.aba.beta,True,13,17,0.4376027584075928,0.1615886688232422,0.0013093948364257812,0.6005008220672607,1242,8,1257,178,15328,862,13236
all/randm18.02.02.09.020_0030.01.aba.beta,True,21,12,0.38468122482299805,0.09292459487915039,0.0034508705139160156,0.48105669021606445,931,16,956,172,12653,2002,30742
all/randm18.02.02.09.020_0030.02.aba.beta,True,13,12,0.3430001735687256,0.0546116828918457,0.0025272369384765625,0.40013909339904785,951,9,961,189,18911,1504,23935
all/randm18.02.02.09.020_0030.03.aba.beta,True,16,12,0.3651254177093506,0.0750727653503418,0.002043008804321289,0.44224119186401367,1133,12,1175,196,16753,1358,20206
all/randm18.02.02.09.020_0030.04.aba.beta,True,21,12,0.7592480182647705,0.1705784797668457,0.003838062286376953,0.9336645603179932,1829,14,1840,209,28384,2266,35532
all/randm18.02.02.09.020_0030.05.aba.beta,True,13,11,0.19232583045959473,0.026678800582885742,0.001196146011352539,0.220200777053833,759,9,782,142,8119,902,13533
all/randm18.02.02.10.020_0030.01.aba.beta,True,16,14,0.40245890617370605,0.12469983100891113,0.0017101764678955078,0.5288689136505127,1106,12,1113,197,10851,1179,17633
all/randm18.02.02.10.020_0030.02.aba.beta,True,18,14,0.9730644226074219,0.6466717720031738,0.00144195556640625,1.621178150177002,2421,11,2429,185,42721,1016,15099
all/randm18.02.02.10.020_0030.03.aba.beta,True,21,14,0.5734949111938477,0.19486212730407715,0.0021598339080810547,0.7705168724060059,1414,16,1420,198,20670,1593,23981
all/randm18.02.02.10.020_0030.04.aba.beta,True,30,14,1.3909814357757568,0.45749664306640625,0.004761934280395508,1.8532400131225586,1234,23,1250,239,19977,3028,47535
all/randm18.02.02.10.020_0030.05.aba.beta,True,20,14,0.9603307247161865,0.45624327659606934,0.0021834373474121094,1.418757438659668,1827,14,1827,197,22609,1340,19975
all/randm18.02.02.11.020_0030.01.aba.beta,True,25,15,0.7283060550689697,0.14493107795715332,0.003025531768798828,0.8762626647949219,981,21,991,175,13235,2111,31429
all/randm18.02.02.11.020_0030.02.aba.beta,True,25,14,0.5660319328308105,0.13085079193115234,0.004153013229370117,0.701035737991333,815,21,867,229,12833,2706,41912
all/randm18.02.02.11.020_0030.03.aba.beta,True,24,14,0.9250764846801758,0.13441109657287598,0.00499725341796875,1.0644848346710205,1396,19,1548,385,26288,3697,58303
all/randm18.02.02.11.020_0030.04.aba.beta,True,22,15,0.9712514877319336,0.26607632637023926,0.004250764846801758,1.2415785789489746,1896,15,1917,233,33321,2409,37237
all/randm18.02.02.11.020_0030.05.aba.beta,True,24,15,1.2598943710327148,0.5835206508636475,0.00345611572265625,1.8468711376190186,1917,17,1928,244,26414,2020,30794
all/randm18.02.02.12.020_0030.01.aba.beta,True,22,11,0.436126708984375,0.08312201499938965,0.002431631088256836,0.5216803550720215,996,17,1002,174,18754,1792,26841
all/randm18.02.02.12.020_0030.02.aba.beta,True,21,11,0.3681924343109131,0.07902193069458008,0.0031244754791259766,0.45033884048461914,877,17,890,186,13540,2169,33028
all/randm18.02.02.12.020_0030.03.aba.beta,True,19,11,0.36188817024230957,0.06296563148498535,0.0024764537811279297,0.42733025550842285,799,14,808,171,10778,1665,25145
all/randm18.02.02.12.020_0030.04.aba.beta,True,16,11,0.19377970695495605,0.04124331474304199,0.002770662307739258,0.2377936840057373,560,13,579,166,6844,2062,32123
all/randm18.02.02.12.020_0030.05.aba.beta,True,16,11,0.27471065521240234,0.03448796272277832,0.0020139217376708984,0.31121253967285156,725,12,736,149,10443,1300,19795
all/randm18.02.02.13.020_0030.01.aba.beta,True,9,8,0.10071539878845215,0.014571905136108398,0.0014009475708007812,0.11668825149536133,412,7,439,133,5980,957,14933
all/randm18.02.02.13.020_0030.02.aba.beta,True,1,8,0.01072549819946289,0.0010554790496826172,0.0006849765777587891,0.012465953826904297,163,1,169,62,1148,547,8638
all/randm18.02.02.13.020_0030.03.aba.beta,True,3,8,0.04462099075317383,0.004977226257324219,0.0014925003051757812,0.05109071731567383,313,3,318,84,3417,648,10145
all/randm18.02.02.13.020_0030.04.aba.beta,True,8,8,0.12648224830627441,0.014192819595336914,0.0018117427825927734,0.1424868106842041,398,7,414,155,6158,1041,16442
all/randm18.02.02.13.020_0030.05.aba.beta,True,3,8,0.0194244384765625,0.004526853561401367,0.0008232593536376953,0.024774551391601562,240,2,240,73,3291,637,10168
all/randm18.02.02.14.020_0030.01.aba.beta,True,29,15,1.1840949058532715,0.47272491455078125,0.0033347606658935547,1.6601545810699463,2854,24,2867,223,43325,2372,35080
all/randm18.02.02.14.020_0030.02.aba.beta,True,15,15,0.37416863441467285,0.1359574794769287,0.003560304641723633,0.5136864185333252,1227,10,1229,211,12513,1928,30104
all/randm18.02.02.14.020_0030.03.aba.beta,True,17,15,0.5709178447723389,0.16688871383666992,0.004997730255126953,0.7428042888641357,1027,14,1037,211,12124,3587,56281
all/randm18.02.02.14.020_0030.04.aba.beta,True,23,15,1.0559649467468262,0.9489834308624268,0.004087924957275391,2.0090363025665283,2265,18,2267,235,38632,2730,42507
all/randm18.02.02.14.020_0030.05.aba.beta,True,16,15,0.4900195598602295,0.11312532424926758,0.0026483535766601562,0.6057932376861572,1154,11,1169,186,11031,1490,22726
all/randm18.02.02.15.020_0030.01.aba.beta,True,24,15,1.64078688621521,0.9829709529876709,0.004523277282714844,2.6282811164855957,2777,16,2777,235,45911,2997,46801
all/randm18.02.02.15.020_0030.02.aba.beta,True,22,14,0.8700113296508789,1.804288625717163,0.004395723342895508,2.6786956787109375,2322,16,2322,190,41358,2725,42082
all/randm18.02.02.15.020_0030.03.aba.beta,True,29,15,2.4442882537841797,1.2280356884002686,0.00538182258605957,3.677705764770508,5647,20,5647,218,84975,2664,40910
all/randm18.02.02.15.020_0030.04.aba.beta,True,31,15,1.4662339687347412,1.4311718940734863,0.005356788635253906,2.9027626514434814,1931,26,1933,229,32334,2948,44583
all/randm18.02.02.15.020_0030.05.aba.beta,True,28,15,1.196855068206787,0.2966916561126709,0.005802154541015625,1.4993488788604736,1695,22,1708,245,26786,3942,62069
all/randm18.02.02.16.020_0030.01.aba.beta,True,15,14,0.5426781177520752,0.1560044288635254,0.002544403076171875,0.7012269496917725,1414,10,1439,196,18052,1752,27174
all/randm18.02.02.16.020_0030.02.aba.beta,True,17,14,0.47399139404296875,0.17742443084716797,0.002142190933227539,0.6535580158233643,1367,13,1381,189,18822,1407,21167
all/randm18.02.02.16.020_0030.03.aba.beta,True,22,14,0.7376654148101807,0.32502126693725586,0.003760099411010742,1.0664467811584473,1216,18,1243,242,13764,2655,40413
all/randm18.02.02.16.020_0030.04.aba.beta,True,14,14,0.21413707733154297,0.06781268119812012,0.002481222152709961,0.28443098068237305,401,12,410,142,3451,1455,22325
all/randm18.02.02.16.020_0030.05.aba.beta,True,20,14,0.9355990886688232,0.8582150936126709,0.002431631088256836,1.796245813369751,2124,13,2138,218,26791,1761,27073
all/randm18.02.02.17.020_0030.01.aba.beta,True,11,15,0.3191494941711426,0.05504035949707031,0.0014562606811523438,0.37564611434936523,1048,7,1056,156,13646,715,10650
all/randm18.02.02.17.020_0030.02.aba.beta,True,14,15,0.5059716701507568,0.10275387763977051,0.0019249916076660156,0.6106505393981934,1194,10,1213,204,13392,1087,16450
all/randm18.02.02.17.020_0030.03.aba.beta,True,20,15,0.809039831161499,0.1889052391052246,0.0018079280853271484,0.9997529983520508,1499,14,1499,197,15585,1426,21138
all/randm18.02.02.17.020_0030.04.aba.beta,True,11,15,0.19205999374389648,0.04546022415161133,0.0011620521545410156,0.23868227005004883,719,9,737,138,7440,776,11591
all/randm18.02.02.17.020_0030.05.aba.beta,True,13,15,0.3808736801147461,0.10652923583984375,0.001695394515991211,0.48909831047058105,1404,10,1419,198,19125,1156,17497
all/randm18.02.02.18.020_0030.01.aba.beta,True,4,7,0.03799581527709961,0.003695964813232422,0.0007350444793701172,0.04242682456970215,207,3,217,87,1917,579,9056
all/randm18.02.02.18.020_0030.02.aba.beta,True,3,7,0.018090248107910156,0.0028085708618164062,0.0012912750244140625,0.022190093994140625,167,3,180,86,1159,620,9715
all/randm18.02.02.18.020_0030.03.aba.beta,True,7,7,0.04357790946960449,0.007858037948608398,0.0010342597961425781,0.05247020721435547,270,6,281,97,2632,765,11767
all/randm18.02.02.18.020_0030.04.aba.beta,True,3,7,0.035047292709350586,0.002897977828979492,0.0007977485656738281,0.038743019104003906,252,3,278,119,2914,614,9604
all/randm18.02.02.18.020_0030.05.aba.beta,True,3,7,0.023483991622924805,0.0042133331298828125,0.0008778572082519531,0.02857518196105957,185,3,198,95,1871,591,9226
all/randm18.02.02.19.020_0030.01.aba.beta,True,17,15,0.6538517475128174,0.0900583267211914,0.0023026466369628906,0.7462127208709717,1087,12,1137,240,11859,1767,27218
all/randm18.02.02.19.020_0030.02.aba.beta,True,16,15,0.5765988826751709,0.14481592178344727,0.0010988712310791016,0.7225136756896973,3887,10,3905,186,48451,846,12538
all/randm18.02.02.19.020_0030.03.aba.beta,True,21,15,0.5087535381317139,0.1127023696899414,0.002162933349609375,0.6236188411712646,1010,17,1113,263,13575,1658,24403
all/randm18.02.02.19.020_0030.04.aba.beta,True,24,15,0.826960563659668,0.15168356895446777,0.0016529560089111328,0.9802970886230469,1743,14,1821,251,25719,1187,17713
all/randm18.02.02.19.020_0030.05.aba.beta,True,17,15,0.3389747142791748,0.08247065544128418,0.0014808177947998047,0.4229261875152588,575,14,611,192,6332,1074,16104
all/randm19.02.02.01.020_0030.01.aba.beta,True,20,16,0.6992402076721191,0.15917563438415527,0.00445103645324707,0.8628668785095215,1296,15,1317,194,17190,2807,44011
all/randm19.02.02.01.020_0030.02.aba.beta,True,16,16,0.4903714656829834,0.13090991973876953,0.0017290115356445312,0.6230103969573975,2053,9,2053,191,23516,1116,16926
all/randm19.02.02.01.020_0030.03.aba.beta,True,20,16,0.9011690616607666,0.262768030166626,0.0032377243041992188,1.1671748161315918,1555,13,1555,217,15383,2040,31241
all/randm19.02.02.01.020_0030.04.aba.beta,True,15,16,0.5991132259368896,0.19675755500793457,0.0033707618713378906,0.7992415428161621,1368,11,1385,196,13458,2055,32426
all/randm19.02.02.01.020_0030.05.aba.beta,True,20,16,1.829326868057251,1.842357873916626,0.004616975784301758,3.6763017177581787,5980,14,5980,238,93510,2197,34254
all/randm19.02.02.02.020_0030.01.aba.beta,True,29,15,2.9593658447265625,42.27999424934387,0.004984140396118164,45.24434423446655,4033,21,4039,282,74649,3399,52417
all/randm19.02.02.02.020_0030.02.aba.beta,True,24,15,4.292251825332642,20.893932580947876,0.004967927932739258,25.191152334213257,7627,16,7630,259,115815,2583,40004
all/randm19.02.02.02.020_0030.03.aba.beta,True,24,15,2.9170291423797607,63.966110706329346,0.003795146942138672,66.88693499565125,7618,16,7630,249,115724,2191,33935
all/randm19.02.02.02.020_0030.04.aba.beta,True,36,15,3.7217414379119873,17.465229749679565,0.0067212581634521484,21.193692445755005,5943,28,5943,319,68803,4340,67026
all/randm19.02.02.02.020_0030.05.aba.beta,True,35,15,6.30663537979126,208.78259563446045,0.0077397823333740234,215.09697079658508,13366,26,13366,265,185580,4378,67481
all/randm19.02.02.03.020_0030.01.aba.beta,True,12,11,0.15253496170043945,0.03962993621826172,0.002692699432373047,0.19485759735107422,463,10,463,139,3988,1754,26896
all/randm19.02.02.03.020_0030.02.aba.beta,True,6,11,0.09593057632446289,0.018321514129638672,0.0011606216430664062,0.11541271209716797,330,6,342,136,2919,781,12055
all/randm19.02.02.03.020_0030.03.aba.beta,True,7,11,0.11990022659301758,0.01935744285583496,0.0013778209686279297,0.14063549041748047,511,5,519,148,7714,965,15116
all/randm19.02.02.03.020_0030.04.aba.beta,True,5,11,0.10684561729431152,0.010690927505493164,0.000982522964477539,0.11851906776428223,457,5,466,126,4211,744,11794
all/randm19.02.02.03.020_0030.05.aba.beta,True,13,11,0.22454404830932617,0.03878450393676758,0.0016789436340332031,0.26500749588012695,873,9,873,139,11778,1345,20678
all/randm19.02.02.04.020_0030.01.aba.beta,True,15,10,0.22836518287658691,0.03867173194885254,0.0025708675384521484,0.2696077823638916,838,11,847,152,11478,1729,26848
all/randm19.02.02.04.020_0030.02.aba.beta,True,11,10,0.11079263687133789,0.022983074188232422,0.0018312931060791016,0.13560700416564941,403,10,403,110,5182,1086,16330
all/randm19.02.02.04.020_0030.03.aba.beta,True,7,10,0.07739424705505371,0.01012873649597168,0.0009872913360595703,0.08851027488708496,456,4,456,92,4759,605,9331
all/randm19.02.02.04.020_0030.04.aba.beta,True,15,10,0.28885483741760254,0.04110550880432129,0.002025127410888672,0.3319854736328125,624,11,641,143,10069,975,14769
all/randm19.02.02.04.020_0030.05.aba.beta,True,13,10,0.3493318557739258,0.05194234848022461,0.0016727447509765625,0.40294694900512695,1275,8,1295,165,19054,1150,17731
all/randm19.02.02.05.020_0030.01.aba.beta,True,13,13,0.33785057067871094,0.1404740810394287,0.0017418861389160156,0.48006653785705566,1251,10,1294,208,15120,1144,17371
all/randm19.02.02.05.020_0030.02.aba.beta,True,15,13,0.36495351791381836,0.08202004432678223,0.0015716552734375,0.4485452175140381,1223,11,1288,239,14999,1155,17375
all/randm19.02.02.05.020_0030.03.aba.beta,True,8,13,0.19227218627929688,0.04024028778076172,0.0007443428039550781,0.23325681686401367,1006,3,1012,136,9106,569,8799
all/randm19.02.02.05.020_0030.04.aba.beta,True,15,13,0.47484564781188965,0.1268928050994873,0.0011031627655029297,0.6028416156768799,1385,10,1389,149,16688,825,12183
all/randm19.02.02.05.020_0030.05.aba.beta,True,9,13,0.17433762550354004,0.06832599639892578,0.0008289813995361328,0.24349260330200195,1435,5,1439,150,17398,633,9711
all/randm19.02.02.06.020_0030.01.aba.beta,True,11,15,0.2286975383758545,0.05284762382507324,0.0009114742279052734,0.282456636428833,699,8,742,163,6540,714,10654
all/randm19.02.02.06.020_0030.02.aba.beta,True,11,15,0.2565743923187256,0.06599259376525879,0.0015103816986083984,0.3240773677825928,1010,8,1040,150,10618,1076,16629
all/randm19.02.02.06.020_0030.03.aba.beta,True,10,15,0.22119688987731934,0.04303860664367676,0.0007624626159667969,0.2649979591369629,1433,7,1465,165,13564,610,9065
all/randm19.02.02.06.020_0030.04.aba.beta,True,10,15,0.26709699630737305,0.04486799240112305,0.001829385757446289,0.3137943744659424,867,8,902,179,8470,918,14047
all/randm19.02.02.06.020_0030.05.aba.beta,True,8,15,0.18519115447998047,0.03745913505554199,0.0010190010070800781,0.22366929054260254,925,5,945,144,9011,718,11185
all/randm19.02.02.07.020_0030.01.aba.beta,True,16,14,0.5703554153442383,0.19394183158874512,0.002040386199951172,0.7663376331329346,1604,11,1613,209,19909,1549,23872
all/randm19.02.02.07.020_0030.02.aba.beta,True,12,13,0.553757905960083,0.332683801651001,0.0016205310821533203,0.8880622386932373,2195,7,2196,188,23020,1247,19183
all/randm19.02.02.07.020_0030.03.aba.beta,True,19,14,1.186995506286621,1.7660362720489502,0.0033838748931884766,2.9564156532287598,3268,13,3275,274,42906,2334,35897
all/randm19.02.02.07.020_0030.04.aba.beta,True,20,13,1.0950043201446533,0.9537405967712402,0.004027605056762695,2.0527725219726562,2242,15,2244,252,31132,2337,35954
all/randm19.02.02.07.020_0030.05.aba.beta,True,21,13,0.5456359386444092,0.15962481498718262,0.004297733306884766,0.7095584869384766,598,19,602,248,6155,2743,42831
all/randm19.02.02.08.020_0030.01.aba.beta,True,12,10,0.2130727767944336,0.033165693283081055,0.0009512901306152344,0.24718976020812988,1013,8,1015,129,11202,716,10799
all/randm19.02.02.08.020_0030.02.aba.beta,True,14,10,0.1682603359222412,0.03709268569946289,0.0017254352569580078,0.2070784568786621,389,12,389,134,4682,1082,16174
all/randm19.02.02.08.020_0030.03.aba.beta,True,10,10,0.14628314971923828,0.04098653793334961,0.0013759136199951172,0.188645601272583,397,8,397,133,3419,877,13271
all/randm19.02.02.08.020_0030.04.aba.beta,True,10,10,0.1333773136138916,0.0346369743347168,0.0012581348419189453,0.16927242279052734,448,8,448,127,3807,860,13189
all/randm19.02.02.08.020_0030.05.aba.beta,True,15,10,0.2960834503173828,0.06211042404174805,0.00337982177734375,0.3615736961364746,480,12,480,187,4620,1769,27167
all/randm19.02.02.09.020_0030.01.aba.beta,True,28,16,0.9903106689453125,0.41131091117858887,0.016567468643188477,1.4181890487670898,2388,21,2413,208,40062,4534,69868
all/randm19.02.02.09.020_0030.02.aba.beta,True,20,17,0.8497591018676758,0.16584086418151855,0.003480672836303711,1.019080638885498,1592,15,1629,249,23181,2339,36644
all/randm19.02.02.09.020_0030.03.aba.beta,True,19,17,1.698408842086792,0.30901575088500977,0.053277015686035156,2.060701608657837,2405,12,2431,242,32418,2941,45928
all/randm19.02.02.09.020_0030.04.aba.beta,True,22,17,0.6865007877349854,0.15547513961791992,0.004484415054321289,0.8464603424072266,1010,20,1054,223,13069,3127,48124
all/randm19.02.02.09.020_0030.05.aba.beta,True,18,17,0.6997599601745605,0.10291004180908203,0.0025413036346435547,0.8052113056182861,1272,13,1417,302,16704,1830,27907
all/randm19.02.02.10.020_0030.01.aba.beta,True,15,13,0.34061145782470703,0.09611916542053223,0.002179861068725586,0.43891048431396484,689,12,689,184,7932,1423,21903
all/randm19.02.02.10.020_0030.02.aba.beta,True,13,13,0.31006598472595215,0.06367158889770508,0.0016222000122070312,0.37535977363586426,505,10,530,170,4872,1150,17725
all/randm19.02.02.10.020_0030.03.aba.beta,True,18,13,0.7447936534881592,0.24991679191589355,0.0034439563751220703,0.9981544017791748,1047,14,1079,217,13845,2113,32106
all/randm19.02.02.10.020_0030.04.aba.beta,True,17,13,1.1278250217437744,0.3699531555175781,0.0028252601623535156,1.500603437423706,2570,11,2579,177,45017,1407,22113
all/randm19.02.02.10.020_0030.05.aba.beta,True,19,13,0.6473653316497803,0.2926516532897949,0.006556272506713867,0.9465732574462891,1152,14,1158,186,17102,3123,48558
all/randm19.02.02.11.020_0030.01.aba.beta,True,33,16,3.391873836517334,5.376335144042969,0.00883626937866211,8.777045249938965,4258,25,4280,327,72643,5708,88500
all/randm19.02.02.11.020_0030.02.aba.beta,True,23,15,0.6978268623352051,0.23530077934265137,0.00554347038269043,0.9386711120605469,1400,20,1412,191,18953,3723,57743
all/randm19.02.02.11.020_0030.03.aba.beta,True,22,16,1.270817518234253,0.3978142738342285,0.003908872604370117,1.6725406646728516,2127,16,2127,208,35297,2694,41352
all/randm19.02.02.11.020_0030.04.aba.beta,True,33,16,1.9998350143432617,0.5627529621124268,0.004494905471801758,2.5670828819274902,1972,24,2002,254,28325,3348,49836
all/randm19.02.02.11.020_0030.05.aba.beta,True,29,16,1.0351428985595703,0.3326106071472168,0.0034875869750976562,1.3712410926818848,1205,22,1246,238,19042,2521,38367
all/randm19.02.02.12.020_0030.01.aba.beta,True,9,13,0.15543723106384277,0.028700828552246094,0.0014300346374511719,0.18556809425354004,438,8,463,165,3778,1101,16983
all/randm19.02.02.12.020_0030.02.aba.beta,True,7,13,0.13126420974731445,0.029941320419311523,0.0007619857788085938,0.16196751594543457,961,3,968,129,9002,564,8795
all/randm19.02.02.12.020_0030.03.aba.beta,True,8,13,0.09646868705749512,0.021734237670898438,0.0009875297546386719,0.11919045448303223,611,6,620,125,5235,681,10395
all/randm19.02.02.12.020_0030.04.aba.beta,True,16,13,0.36541104316711426,0.07717156410217285,0.0020809173583984375,0.44466352462768555,1022,12,1026,152,15536,1459,22767
all/randm19.02.02.12.020_0030.05.aba.beta,True,5,13,0.07981491088867188,0.011954307556152344,0.0011501312255859375,0.09291934967041016,450,4,465,114,3519,894,13965
all/randm19.02.02.13.020_0030.01.aba.beta,True,1,3,0.0008573532104492188,0.0003039836883544922,0.0006926059722900391,0.00185394287109375,43,1,43,26,170,536,8593
all/randm19.02.02.13.020_0030.02.aba.beta,True,1,3,0.0008666515350341797,0.0003032684326171875,0.0006837844848632812,0.0018537044525146484,41,1,41,26,158,525,8523
all/randm19.02.02.13.020_0030.03.aba.beta,True,1,3,0.0017821788787841797,0.0005762577056884766,0.0011518001556396484,0.0035102367401123047,39,1,39,33,146,542,8617
all/randm19.02.02.13.020_0030.04.aba.beta,True,1,3,0.0008001327514648438,0.0003075599670410156,0.0007004737854003906,0.00180816650390625,40,1,40,24,152,535,8591
all/randm19.02.02.13.020_0030.05.aba.beta,True,1,3,0.0013532638549804688,0.00044536590576171875,0.0006983280181884766,0.002496957778930664,39,1,39,28,146,542,8621
all/randm19.02.02.14.020_0030.01.aba.beta,True,12,11,0.23848795890808105,0.030692577362060547,0.0020780563354492188,0.2712585926055908,860,10,961,236,13044,1259,19549
all/randm19.02.02.14.020_0030.02.aba.beta,True,16,11,0.19053316116333008,0.036248207092285156,0.002407073974609375,0.2291884422302246,563,15,614,171,8064,1851,27687
all/randm19.02.02.14.020_0030.03.aba.beta,True,12,11,0.30490541458129883,0.040183305740356445,0.0020160675048828125,0.3471047878265381,833,10,868,185,13564,1366,21222
all/randm19.02.02.14.020_0030.04.aba.beta,True,6,11,0.04154157638549805,0.008903026580810547,0.0009982585906982422,0.051442861557006836,324,5,345,120,2722,791,12285
all/randm19.02.02.14.020_0030.05.aba.beta,True,12,11,0.10145831108093262,0.032688140869140625,0.0015926361083984375,0.13573908805847168,328,11,328,90,2728,893,13322
all/randm19.02.02.15.020_0030.01.aba.beta,True,23,16,1.883361577987671,2.555428981781006,0.0028443336486816406,4.441634893417358,3583,14,3584,253,55625,1724,27102
all/randm19.02.02.15.020_0030.02.aba.beta,True,24,16,4.457674503326416,17.782567024230957,0.0047550201416015625,22.244996547698975,11474,17,11474,244,202280,2642,40708
all/randm19.02.02.15.020_0030.03.aba.beta,True,22,16,0.9710097312927246,0.21324849128723145,0.002716064453125,1.186974287033081,1382,14,1436,229,16426,1949,29405
all/randm19.02.02.15.020_0030.04.aba.beta,True,30,16,1.5227103233337402,0.9550268650054932,0.0033435821533203125,2.4810807704925537,3681,24,3682,206,61352,2530,38997
all/randm19.02.02.15.020_0030.05.aba.beta,True,27,16,1.557185173034668,0.5018808841705322,0.007899999618530273,2.0669660568237305,1881,22,1888,237,33749,4652,72834
all/randm19.02.02.16.020_0030.01.aba.beta,True,24,16,1.611997127532959,0.3676490783691406,0.0037031173706054688,1.983349323272705,3315,17,3374,279,51404,2393,38056
all/randm19.02.02.16.020_0030.02.aba.beta,True,20,16,1.7107207775115967,0.26303648948669434,0.0029325485229492188,1.9766898155212402,3183,13,3215,238,42350,1990,30361
all/randm19.02.02.16.020_0030.03.aba.beta,True,17,16,1.2956039905548096,0.3313300609588623,0.002981424331665039,1.629915475845337,3775,11,3805,237,56414,1720,27156
all/randm19.02.02.16.020_0030.04.aba.beta,True,20,16,0.6896817684173584,0.13976263999938965,0.002777099609375,0.832221508026123,985,16,992,204,13315,1972,30049
all/randm19.02.02.16.020_0030.05.aba.beta,True,27,16,0.9211704730987549,0.19408345222473145,0.004080295562744141,1.1193342208862305,1429,22,1445,223,20344,2906,44336
all/randm19.02.02.17.020_0030.01.aba.beta,True,27,17,2.022272825241089,3.631821870803833,0.0043146610260009766,5.658409357070923,3501,19,3561,312,51909,3041,46828
all/randm19.02.02.17.020_0030.02.aba.beta,True,29,16,1.3094840049743652,1.5046372413635254,0.005805253982543945,2.8199265003204346,3401,24,3417,263,58075,4109,63578
all/randm19.02.02.17.020_0030.03.aba.beta,True,32,17,2.2196333408355713,9.393933534622192,0.005738258361816406,11.61930513381958,4790,25,4795,264,57000,4022,62914
all/randm19.02.02.17.020_0030.04.aba.beta,True,37,16,2.262211561203003,4.607771158218384,0.0065004825592041016,6.876483201980591,2927,27,2933,264,45270,4065,63466
all/randm19.02.02.17.020_0030.05.aba.beta,True,24,17,1.0905890464782715,0.29682254791259766,0.004446744918823242,1.3918583393096924,2383,18,2423,278,36319,3030,47977
all/randm19.02.02.18.020_0030.01.aba.beta,True,7,5,0.026201963424682617,0.0043489933013916016,0.001565694808959961,0.03211665153503418,140,7,144,77,1515,1138,17726
all/randm19.02.02.18.020_0030.02.aba.beta,True,5,5,0.01553034782409668,0.002283334732055664,0.0007021427154541016,0.018515825271606445,161,4,167,62,1115,563,8771
all/randm19.02.02.18.020_0030.03.aba.beta,True,4,5,0.030485868453979492,0.0030286312103271484,0.0014355182647705078,0.03495001792907715,131,4,131,80,1792,942,14831
all/randm19.02.02.18.020_0030.04.aba.beta,True,6,5,0.01992344856262207,0.0029633045196533203,0.0008995532989501953,0.023786306381225586,102,6,102,58,1132,733,11082
all/randm19.02.02.18.020_0030.05.aba.beta,True,5,5,0.01979351043701172,0.0035600662231445312,0.0017523765563964844,0.025105953216552734,127,5,127,82,1488,951,14953
all/randm19.02.02.19.020_0030.01.aba.beta,True,27,17,1.847139835357666,4.914782524108887,0.00390625,6.765828609466553,4291,19,4299,235,49766,2224,33516
all/randm19.02.02.19.020_0030.02.aba.beta,True,21,17,2.4621219635009766,3.499277353286743,0.0021791458129882812,5.963578462600708,6422,14,6422,241,90502,1579,24419
all/randm19.02.02.19.020_0030.03.aba.beta,True,27,17,1.3136770725250244,1.5079469680786133,0.0038390159606933594,2.825463056564331,2454,20,2469,262,29445,2483,37530
all/randm19.02.02.19.020_0030.04.aba.beta,True,21,17,1.9427597522735596,1.1872713565826416,0.0030517578125,3.133082866668701,5126,13,5133,275,67202,1922,29978
all/randm19.02.02.19.020_0030.05.aba.beta,True,23,17,2.9352598190307617,7.064462661743164,0.0029866695404052734,10.002709150314331,4700,13,4700,265,84838,2055,31750
all/randm20.02.02.01.020_0030.01.aba.beta,True,17,18,0.5697219371795654,0.22195792198181152,0.0022585391998291016,0.793938398361206,954,11,992,215,9108,1519,23582
all/randm20.02.02.01.020_0030.02.aba.beta,True,17,18,2.1277318000793457,2.1892099380493164,0.00141143798828125,4.318353176116943,8652,8,8653,235,125593,981,14864
all/randm20.02.02.01.020_0030.03.aba.beta,True,24,18,1.4578754901885986,0.6079015731811523,0.0032300949096679688,2.069007158279419,2356,18,2390,231,27806,2137,31856
all/randm20.02.02.01.020_0030.04.aba.beta,True,14,18,1.3047468662261963,0.744556188583374,0.0017490386962890625,2.0510520935058594,6437,8,6437,210,85528,790,11708
all/randm20.02.02.01.020_0030.05.aba.beta,True,20,18,1.113121747970581,0.21523404121398926,0.002829313278198242,1.3311851024627686,2172,13,2196,209,29101,1586,24109
all/randm20.02.02.02.020_0030.01.aba.beta,True,20,18,1.1937072277069092,0.9342927932739258,0.0018360614776611328,2.129836082458496,2929,13,2940,233,37268,1329,20306
all/randm20.02.02.02.020_0030.02.aba.beta,True,13,17,0.4410970211029053,0.15218210220336914,0.0014410018920898438,0.5947201251983643,1297,9,1314,189,13863,980,14875
all/randm20.02.02.02.020_0030.03.aba.beta,True,22,18,1.050300121307373,0.6779038906097412,0.0031805038452148438,1.731384515762329,1860,16,1877,267,20900,1886,29312
all/randm20.02.02.02.020_0030.04.aba.beta,True,20,18,1.105649471282959,0.24030756950378418,0.003246784210205078,1.3492038249969482,1821,15,1865,269,27687,2107,32708
all/randm20.02.02.02.020_0030.05.aba.beta,True,11,18,0.5212526321411133,0.14313721656799316,0.0018842220306396484,0.6662740707397461,2844,7,2852,172,32680,921,14127
all/randm20.02.02.03.020_0030.01.aba.beta,True,29,16,1.8989651203155518,0.48015928268432617,0.0046198368072509766,2.383744239807129,2786,22,2843,327,44420,3335,51055
all/randm20.02.02.03.020_0030.02.aba.beta,True,27,16,1.8872489929199219,0.7927596569061279,0.0069653987884521484,2.686974048614502,3504,18,3504,220,49593,3768,59218
all/randm20.02.02.03.020_0030.03.aba.beta,True,31,15,1.239903450012207,0.32679224014282227,0.0024566650390625,1.5691523551940918,1599,22,1626,248,18632,1958,29293
all/randm20.02.02.03.020_0030.04.aba.beta,True,20,16,1.3291172981262207,0.32285308837890625,0.003826141357421875,1.6557965278625488,2707,13,2762,281,46308,2610,40204
all/randm20.02.02.03.020_0030.05.aba.beta,True,30,16,1.7853174209594727,0.7629897594451904,0.0027337074279785156,2.5510408878326416,3821,21,3867,253,76236,1947,29180
all/randm20.02.02.04.020_0030.01.aba.beta,True,14,13,0.2287454605102539,0.048337697982788086,0.0017518997192382812,0.2788350582122803,928,11,954,172,12369,1017,15601
all/randm20.02.02.04.020_0030.02.aba.beta,True,14,13,0.2704918384552002,0.07978153228759766,0.001453399658203125,0.351726770401001,625,11,639,138,5734,942,14063
all/randm20.02.02.04.020_0030.03.aba.beta,True,13,13,0.4446864128112793,0.09135699272155762,0.0013382434844970703,0.537381649017334,1479,8,1484,165,17197,933,14112
all/randm20.02.02.04.020_0030.04.aba.beta,True,17,13,0.5252611637115479,0.0836019515991211,0.002410888671875,0.611274003982544,1079,12,1087,171,13457,1664,25586
all/randm20.02.02.04.020_0030.05.aba.beta,True,15,13,0.45910167694091797,0.13428044319152832,0.002003192901611328,0.5953853130340576,1159,11,1161,183,12255,1180,17738
all/randm20.02.02.05.020_0030.01.aba.beta,True,33,16,1.127722978591919,0.5829365253448486,0.005658864974975586,1.7163183689117432,2364,28,2398,235,30400,3664,56200
all/randm20.02.02.05.020_0030.02.aba.beta,True,15,15,0.5774190425872803,0.12642216682434082,0.0031499862670898438,0.7069911956787109,1373,11,1377,220,15972,1975,31387
all/randm20.02.02.05.020_0030.03.aba.beta,True,19,16,1.0758228302001953,0.366718053817749,0.0019414424896240234,1.4444823265075684,2889,12,2931,217,46151,1347,20922
all/randm20.02.02.05.020_0030.04.aba.beta,True,20,16,0.693112850189209,0.18696069717407227,0.002629518508911133,0.8827030658721924,1211,15,1215,190,16647,1938,29453
all/randm20.02.02.05.020_0030.05.aba.beta,True,18,16,0.7040605545043945,0.24900484085083008,0.0020165443420410156,0.9550819396972656,2864,14,2864,181,39838,1519,22919
all/randm20.02.02.06.020_0030.01.aba.beta,True,23,17,0.9404397010803223,0.3828094005584717,0.004201650619506836,1.3274507522583008,1626,17,1686,261,25069,2773,43452
all/randm20.02.02.06.020_0030.02.aba.beta,True,20,17,1.1009900569915771,0.4204068183898926,0.001954793930053711,1.5233516693115234,2590,14,2615,228,39510,1388,21257
all/randm20.02.02.06.020_0030.03.aba.beta,True,25,17,1.5185179710388184,0.5534193515777588,0.002625703811645508,2.0745630264282227,4048,17,4059,214,53133,1930,28778
all/randm20.02.02.06.020_0030.04.aba.beta,True,27,17,1.3001410961151123,0.40471839904785156,0.005722999572753906,1.7105824947357178,1838,20,1875,270,32591,3699,57434
all/randm20.02.02.06.020_0030.05.aba.beta,True,21,17,1.2835631370544434,0.3878176212310791,0.0030717849731445312,1.674452543258667,2234,15,2326,332,34105,2119,32040
all/randm20.02.02.07.020_0030.01.aba.beta,True,20,17,0.8714876174926758,0.28828859329223633,0.003247976303100586,1.1630241870880127,2200,13,2209,244,28010,2293,35768
all/randm20.02.02.07.020_0030.02.aba.beta,True,23,17,0.7532269954681396,0.1786954402923584,0.0019214153289794922,0.9338438510894775,1415,18,1449,189,21349,1466,21893
all/randm20.02.02.07.020_0030.03.aba.beta,True,30,17,1.1057403087615967,0.25205326080322266,0.006124734878540039,1.3639183044433594,1040,26,1060,216,15625,4147,63674
all/randm20.02.02.07.020_0030.04.aba.beta,True,23,17,0.9500956535339355,0.23784923553466797,0.0028307437896728516,1.1907756328582764,2010,18,2121,304,23253,1708,26618
all/randm20.02.02.07.020_0030.05.aba.beta,True,20,17,0.8761067390441895,0.20694470405578613,0.003261089324951172,1.0863125324249268,1797,13,1807,193,24494,2250,35044
all/randm20.02.02.08.020_0030.01.aba.beta,True,17,15,0.3883228302001953,0.0784752368927002,0.003022432327270508,0.469820499420166,606,15,621,200,6297,1721,26627
all/randm20.02.02.08.020_0030.02.aba.beta,True,9,15,0.16084575653076172,0.04850006103515625,0.0011260509490966797,0.21047186851501465,442,8,454,133,3870,837,12604
all/randm20.02.02.08.020_0030.03.aba.beta,True,15,15,0.31433701515197754,0.07729554176330566,0.001978158950805664,0.39361071586608887,844,12,879,207,11514,1517,23139
all/randm20.02.02.08.020_0030.04.aba.beta,True,20,15,0.481677770614624,0.12721943855285645,0.0038771629333496094,0.6127743721008301,949,18,1014,269,12846,2816,43620
all/randm20.02.02.08.020_0030.05.aba.beta,True,18,15,0.4891688823699951,0.09829521179199219,0.002881288528442383,0.5903453826904297,663,16,666,194,6470,1985,30193
all/randm20.02.02.09.020_0030.01.aba.beta,True,18,16,1.2532782554626465,2.494248867034912,0.0021021366119384766,3.749629259109497,5973,9,5973,197,83945,1393,21670
all/randm20.02.02.09.020_0030.02.aba.beta,True,22,16,2.2954065799713135,0.502366304397583,0.0035681724548339844,2.8013410568237305,4621,15,4629,257,66643,2520,39571
all/randm20.02.02.09.020_0030.03.aba.beta,True,29,16,1.2673804759979248,0.35124707221984863,0.005006551742553711,1.6236340999603271,1794,21,1838,265,22448,3473,53742
all/randm20.02.02.09.020_0030.04.aba.beta,True,31,17,2.184870958328247,3.9535388946533203,0.003329038619995117,6.1417388916015625,3378,22,3413,264,53183,2302,35551
all/randm20.02.02.09.020_0030.05.aba.beta,True,25,17,1.2646584510803223,0.2807002067565918,0.00408482551574707,1.5494434833526611,1860,17,1970,338,29290,3021,47554
all/randm20.02.02.10.020_0030.01.aba.beta,True,13,12,0.18033981323242188,0.03267979621887207,0.001981973648071289,0.21500158309936523,456,11,494,170,5374,1393,21401
all/randm20.02.02.10.020_0030.02.aba.beta,True,15,12,0.24014639854431152,0.045187950134277344,0.0017516613006591797,0.28708600997924805,527,11,534,142,8117,1365,21490
all/randm20.02.02.10.020_0030.03.aba.beta,True,12,12,0.1738734245300293,0.02660083770751953,0.0017504692077636719,0.2022247314453125,482,9,511,135,7116,884,13407
all/randm20.02.02.10.020_0030.04.aba.beta,True,10,12,0.13529038429260254,0.027715444564819336,0.0010035037994384766,0.16400933265686035,543,7,543,134,4496,733,11168
all/randm20.02.02.10.020_0030.05.aba.beta,True,13,12,0.2049579620361328,0.04147815704345703,0.0016312599182128906,0.24806737899780273,463,11,494,168,4414,1047,15543
all/randm20.02.02.11.020_0030.01.aba.beta,True,26,19,1.2817273139953613,0.9491086006164551,0.0025954246520996094,2.233431339263916,2081,21,2175,289,27360,1802,26482
all/randm20.02.02.11.020_0030.02.aba.beta,True,20,19,1.9408025741577148,0.4785044193267822,0.0022878646850585938,2.4215948581695557,3485,13,3517,254,50791,1534,23452
all/randm20.02.02.11.020_0030.03.aba.beta,True,22,18,0.8763947486877441,0.2910187244415283,0.0019383430480957031,1.1693518161773682,1716,16,1757,245,21890,1425,21350
all/randm20.02.02.11.020_0030.04.aba.beta,True,24,19,2.310729503631592,1.1994588375091553,0.0039823055267333984,3.5141706466674805,4585,17,4609,249,72732,2228,34230
all/randm20.02.02.11.020_0030.05.aba.beta,True,13,19,0.6242306232452393,0.20740413665771484,0.0017476081848144531,0.8333823680877686,1991,8,2042,225,22196,882,13208
all/randm20.02.02.12.020_0030.01.aba.beta,True,22,16,1.6238212585449219,0.39901256561279297,0.0027816295623779297,2.0256154537200928,2899,14,2966,290,42117,1967,29985
all/randm20.02.02.12.020_0030.02.aba.beta,True,26,16,1.2843480110168457,0.3568301200866699,0.003346681594848633,1.6445248126983643,1918,18,1946,232,27352,2369,35825
all/randm20.02.02.12.020_0030.03.aba.beta,True,21,16,2.095842123031616,0.30691075325012207,0.0016467571258544922,2.4043996334075928,4141,14,4168,238,56121,1256,18888
all/randm20.02.02.12.020_0030.04.aba.beta,True,32,16,1.8179199695587158,0.43607425689697266,0.004206418991088867,2.2582006454467773,2403,24,2509,360,34764,2913,44463
all/randm20.02.02.12.020_0030.05.aba.beta,True,26,16,1.7263612747192383,0.4753000736236572,0.0026717185974121094,2.2043330669403076,4544,20,4580,273,70823,1726,25505
all/randm20.02.02.13.020_0030.01.aba.beta,True,38,15,1.388331651687622,0.5523440837860107,0.007231950759887695,1.9479076862335205,1492,32,1495,260,24228,4466,70846
all/randm20.02.02.13.020_0030.02.aba.beta,True,33,15,1.235532283782959,0.4115326404571533,0.005740642547607422,1.6528055667877197,1513,27,1513,267,26289,3858,60295
all/randm20.02.02.13.020_0030.03.aba.beta,True,28,14,0.8735454082489014,0.7163553237915039,0.003631591796875,1.5935323238372803,2542,24,2563,282,36103,2670,42226
all/randm20.02.02.13.020_0030.04.aba.beta,True,19,14,0.47284889221191406,0.08499526977539062,0.002471446990966797,0.5603156089782715,855,15,908,236,10195,1885,29111
all/randm20.02.02.13.020_0030.05.aba.beta,True,15,14,0.4246845245361328,0.08964657783508301,0.0023899078369140625,0.5167210102081299,1326,11,1369,223,15484,1560,24049
all/randm20.02.02.14.020_0030.01.aba.beta,True,16,15,0.4893679618835449,0.10780119895935059,0.0021200180053710938,0.5992891788482666,886,10,897,180,8896,1003,15119
all/randm20.02.02.14.020_0030.02.aba.beta,True,16,15,0.5900111198425293,0.31249046325683594,0.0014677047729492188,0.9039692878723145,2329,10,2336,211,28857,1112,17158
all/randm20.02.02.14.020_0030.03.aba.beta,True,20,15,0.5835916996002197,0.2519257068634033,0.0024704933166503906,0.8379878997802734,1315,14,1319,169,15676,1763,26612
all/randm20.02.02.14.020_0030.04.aba.beta,True,24,15,1.2027051448822021,0.5127756595611572,0.0030031204223632812,1.7184839248657227,2698,18,2703,252,30081,2123,32214
all/randm20.02.02.14.020_0030.05.aba.beta,True,19,15,0.6332261562347412,0.16942143440246582,0.0021867752075195312,0.8048343658447266,1637,12,1637,188,20100,1229,18330
all/randm20.02.02.15.020_0030.01.aba.beta,True,10,15,0.30635881423950195,0.049837350845336914,0.0011034011840820312,0.3572995662689209,1085,6,1099,172,11413,854,12990
all/randm20.02.02.15.020_0030.02.aba.beta,True,9,16,0.2775297164916992,0.05655193328857422,0.00103759765625,0.33511924743652344,1106,4,1134,170,12611,769,12001
all/randm20.02.02.15.020_0030.03.aba.beta,True,18,16,0.5417966842651367,0.18654775619506836,0.0036847591400146484,0.7320291996002197,953,15,981,219,11069,2335,35665
all/randm20.02.02.15.020_0030.04.aba.beta,True,17,16,1.0514183044433594,0.6287357807159424,0.003849029541015625,1.6840031147003174,2510,12,2520,230,36002,2405,37851
all/randm20.02.02.15.020_0030.05.aba.beta,True,21,16,0.922389030456543,0.5272443294525146,0.0028417110443115234,1.4524750709533691,2180,15,2197,230,30686,2092,32635
all/randm20.02.02.16.020_0030.01.aba.beta,True,24,13,0.7662410736083984,0.22265982627868652,0.0024755001068115234,0.9913763999938965,1981,17,1981,167,29837,1501,22406
all/randm20.02.02.16.020_0030.02.aba.beta,True,24,13,1.103018045425415,0.9999074935913086,0.0038957595825195312,2.106821298599243,3634,17,3640,226,67791,2396,36967
all/randm20.02.02.16.020_0030.03.aba.beta,True,12,13,0.5587465763092041,0.3361036777496338,0.00113677978515625,0.8959870338439941,2335,7,2336,181,32610,820,12657
all/randm20.02.02.16.020_0030.04.aba.beta,True,23,13,1.1112666130065918,0.2760493755340576,0.0030777454376220703,1.3903937339782715,2248,17,2248,234,31524,2075,31859
all/randm20.02.02.16.020_0030.05.aba.beta,True,21,13,0.5797643661499023,0.1580052375793457,0.0029027462005615234,0.7406723499298096,1616,16,1616,188,21344,1784,26952
all/randm20.02.02.17.020_0030.01.aba.beta,True,27,18,3.18915057182312,2.2212352752685547,0.004042625427246094,5.414428472518921,7261,19,7283,279,100719,2518,38675
all/randm20.02.02.17.020_0030.02.aba.beta,True,25,18,2.3986353874206543,3.6698553562164307,0.004078388214111328,6.072569131851196,4542,17,4580,290,75513,2805,42969
all/randm20.02.02.17.020_0030.03.aba.beta,True,26,18,2.410064935684204,8.157016038894653,0.0036067962646484375,10.570687770843506,5626,17,5635,276,80409,2283,35028
all/randm20.02.02.17.020_0030.04.aba.beta,True,25,18,2.4995548725128174,2.8858208656311035,0.004295825958251953,5.389671564102173,6568,18,6622,337,103774,2786,42957
all/randm20.02.02.17.020_0030.05.aba.beta,True,22,18,2.4841537475585938,1.8647394180297852,0.002703428268432617,4.3515965938568115,6177,15,6220,282,91824,1942,29847
all/randm20.02.02.18.020_0030.01.aba.beta,True,25,16,1.0694260597229004,0.2633192539215088,0.003420591354370117,1.3361659049987793,2100,19,2148,261,29833,2341,35752
all/randm20.02.02.18.020_0030.02.aba.beta,True,25,16,2.4416964054107666,1.0138452053070068,0.004763364791870117,3.4603049755096436,4539,18,4580,349,84187,3311,51678
all/randm20.02.02.18.020_0030.03.aba.beta,True,20,16,1.9337701797485352,9.111598014831543,0.0017600059509277344,11.047128200531006,6770,12,6770,220,116604,1190,17723
all/randm20.02.02.18.020_0030.04.aba.beta,True,23,16,0.8874478340148926,0.36168694496154785,0.003602266311645508,1.252737045288086,2639,18,2657,233,41608,2488,37590
all/randm20.02.02.18.020_0030.05.aba.beta,True,29,16,0.9365243911743164,1.4340269565582275,0.005199909210205078,2.375751256942749,2196,25,2197,217,31367,3324,51308
all/randm20.02.02.19.020_0030.01.aba.beta,True,17,14,0.6132380962371826,0.10456728935241699,0.0027701854705810547,0.7205755710601807,821,13,832,242,8413,2005,31257
all/randm20.02.02.19.020_0030.02.aba.beta,True,10,13,0.19460201263427734,0.07692551612854004,0.0014884471893310547,0.27301597595214844,925,7,940,167,8521,806,12354
all/randm20.02.02.19.020_0030.03.aba.beta,True,11,14,0.2409496307373047,0.056874990463256836,0.001554250717163086,0.2993788719177246,614,9,615,172,5435,1194,18023
all/randm20.02.02.19.020_0030.04.aba.beta,True,13,14,0.32164692878723145,0.08125591278076172,0.0016069412231445312,0.4045097827911377,641,10,651,172,5870,1264,19046
all/randm20.02.02.19.020_0030.05.aba.beta,True,12,14,0.23579645156860352,0.051940202713012695,0.0016329288482666016,0.2893695831298828,680,9,693,150,6287,1152,17556
all/randm21.02.02.01.020_0030.01.aba.beta,True,23,14,0.950676679611206,0.2064821720123291,0.0038230419158935547,1.1609818935394287,1644,17,1783,378,26237,2663,42111
all/randm21.02.02.01.020_0030.02.aba.beta,True,19,14,1.0579099655151367,0.22008085250854492,0.0019106864929199219,1.2799015045166016,3198,14,3207,194,57150,1302,19742
all/randm21.02.02.01.020_0030.03.aba.beta,True,23,14,0.9268381595611572,0.24901962280273438,0.003155946731567383,1.179013729095459,2194,18,2201,195,33869,2217,34149
all/randm21.02.02.01.020_0030.04.aba.beta,True,28,14,2.1503450870513916,0.49349379539489746,0.004208564758300781,2.64804744720459,3900,21,3903,276,73913,2649,40624
all/randm21.02.02.01.020_0030.05.aba.beta,True,34,14,1.131373405456543,0.42465925216674805,0.006286144256591797,1.5623188018798828,1803,28,1814,213,26779,4521,69396
all/randm21.02.02.02.020_0030.01.aba.beta,True,34,18,3.710756778717041,1.9417848587036133,0.005230426788330078,5.657772064208984,5853,24,5867,263,112332,3146,49554
all/randm21.02.02.02.020_0030.02.aba.beta,True,22,18,4.954153537750244,12.357303380966187,0.0021414756774902344,17.31359839439392,13874,12,13892,282,238517,1396,20922
all/randm21.02.02.02.020_0030.03.aba.beta,True,30,18,1.713561773300171,1.0619382858276367,0.004526853561401367,2.780026912689209,2362,23,2390,261,37880,2780,43279
all/randm21.02.02.02.020_0030.04.aba.beta,True,25,18,1.5333516597747803,0.7044529914855957,0.0030596256256103516,2.2408642768859863,4253,17,4290,268,62244,2270,34808
all/randm21.02.02.02.020_0030.05.aba.beta,True,21,18,1.2522244453430176,0.37953996658325195,0.002803802490234375,1.634568214416504,2171,13,2178,234,29292,1906,29105
all/randm21.02.02.03.020_0030.01.aba.beta,True,39,19,4.3074798583984375,6.915642738342285,0.006859779357910156,11.229982376098633,4373,30,4380,324,74891,4610,71182
all/randm21.02.02.03.020_0030.02.aba.beta,True,33,19,2.864659070968628,2.5346884727478027,0.004708766937255859,5.4040563106536865,4171,23,4171,261,78428,2885,45187
all/randm21.02.02.03.020_0030.03.aba.beta,True,28,19,3.784597635269165,6.777056694030762,0.0038042068481445312,10.565458536148071,13510,20,13527,298,233502,2438,37187
all/randm21.02.02.03.020_0030.04.aba.beta,True,34,19,2.411107301712036,2.1582016944885254,0.006875276565551758,4.576184272766113,3830,24,3839,273,54342,3612,56320
all/randm21.02.02.03.020_0030.05.aba.beta,True,36,19,2.307349681854248,1.8568439483642578,0.004091978073120117,4.168285608291626,4254,29,4282,271,71629,2770,41963
all/randm21.02.02.04.020_0030.01.aba.beta,True,16,18,0.6294066905975342,0.17489290237426758,0.002410888671875,0.8067104816436768,1710,11,1727,203,17762,1103,16582
all/randm21.02.02.04.020_0030.02.aba.beta,True,18,18,1.0943822860717773,0.5993952751159668,0.0028562545776367188,1.6966338157653809,2576,12,2589,228,31965,1791,27212
all/randm21.02.02.04.020_0030.03.aba.beta,True,15,18,1.5623836517333984,0.9903042316436768,0.0012781620025634766,2.5539660453796387,5912,7,5912,213,87993,930,14242
all/randm21.02.02.04.020_0030.04.aba.beta,True,13,18,0.9009091854095459,0.40551042556762695,0.0008842945098876953,1.3073039054870605,5815,5,5824,190,80958,658,10099
all/randm21.02.02.04.020_0030.05.aba.beta,True,14,18,0.5867223739624023,0.7198965549468994,0.0009682178497314453,1.3075871467590332,2719,8,2760,217,31733,735,10961
all/randm21.02.02.05.020_0030.01.aba.beta,True,21,17,0.8490240573883057,0.17694997787475586,0.00441431999206543,1.030388355255127,1436,17,1488,260,17638,2622,40367
all/randm21.02.02.05.020_0030.02.aba.beta,True,22,17,1.0683083534240723,0.2703847885131836,0.0020406246185302734,1.3407337665557861,3044,17,3084,252,41962,1496,22194
all/randm21.02.02.05.020_0030.03.aba.beta,True,27,17,1.7278611660003662,0.6451525688171387,0.005034446716308594,2.3780481815338135,2023,18,2089,301,27014,3340,52193
all/randm21.02.02.05.020_0030.04.aba.beta,True,17,17,1.2799694538116455,0.4513661861419678,0.002777099609375,1.7341127395629883,3120,13,3171,257,42795,1762,27275
all/randm21.02.02.05.020_0030.05.aba.beta,True,26,17,2.2914843559265137,0.6350536346435547,0.006280422210693359,2.9328184127807617,2704,17,2752,288,46591,4373,69170
all/randm21.02.02.06.020_0030.01.aba.beta,True,9,13,0.12599849700927734,0.026052236557006836,0.0013284683227539062,0.15337920188903809,380,8,380,120,3025,922,14147
all/randm21.02.02.06.020_0030.02.aba.beta,True,6,13,0.12024688720703125,0.02437305450439453,0.0009057521820068359,0.14552569389343262,743,4,764,147,7400,649,9985
all/randm21.02.02.06.020_0030.03.aba.beta,True,6,13,0.10517621040344238,0.01583099365234375,0.0007810592651367188,0.12178826332092285,640,4,643,110,5659,579,8911
all/randm21.02.02.06.020_0030.04.aba.beta,True,4,13,0.06618332862854004,0.011157035827636719,0.0008223056793212891,0.07816267013549805,380,4,406,120,2983,654,10077
all/randm21.02.02.06.020_0030.05.aba.beta,True,11,13,0.18382549285888672,0.0467829704284668,0.0016512870788574219,0.23225975036621094,615,10,629,136,7661,873,13356
all/randm21.02.02.07.020_0030.01.aba.beta,True,24,15,0.7038993835449219,0.18038463592529297,0.0039293766021728516,0.8882133960723877,1017,20,1049,254,11704,2871,43928
all/randm21.02.02.07.020_0030.02.aba.beta,True,16,15,0.38798975944519043,0.1721811294555664,0.0015802383422851562,0.561751127243042,1193,12,1193,137,11633,1078,15810
all/randm21.02.02.07.020_0030.03.aba.beta,True,13,14,0.3161485195159912,0.05812549591064453,0.0017249584197998047,0.37599897384643555,652,10,670,147,6163,1156,18471
all/randm21.02.02.07.020_0030.04.aba.beta,True,17,15,0.683356761932373,0.13938498497009277,0.002010345458984375,0.8247520923614502,1743,14,1768,199,22364,1468,21836
all/randm21.02.02.07.020_0030.05.aba.beta,True,15,15,0.36957263946533203,0.07877182960510254,0.001615285873413086,0.44995975494384766,895,10,925,183,9864,1170,17734
all/randm21.02.02.08.020_0030.01.aba.beta,True,22,18,1.0153734683990479,0.26320338249206543,0.0019097328186035156,1.2804865837097168,2183,15,2273,282,30720,1257,18505
all/randm21.02.02.08.020_0030.02.aba.beta,True,18,18,0.9253480434417725,0.8701038360595703,0.0023500919342041016,1.7978019714355469,3312,12,3316,185,40612,1573,24029
all/randm21.02.02.08.020_0030.03.aba.beta,True,16,18,1.7499992847442627,0.36945223808288574,0.0024750232696533203,2.1219265460968018,5273,9,5303,264,74387,1588,24584
all/randm21.02.02.08.020_0030.04.aba.beta,True,15,18,1.1417715549468994,0.3907790184020996,0.002099752426147461,1.5346503257751465,4825,9,4834,204,54936,1260,19772
all/randm21.02.02.08.020_0030.05.aba.beta,True,16,18,1.3525700569152832,0.28632521629333496,0.0027048587799072266,1.6416001319885254,4319,8,4349,241,53020,1363,21341
all/randm21.02.02.09.020_0030.01.aba.beta,True,11,17,0.2389829158782959,0.07618904113769531,0.0016219615936279297,0.31679391860961914,880,7,908,182,8036,1047,16339
all/randm21.02.02.09.020_0030.02.aba.beta,True,18,17,0.6489861011505127,0.28162431716918945,0.002072572708129883,0.932682991027832,1710,13,1719,181,18832,1500,22803
all/randm21.02.02.09.020_0030.03.aba.beta,True,36,17,1.876708745956421,1.2769737243652344,0.004034757614135742,3.157717227935791,3005,28,3006,241,44875,3008,46169
all/randm21.02.02.09.020_0030.04.aba.beta,True,20,16,1.154721975326538,2.305690050125122,0.0028226375579833984,3.4632346630096436,2976,15,2976,209,42430,1789,27523
all/randm21.02.02.09.020_0030.05.aba.beta,True,16,17,0.50990891456604,0.14081978797912598,0.003042936325073242,0.6537716388702393,1511,11,1524,179,17916,2073,32194
all/randm21.02.02.10.020_0030.01.aba.beta,True,26,19,2.0213358402252197,0.6872115135192871,0.00548243522644043,2.7140297889709473,3328,18,3356,264,47499,3336,51430
all/randm21.02.02.10.020_0030.02.aba.beta,True,29,19,2.8600411415100098,2.6900477409362793,0.005480289459228516,5.555569171905518,3918,21,3947,295,64493,3826,58728
all/randm21.02.02.10.020_0030.03.aba.beta,True,38,18,2.6312103271484375,1.5893490314483643,0.01026606559753418,4.230825424194336,2667,31,2763,366,43988,6062,95544
all/randm21.02.02.10.020_0030.04.aba.beta,True,36,19,3.3369243144989014,4.588191509246826,0.0048007965087890625,7.929916620254517,5241,27,5279,271,84897,3253,49565
all/randm21.02.02.10.020_0030.05.aba.beta,True,24,19,1.2733702659606934,0.39385342597961426,0.003686189651489258,1.6709098815917969,2360,16,2387,273,30433,2295,35524
all/randm21.02.02.11.020_0030.01.aba.beta,True,14,14,0.5344810485839844,0.1755976676940918,0.0011434555053710938,0.7112221717834473,1612,10,1626,183,16747,799,11989
all/randm21.02.02.11.020_0030.02.aba.beta,True,17,14,0.3283674716949463,0.06762909889221191,0.0014743804931640625,0.39747095108032227,480,14,515,178,4543,1141,16833
all/randm21.02.02.11.020_0030.03.aba.beta,True,20,13,0.6876316070556641,0.11306214332580566,0.003692626953125,0.8043863773345947,1209,14,1261,277,19101,2677,41879
all/randm21.02.02.11.020_0030.04.aba.beta,True,17,13,0.4189035892486572,0.08516931533813477,0.0026857852935791016,0.5067586898803711,881,12,891,180,9760,1942,29920
all/randm21.02.02.11.020_0030.05.aba.beta,True,17,14,0.3894965648651123,0.08971738815307617,0.0017943382263183594,0.48100829124450684,1080,10,1086,157,9867,1306,19805
all/randm21.02.02.12.020_0030.01.aba.beta,True,24,14,1.125993013381958,0.2850992679595947,0.004673004150390625,1.4157652854919434,1746,18,1769,242,23668,3440,53130
all/randm21.02.02.12.020_0030.02.aba.beta,True,18,15,1.0230960845947266,0.5572183132171631,0.0027687549591064453,1.583083152770996,3144,11,3144,222,52529,1686,26118
all/randm21.02.02.12.020_0030.03.aba.beta,True,17,15,0.5672838687896729,0.14171385765075684,0.003550291061401367,0.712548017501831,1155,13,1223,275,16779,2637,41324
all/randm21.02.02.12.020_0030.04.aba.beta,True,24,15,1.2198362350463867,0.19153642654418945,0.0032296180725097656,1.414602279663086,1990,17,2008,241,28188,2399,36698
all/randm21.02.02.12.020_0030.05.aba.beta,True,24,15,1.218106746673584,0.5394542217254639,0.004378080368041992,1.7619390487670898,1748,18,1764,258,26429,2729,42814
all/randm21.02.02.13.020_0030.01.aba.beta,True,25,15,0.614457368850708,0.1512436866760254,0.0032029151916503906,0.7689039707183838,845,22,854,182,10978,2101,32526
all/randm21.02.02.13.020_0030.02.aba.beta,True,32,16,1.3824257850646973,0.24829697608947754,0.005144834518432617,1.6358675956726074,1961,26,1993,268,27745,3680,57945
all/randm21.02.02.13.020_0030.03.aba.beta,True,17,16,0.8170726299285889,0.14340662956237793,0.0015375614166259766,0.9620168209075928,1902,10,1917,201,25817,905,13501
all/randm21.02.02.13.020_0030.04.aba.beta,True,13,16,1.1481902599334717,0.1591179370880127,0.0013687610626220703,1.3086769580841064,3652,5,3679,230,45358,682,10572
all/randm21.02.02.13.020_0030.05.aba.beta,True,30,16,1.3723244667053223,0.3238198757171631,0.0048351287841796875,1.700979471206665,1670,23,1788,312,29353,3083,49158
all/randm21.02.02.14.020_0030.01.aba.beta,True,35,17,3.4936931133270264,6.934908390045166,0.0030274391174316406,10.431628942489624,7040,25,7040,231,118854,2060,30473
all/randm21.02.02.14.020_0030.02.aba.beta,True,25,18,1.8113598823547363,1.072843313217163,0.0027654170989990234,2.8869686126708984,2903,16,2909,230,43573,1724,26297
all/randm21.02.02.14.020_0030.03.aba.beta,True,38,18,2.6031973361968994,3.986142873764038,0.0035152435302734375,6.592855453491211,4742,30,4742,219,81139,2344,35834
all/randm21.02.02.14.020_0030.04.aba.beta,True,33,18,1.6143262386322021,6.423492431640625,0.0037496089935302734,8.041568279266357,3489,27,3506,228,52604,2363,35661
all/randm21.02.02.14.020_0030.05.aba.beta,True,28,18,1.4262478351593018,0.8031976222991943,0.002523660659790039,2.231969118118286,4610,20,4622,221,83867,1788,26631
all/randm21.02.02.15.020_0030.01.aba.beta,True,11,13,0.2065439224243164,0.03907918930053711,0.0016350746154785156,0.24725818634033203,719,7,737,157,9654,1063,16597
all/randm21.02.02.15.020_0030.02.aba.beta,True,23,13,0.7463192939758301,0.10988807678222656,0.006383419036865234,0.8625907897949219,1295,18,1363,269,25348,3377,53280
all/randm21.02.02.15.020_0030.03.aba.beta,True,18,13,0.7668154239654541,0.14213347434997559,0.003042936325073242,0.9119918346405029,1706,13,1736,251,25406,1945,30592
all/randm21.02.02.15.020_0030.04.aba.beta,True,18,13,0.36519551277160645,0.05727052688598633,0.003170490264892578,0.42563652992248535,715,18,739,170,11740,2249,34362
all/randm21.02.02.15.020_0030.05.aba.beta,True,21,13,0.5699741840362549,0.2438967227935791,0.00287628173828125,0.8167471885681152,1265,16,1271,205,20468,1986,30521
all/randm21.02.02.16.020_0030.01.aba.beta,True,14,10,0.0995328426361084,0.019649982452392578,0.0011625289916992188,0.1203453540802002,330,14,335,91,4029,855,12419
all/randm21.02.02.16.020_0030.02.aba.beta,True,6,10,0.09760880470275879,0.012555599212646484,0.0010836124420166016,0.11124801635742188,479,4,489,114,6861,715,11252
all/randm21.02.02.16.020_0030.03.aba.beta,True,5,10,0.05124664306640625,0.008192777633666992,0.0007886886596679688,0.06022810935974121,392,4,413,105,4634,605,9228
all/randm21.02.02.16.020_0030.04.aba.beta,True,14,10,0.11237192153930664,0.02184128761291504,0.001331329345703125,0.1355445384979248,490,13,512,116,5607,849,12525
all/randm21.02.02.16.020_0030.05.aba.beta,True,7,10,0.08295845985412598,0.011137723922729492,0.0009174346923828125,0.09501361846923828,536,5,546,119,4782,691,10506
all/randm21.02.02.17.020_0030.01.aba.beta,True,10,11,0.1664273738861084,0.029294967651367188,0.0011262893676757812,0.19684863090515137,805,7,812,139,13181,811,12640
all/randm21.02.02.17.020_0030.02.aba.beta,True,7,11,0.10180282592773438,0.02512979507446289,0.0010025501251220703,0.12793517112731934,485,5,493,132,4230,705,10770
all/randm21.02.02.17.020_0030.03.aba.beta,True,17,11,0.2804877758026123,0.05157017707824707,0.0021088123321533203,0.3341667652130127,555,14,560,169,6417,1429,21322
all/randm21.02.02.17.020_0030.04.aba.beta,True,9,11,0.15921998023986816,0.024630069732666016,0.0015003681182861328,0.1853504180908203,657,7,672,176,6534,1074,16571
all/randm21.02.02.17.020_0030.05.aba.beta,True,10,11,0.17032313346862793,0.036641836166381836,0.00212860107421875,0.20909357070922852,475,8,478,157,4285,1272,19767
all/randm21.02.02.18.020_0030.01.aba.beta,True,27,18,1.877197504043579,0.3903510570526123,0.004104137420654297,2.2716526985168457,2815,19,2820,247,44923,2888,45347
all/randm21.02.02.18.020_0030.02.aba.beta,True,26,18,2.027655839920044,1.241650104522705,0.003283262252807617,3.2725892066955566,4224,18,4308,317,75302,2273,34620
all/randm21.02.02.18.020_0030.03.aba.beta,True,20,17,0.9407243728637695,0.26020288467407227,0.0032629966735839844,1.2041902542114258,1293,15,1309,222,16348,2180,33227
all/randm21.02.02.18.020_0030.04.aba.beta,True,18,18,1.4774589538574219,0.2662353515625,0.0017995834350585938,1.7454938888549805,3042,11,3228,403,41672,1348,20729
all/randm21.02.02.18.020_0030.05.aba.beta,True,28,18,3.026669502258301,2.0125396251678467,0.005167722702026367,5.044376850128174,4785,18,4797,254,73407,2917,44929
all/randm21.02.02.19.020_0030.01.aba.beta,True,11,12,0.14769697189331055,0.04088783264160156,0.0014362335205078125,0.19002103805541992,497,9,505,158,4562,1072,16597
all/randm21.02.02.19.020_0030.02.aba.beta,True,18,12,0.41370058059692383,0.10437989234924316,0.0028798580169677734,0.5209603309631348,709,14,712,193,10250,2006,30838
all/randm21.02.02.19.020_0030.03.aba.beta,True,15,12,0.21433234214782715,0.11763191223144531,0.0015246868133544922,0.33348894119262695,940,11,941,143,15673,1087,16715
all/randm21.02.02.19.020_0030.04.aba.beta,True,9,12,0.18966221809387207,0.03480696678161621,0.00115966796875,0.22562885284423828,1342,5,1348,137,18366,675,10491
all/randm21.02.02.19.020_0030.05.aba.beta,True,10,12,0.1642756462097168,0.036620378494262695,0.0011112689971923828,0.20200729370117188,605,6,612,155,5513,858,13271
all/randm22.02.02.01.020_0030.01.aba.beta,True,46,19,6.822310924530029,4.1188836097717285,0.00716400146484375,10.948358535766602,5484,35,5534,335,90379,4855,74659
all/randm22.02.02.01.020_0030.02.aba.beta,True,34,19,3.577913522720337,1.8387224674224854,0.0030629634857177734,5.41969895362854,4973,23,5019,280,85461,2130,31675
all/randm22.02.02.01.020_0030.03.aba.beta,True,35,19,6.947027206420898,16.620463371276855,0.0047338008880615234,23.572224378585815,10091,24,10135,320,214640,3319,50390
all/randm22.02.02.01.020_0030.04.aba.beta,True,39,19,11.61406397819519,29.91063952445984,0.0073757171630859375,41.532079219818115,15571,28,15603,324,301706,4698,74505
all/randm22.02.02.01.020_0030.05.aba.beta,True,36,19,2.0965120792388916,9.600014925003052,0.00498199462890625,11.70150899887085,4817,28,4838,287,69160,3024,45400
all/randm22.02.02.02.020_0030.01.aba.beta,True,28,18,1.639791488647461,1.8101928234100342,0.006583452224731445,3.4565677642822266,3461,21,3496,270,61566,4109,64036
all/randm22.02.02.02.020_0030.02.aba.beta,True,22,18,1.8680775165557861,1.1390814781188965,0.002825498580932617,3.0099844932556152,4061,13,4064,221,56194,2088,32145
all/randm22.02.02.02.020_0030.03.aba.beta,True,25,17,1.0053791999816895,0.3796985149383545,0.0041790008544921875,1.3892567157745361,2078,19,2078,212,29272,2691,41348
all/randm22.02.02.02.020_0030.04.aba.beta,True,15,18,0.606900691986084,0.21793222427368164,0.001321554183959961,0.8261544704437256,1710,10,1740,229,17332,950,14220
all/randm22.02.02.02.020_0030.05.aba.beta,True,12,16,0.38705015182495117,0.07585954666137695,0.0029137134552001953,0.4658234119415283,907,9,954,213,9344,1466,22764
all/randm22.02.02.03.020_0030.01.aba.beta,True,12,11,0.2521355152130127,0.04109907150268555,0.0015134811401367188,0.29474806785583496,838,9,838,161,9475,1020,15385
all/randm22.02.02.03.020_0030.02.aba.beta,True,17,11,0.21134376525878906,0.07914352416992188,0.0016443729400634766,0.2921316623687744,776,14,780,159,8071,1157,17335
all/randm22.02.02.03.020_0030.03.aba.beta,True,13,11,0.23194003105163574,0.040047645568847656,0.0018811225891113281,0.2738687992095947,525,9,542,160,5858,1299,20053
all/randm22.02.02.03.020_0030.04.aba.beta,True,15,11,0.29990053176879883,0.05275988578796387,0.002480030059814453,0.35514044761657715,648,12,677,187,6639,1294,19305
all/randm22.02.02.03.020_0030.05.aba.beta,True,12,11,0.18600988388061523,0.0386652946472168,0.001056671142578125,0.22573184967041016,559,8,579,136,6410,734,10961
all/randm22.02.02.04.020_0030.01.aba.beta,True,28,19,3.8678276538848877,148.04969382286072,0.003977298736572266,151.92149877548218,9462,19,9462,269,117054,2168,32829
all/randm22.02.02.04.020_0030.02.aba.beta,True,25,19,2.8602592945098877,59.73629307746887,0.004518985748291016,62.60107135772705,8853,18,8856,256,108299,3028,47802
all/randm22.02.02.04.020_0030.03.aba.beta,True,30,19,6.78581428527832,116.66951251029968,0.00505828857421875,123.46038508415222,17989,21,17989,290,266388,3074,47434
all/randm22.02.02.04.020_0030.04.aba.beta,True,26,19,1.6568381786346436,1.8952302932739258,0.003945827484130859,3.5560142993927,2828,18,2848,247,33916,2359,35872
all/randm22.02.02.04.020_0030.05.aba.beta,True,27,19,3.431600332260132,71.55776166915894,0.0023665428161621094,74.99172854423523,12547,16,12548,263,184746,1411,21549
all/randm22.02.02.05.020_0030.01.aba.beta,True,41,17,3.7157952785491943,6.365805625915527,0.010290861129760742,10.091891765594482,4416,34,4429,311,86999,6246,96809
all/randm22.02.02.05.020_0030.02.aba.beta,True,27,17,1.294301986694336,0.8806474208831787,0.002655506134033203,2.177604913711548,2083,21,2160,285,30042,2083,31016
all/randm22.02.02.05.020_0030.03.aba.beta,True,23,17,1.5554375648498535,0.4311339855194092,0.0032846927642822266,1.989856243133545,3846,15,3847,225,64413,2295,35506
all/randm22.02.02.05.020_0030.04.aba.beta,True,25,17,3.1614630222320557,3.3332149982452393,0.0023043155670166016,6.4969823360443115,7390,14,7431,273,121002,1703,25978
all/randm22.02.02.05.020_0030.05.aba.beta,True,38,17,3.059338331222534,2.306424379348755,0.008069753646850586,5.37383246421814,6646,28,6649,258,119694,4442,70202
all/randm22.02.02.06.020_0030.01.aba.beta,True,22,15,0.9514470100402832,0.21718955039978027,0.0026056766510009766,1.1712422370910645,2031,16,2031,197,34602,1702,25512
all/randm22.02.02.06.020_0030.02.aba.beta,True,14,15,0.36409950256347656,0.0647428035736084,0.0018324851989746094,0.43067479133605957,845,9,856,178,7720,1407,21649
all/randm22.02.02.06.020_0030.03.aba.beta,True,14,15,0.7698974609375,0.228590726852417,0.0020372867584228516,1.0005254745483398,2758,9,2760,189,45107,1369,21155
all/randm22.02.02.06.020_0030.04.aba.beta,True,12,15,0.6074504852294922,0.10961365699768066,0.002070903778076172,0.719135046005249,1990,7,1991,190,25937,1418,22234
all/randm22.02.02.06.020_0030.05.aba.beta,True,10,15,0.430159330368042,0.07041406631469727,0.0027108192443847656,0.503284215927124,1238,6,1249,187,17170,1582,24657
all/randm22.02.02.07.020_0030.01.aba.beta,True,10,11,0.172576904296875,0.027484655380249023,0.002719402313232422,0.20278096199035645,546,7,558,149,7005,1389,21648
all/randm22.02.02.07.020_0030.02.aba.beta,True,8,10,0.0903635025024414,0.018020153045654297,0.0015001296997070312,0.10988378524780273,407,6,407,118,3391,1125,17479
all/randm22.02.02.07.020_0030.03.aba.beta,True,7,11,0.10706043243408203,0.015227317810058594,0.0015823841094970703,0.1238701343536377,523,5,553,146,4776,844,12877
all/randm22.02.02.07.020_0030.04.aba.beta,True,8,11,0.06257081031799316,0.01709294319152832,0.0010001659393310547,0.08066391944885254,424,6,430,114,3375,792,12078
all/randm22.02.02.07.020_0030.05.aba.beta,True,13,11,0.17855620384216309,0.03060173988342285,0.0016813278198242188,0.21083927154541016,463,10,469,125,5205,932,13901
all/randm22.02.02.08.020_0030.01.aba.beta,True,27,18,3.746968984603882,2.6147146224975586,0.004616975784301758,6.366300582885742,7923,19,7974,319,134515,3330,52394
all/randm22.02.02.08.020_0030.02.aba.beta,True,16,15,0.39755845069885254,0.07776689529418945,0.003146648406982422,0.4784719944000244,644,13,685,209,7055,2238,35311
all/randm22.02.02.08.020_0030.03.aba.beta,True,13,16,0.30617356300354004,0.11369657516479492,0.0011496543884277344,0.4210197925567627,1052,9,1059,157,9422,893,13523
all/randm22.02.02.08.020_0030.04.aba.beta,True,27,15,0.9671549797058105,0.8741273880004883,0.003236055374145508,1.8445184230804443,1725,22,1725,198,26752,2382,36754
all/randm22.02.02.08.020_0030.05.aba.beta,True,25,18,1.1277601718902588,0.28966426849365234,0.005316495895385742,1.4227409362792969,1777,19,1824,250,25597,3919,61975
all/randm22.02.02.09.020_0030.01.aba.beta,True,21,16,0.7700130939483643,0.29934191703796387,0.0042989253997802734,1.0736539363861084,1592,17,1602,219,25621,3090,48541
all/randm22.02.02.09.020_0030.02.aba.beta,True,29,17,1.1808743476867676,0.2925887107849121,0.004910945892333984,1.4783740043640137,2066,24,2072,249,35534,3468,53259
all/randm22.02.02.09.020_0030.03.aba.beta,True,28,16,1.3474407196044922,0.8495326042175293,0.006877899169921875,2.2038512229919434,1946,22,1946,255,31233,4095,63438
all/randm22.02.02.09.020_0030.04.aba.beta,True,21,17,0.9192948341369629,0.3813915252685547,0.005572795867919922,1.3062591552734375,2246,16,2251,246,24330,2936,46570
all/randm22.02.02.09.020_0030.05.aba.beta,True,21,15,1.0862579345703125,0.30861949920654297,0.004855155944824219,1.3997325897216797,3309,15,3309,215,46865,3076,47914
all/randm22.02.02.10.020_0030.01.aba.beta,True,23,18,1.6322681903839111,0.47957348823547363,0.004347324371337891,2.1161890029907227,2800,14,2872,332,41402,2411,37994
all/randm22.02.02.10.020_0030.02.aba.beta,True,20,18,1.4788732528686523,1.0682041645050049,0.0026624202728271484,2.5497398376464844,3384,13,3443,268,51729,1988,30733
all/randm22.02.02.10.020_0030.03.aba.beta,True,15,17,2.382774829864502,3.721158981323242,0.0025930404663085938,6.106526851654053,7623,8,7647,233,118910,1237,19220
all/randm22.02.02.10.020_0030.04.aba.beta,True,23,18,0.970329761505127,0.3595900535583496,0.003595590591430664,1.3335154056549072,1514,17,1516,245,18928,2181,34397
all/randm22.02.02.10.020_0030.05.aba.beta,True,28,18,2.1843204498291016,1.4065158367156982,0.0034956932067871094,3.594331979751587,3700,20,3713,241,61965,2577,39767
all/randm22.02.02.11.020_0030.01.aba.beta,True,21,19,2.517117977142334,4.275895833969116,0.002106904983520508,6.795120716094971,7019,13,7019,237,97943,1383,20836
all/randm22.02.02.11.020_0030.02.aba.beta,True,28,19,1.8479087352752686,3.7166872024536133,0.0040378570556640625,5.568633794784546,4244,20,4268,254,68058,2615,40958
all/randm22.02.02.11.020_0030.03.aba.beta,True,20,19,1.9249746799468994,0.5037217140197754,0.002166748046875,2.43086314201355,4649,13,4727,315,63285,1524,22853
all/randm22.02.02.11.020_0030.04.aba.beta,True,25,19,2.3710403442382812,2.5350022315979004,0.002724170684814453,4.908766746520996,4718,19,4725,229,73088,1830,27526
all/randm22.02.02.11.020_0030.05.aba.beta,True,25,19,2.265111207962036,3.7922542095184326,0.0036559104919433594,6.061021327972412,6138,17,6144,230,96395,1983,29909
all/randm22.02.02.12.020_0030.01.aba.beta,True,18,15,1.4006590843200684,0.7970006465911865,0.003053903579711914,2.200713634490967,3949,13,3949,235,61742,1562,24067
all/randm22.02.02.12.020_0030.02.aba.beta,True,21,15,1.5249733924865723,0.9067668914794922,0.0024466514587402344,2.4341869354248047,3638,14,3648,242,58045,1605,23970
all/randm22.02.02.12.020_0030.03.aba.beta,True,23,15,1.309516191482544,0.979280948638916,0.0028028488159179688,2.291599988937378,3675,17,3676,224,61529,1616,23818
all/randm22.02.02.12.020_0030.04.aba.beta,True,29,15,1.1868247985839844,0.2883951663970947,0.0038008689880371094,1.4790208339691162,1973,21,1981,233,34269,2238,33637
all/randm22.02.02.12.020_0030.05.aba.beta,True,25,15,1.4378070831298828,0.2554514408111572,0.003286123275756836,1.6965446472167969,2460,18,2489,256,36130,2348,35508
all/randm22.02.02.13.020_0030.01.aba.beta,True,25,17,1.1978275775909424,0.30558085441589355,0.0023987293243408203,1.5058071613311768,1990,18,1994,215,23247,1831,27563
all/randm22.02.02.13.020_0030.02.aba.beta,True,34,17,4.767005443572998,18.88106656074524,0.005410194396972656,23.65348219871521,11613,27,11613,305,183736,3617,55409
all/randm22.02.02.13.020_0030.03.aba.beta,True,20,17,1.2969095706939697,1.3023707866668701,0.0020904541015625,2.6013708114624023,5203,12,5203,185,72378,1399,21493
all/randm22.02.02.13.020_0030.04.aba.beta,True,33,17,3.318502187728882,6.356367349624634,0.008203744888305664,9.683073282241821,3127,27,3154,342,46954,4945,75710
all/randm22.02.02.13.020_0030.05.aba.beta,True,25,17,1.001805067062378,0.45989203453063965,0.003831624984741211,1.4655287265777588,1339,19,1345,203,18641,2899,44526
all/randm22.02.02.14.020_0030.01.aba.beta,True,33,18,3.841226100921631,5.213146924972534,0.0071642398834228516,9.061537265777588,8709,26,8716,270,157302,4511,70388
all/randm22.02.02.14.020_0030.02.aba.beta,True,34,17,1.8405673503875732,2.727759599685669,0.006256818771362305,4.5745837688446045,2373,28,2376,261,32741,4106,62566
all/randm22.02.02.14.020_0030.03.aba.beta,True,31,17,3.3384804725646973,11.45513367652893,0.005972146987915039,14.799586296081543,5998,23,5998,253,105925,3116,47900
all/randm22.02.02.14.020_0030.04.aba.beta,True,28,18,3.6798527240753174,6.980679988861084,0.00396728515625,10.664499998092651,7874,20,7883,276,120042,2714,42298
all/randm22.02.02.14.020_0030.05.aba.beta,True,34,18,4.127951383590698,5.529942035675049,0.007598161697387695,9.665491580963135,8322,27,8344,346,152121,5246,82943
all/randm22.02.02.15.020_0030.01.aba.beta,True,8,10,0.08160710334777832,0.011029720306396484,0.0019140243530273438,0.09455084800720215,317,8,321,91,2873,1436,22228
all/randm22.02.02.15.020_0030.02.aba.beta,True,3,10,0.05660057067871094,0.0062274932861328125,0.001772165298461914,0.06460022926330566,281,2,292,92,2020,874,13822
all/randm22.02.02.15.020_0030.03.aba.beta,True,2,10,0.02956080436706543,0.002796173095703125,0.001068115234375,0.033425092697143555,321,2,331,76,2569,840,13363
all/randm22.02.02.15.020_0030.04.aba.beta,True,2,8,0.012054681777954102,0.0018343925476074219,0.0011196136474609375,0.015008687973022461,150,2,153,59,934,545,8635
all/randm22.02.02.15.020_0030.05.aba.beta,True,7,10,0.06652569770812988,0.01070094108581543,0.0012586116790771484,0.07848525047302246,338,5,345,99,2414,966,14898
all/randm22.02.02.16.020_0030.01.aba.beta,True,27,16,2.1997129917144775,3.7802348136901855,0.005842447280883789,5.985790252685547,2508,20,2535,298,45498,3649,56449
all/randm22.02.02.16.020_0030.02.aba.beta,True,27,16,3.6355884075164795,3.390998601913452,0.002713441848754883,7.0293004512786865,4180,19,4180,231,49044,1969,30310
all/randm22.02.02.16.020_0030.03.aba.beta,True,36,16,3.49079966545105,13.873563051223755,0.004801750183105469,17.36916446685791,5874,28,5880,284,126754,3313,51230
all/randm22.02.02.16.020_0030.04.aba.beta,True,32,16,3.6622095108032227,2.9592039585113525,0.004527091979980469,6.625940561294556,3831,23,3842,286,61095,2743,42048
all/randm22.02.02.16.020_0030.05.aba.beta,True,32,16,1.938185453414917,1.696570634841919,0.0052068233489990234,3.639962911605835,4145,24,4168,281,72397,3405,52689
all/randm22.02.02.17.020_0030.01.aba.beta,True,19,17,0.9424178600311279,0.27765607833862305,0.003219127655029297,1.2232930660247803,2043,13,2053,239,25484,2112,33067
all/randm22.02.02.17.020_0030.02.aba.beta,True,25,17,1.028550148010254,0.43026280403137207,0.0028009414672851562,1.4616138935089111,1438,21,1442,187,21160,2048,30658
all/randm22.02.02.17.020_0030.03.aba.beta,True,14,17,0.4928286075592041,0.14158034324645996,0.002156496047973633,0.6365654468536377,1227,9,1262,195,12969,1438,22098
all/randm22.02.02.17.020_0030.04.aba.beta,True,22,17,1.733043909072876,0.9009392261505127,0.0021245479583740234,2.6361076831817627,5726,14,5726,220,87214,1528,23184
all/randm22.02.02.17.020_0030.05.aba.beta,True,16,17,0.6741204261779785,0.19852566719055176,0.002364635467529297,0.8750107288360596,1720,10,1761,227,18942,1144,17415
all/randm22.02.02.18.020_0030.01.aba.beta,True,20,18,1.2737832069396973,0.326770544052124,0.0028460025787353516,1.6033997535705566,1710,13,1753,241,20802,2078,31970
all/randm22.02.02.18.020_0030.02.aba.beta,True,24,18,2.206984758377075,1.4983928203582764,0.0024368762969970703,3.7078144550323486,4927,15,4927,220,73623,1663,25118
all/randm22.02.02.18.020_0030.03.aba.beta,True,21,18,2.501310110092163,4.2179038524627686,0.001977205276489258,6.721191167831421,4966,13,4979,239,57521,1302,19355
all/randm22.02.02.18.020_0030.04.aba.beta,True,18,18,1.012474536895752,1.3395893573760986,0.0015556812286376953,2.3536195755004883,3188,11,3199,231,45969,1106,16746
all/randm22.02.02.18.020_0030.05.aba.beta,True,30,18,2.197618246078491,2.9969027042388916,0.003644704818725586,5.198165655136108,4084,21,4116,285,57725,2581,39304
all/randm22.02.02.19.020_0030.01.aba.beta,True,35,16,2.7260212898254395,5.715963840484619,0.00722050666809082,8.44920563697815,3250,27,3260,308,59678,4570,71611
all/randm22.02.02.19.020_0030.02.aba.beta,True,30,16,2.7398486137390137,1.7678165435791016,0.007298469543457031,4.514963626861572,4654,22,4662,281,80263,4411,68842
all/randm22.02.02.19.020_0030.03.aba.beta,True,33,16,3.166699171066284,2.4605984687805176,0.008249521255493164,5.635547161102295,4503,24,4516,323,87476,5247,83766
all/randm22.02.02.19.020_0030.04.aba.beta,True,34,16,2.6550636291503906,0.5157525539398193,0.0052661895751953125,3.1760823726654053,3090,26,3104,265,44828,3729,56548
all/randm22.02.02.19.020_0030.05.aba.beta,True,32,17,1.4848711490631104,0.6472032070159912,0.006133556365966797,2.1382079124450684,1665,26,1670,245,28032,4257,66684
all/randm23.02.02.01.020_0030.01.aba.beta,True,26,21,6.557565212249756,10.748197555541992,0.005114555358886719,17.310877323150635,12001,17,12014,316,208668,3337,52465
all/randm23.02.02.01.020_0030.02.aba.beta,True,40,21,4.775842189788818,14.686305046081543,0.007560253143310547,19.469707489013672,5647,30,5654,295,88623,4876,75661
all/randm23.02.02.01.020_0030.03.aba.beta,True,39,20,1.8524489402770996,0.426499605178833,0.0039615631103515625,2.282910108566284,2334,30,2392,313,31353,2913,44516
all/randm23.02.02.01.020_0030.04.aba.beta,True,23,21,3.8910045623779297,5.453030347824097,0.0036110877990722656,9.347645998001099,5914,15,5950,289,83408,2648,40970
all/randm23.02.02.01.020_0030.05.aba.beta,True,32,21,3.704871654510498,5.747595310211182,0.005642414093017578,9.458109378814697,5014,23,5040,308,72918,3243,50199
all/randm23.02.02.02.020_0030.01.aba.beta,True,38,19,5.481532096862793,24.27876591682434,0.007331371307373047,29.767629384994507,9102,26,9114,328,189765,4362,66975
all/randm23.02.02.02.020_0030.02.aba.beta,True,31,19,2.9126648902893066,1.0797975063323975,0.0029191970825195312,3.9953815937042236,5898,22,5920,238,103804,2154,32165
all/randm23.02.02.02.020_0030.03.aba.beta,True,32,19,4.0408666133880615,10.907468795776367,0.005130290985107422,14.953465700149536,7148,22,7148,260,124404,2948,45907
all/randm23.02.02.02.020_0030.04.aba.beta,True,25,19,2.663952350616455,5.014147043228149,0.0015561580657958984,7.6796555519104,15350,15,15373,263,303729,1079,16105
all/randm23.02.02.02.020_0030.05.aba.beta,True,25,19,2.656795024871826,2.266843318939209,0.002924680709838867,4.926563024520874,7222,14,7222,248,103887,2102,32333
all/randm23.02.02.03.020_0030.01.aba.beta,True,27,18,1.8069202899932861,0.9743106365203857,0.0035529136657714844,2.7847838401794434,4449,20,4611,396,77573,2647,40272
all/randm23.02.02.03.020_0030.02.aba.beta,True,33,16,1.5721111297607422,0.5889217853546143,0.004803895950317383,2.165836811065674,2458,27,2493,274,40988,3073,46536
all/randm23.02.02.03.020_0030.03.aba.beta,True,25,18,2.4188475608825684,0.9191479682922363,0.0014944076538085938,3.3394899368286133,5364,15,5395,237,79413,1073,16020
all/randm23.02.02.03.020_0030.04.aba.beta,True,29,18,2.433595657348633,0.6022953987121582,0.005577802658081055,3.041468858718872,2821,23,2866,298,41178,3705,56429
all/randm23.02.02.03.020_0030.05.aba.beta,True,26,16,1.4138495922088623,0.7746434211730957,0.002824544906616211,2.191317558288574,2624,18,2652,229,35931,1594,23492
all/randm23.02.02.04.020_0030.01.aba.beta,True,19,12,0.3222925662994385,0.07511234283447266,0.0018901824951171875,0.3992950916290283,782,14,799,185,12892,1390,20603
all/randm23.02.02.04.020_0030.02.aba.beta,True,21,12,0.45012378692626953,0.25721240043640137,0.0026764869689941406,0.710012674331665,756,18,760,184,6640,2003,30219
all/randm23.02.02.04.020_0030.03.aba.beta,True,18,12,0.4396038055419922,0.06447911262512207,0.0042629241943359375,0.5083458423614502,771,14,780,185,9819,2609,40646
all/randm23.02.02.04.020_0030.04.aba.beta,True,21,12,0.46477270126342773,0.0944974422454834,0.0027709007263183594,0.5620410442352295,884,17,885,168,11167,2037,31391
all/randm23.02.02.04.020_0030.05.aba.beta,True,19,12,0.534212589263916,0.13957977294921875,0.0028870105743408203,0.6766793727874756,796,15,805,175,11697,1956,29902
all/randm23.02.02.05.020_0030.01.aba.beta,True,37,23,7.184283494949341,14.699674606323242,0.008562088012695312,21.89252018928528,8869,26,8869,340,139114,4923,77339
all/randm23.02.02.05.020_0030.02.aba.beta,True,34,23,5.174851655960083,20.750182628631592,0.007414340972900391,25.932448625564575,15539,24,15546,328,260942,4930,77278
all/randm23.02.02.05.020_0030.03.aba.beta,True,35,23,11.05556344985962,71.71057605743408,0.008085966110229492,82.77422547340393,15582,24,15591,337,238482,5025,77738
all/randm23.02.02.05.020_0030.04.aba.beta,False,27,0,6.635821580886841,447.8056409358978,0.0017123222351074219,454.4431748390198,19974,14,19974,269,315820,969,14921
all/randm23.02.02.05.020_0030.05.aba.beta,True,33,23,11.19373083114624,161.54689168930054,0.003693103790283203,172.74431562423706,22445,22,22449,290,370432,2496,37927
all/randm23.02.02.06.020_0030.01.aba.beta,True,41,18,3.2726378440856934,5.677900552749634,0.010403633117675781,8.960942029953003,4325,34,4332,318,83578,6687,105263
all/randm23.02.02.06.020_0030.02.aba.beta,False,36,19,16.092002868652344,218.4247977733612,0.007409095764160156,234.5242097377777,20834,23,20834,339,443657,4117,64205
all/randm23.02.02.06.020_0030.03.aba.beta,False,37,0,5.220714330673218,266.7320444583893,0.0036187171936035156,271.9563775062561,11489,25,11498,282,212306,2433,35887
all/randm23.02.02.06.020_0030.04.aba.beta,True,37,18,3.8070108890533447,1.6416850090026855,0.009047985076904297,5.457743883132935,2918,28,2944,288,46644,5294,81920
all/randm23.02.02.06.020_0030.05.aba.beta,True,29,19,4.664912700653076,9.639650821685791,0.006372213363647461,14.310935735702515,5697,19,5717,303,96030,3965,62363
all/randm23.02.02.07.020_0030.01.aba.beta,True,22,20,1.7170825004577637,0.28031420707702637,0.0033066272735595703,2.0007033348083496,3563,14,3596,258,47495,2095,32277
all/randm23.02.02.07.020_0030.02.aba.beta,True,36,20,4.71584677696228,1.2937946319580078,0.008813142776489258,6.018454551696777,5130,26,5307,450,84691,5699,87428
all/randm23.02.02.07.020_0030.03.aba.beta,True,38,20,2.0269224643707275,0.8482394218444824,0.006898164749145508,2.8820600509643555,2050,30,2064,263,28968,4776,73153
all/randm23.02.02.07.020_0030.04.aba.beta,True,21,20,1.1426305770874023,0.6281235218048096,0.0028214454650878906,1.7735755443572998,2664,13,2731,266,34465,1674,25441
all/randm23.02.02.07.020_0030.05.aba.beta,True,21,20,2.0770111083984375,2.7108676433563232,0.00287628173828125,4.790755033493042,4362,14,4363,225,58203,1653,25187
all/randm23.02.02.08.020_0030.01.aba.beta,True,36,20,20.82935070991516,182.16725945472717,0.006665468215942383,203.00327563285828,30350,24,30361,324,550016,3960,61957
all/randm23.02.02.08.020_0030.02.aba.beta,True,28,20,5.564654588699341,17.58590817451477,0.004623889923095703,23.155186653137207,12516,17,12516,291,192134,2702,42179
all/randm23.02.02.08.020_0030.03.aba.beta,False,23,0,10.309077501296997,211.4385576248169,0.0011980533599853516,221.74883317947388,47097,11,47097,266,837836,853,12578
all/randm23.02.02.08.020_0030.04.aba.beta,True,23,20,2.6681013107299805,12.659871816635132,0.0031130313873291016,15.331086158752441,6135,14,6144,278,78643,1850,27987
all/randm23.02.02.08.020_0030.05.aba.beta,True,38,19,3.771998643875122,12.716686964035034,0.007181644439697266,16.495867252349854,8865,29,8865,335,111878,4818,76010
all/randm23.02.02.09.020_0030.01.aba.beta,True,22,21,1.7340850830078125,5.435478210449219,0.0026047229766845703,7.172168016433716,5377,16,5381,228,65820,1741,26076
all/randm23.02.02.09.020_0030.02.aba.beta,True,19,20,3.9492032527923584,5.548807859420776,0.0027751922607421875,9.500786304473877,13591,9,13591,236,191820,1476,23233
all/randm23.02.02.09.020_0030.03.aba.beta,True,25,21,3.6487810611724854,2.717963695526123,0.00403141975402832,6.370776176452637,6876,16,6925,324,88930,2847,44085
all/randm23.02.02.09.020_0030.04.aba.beta,True,19,21,1.3058085441589355,4.277442216873169,0.0026712417602539062,5.585922002792358,2897,12,2912,205,31194,1425,21779
all/randm23.02.02.09.020_0030.05.aba.beta,True,19,22,1.4565892219543457,1.3793284893035889,0.003381490707397461,2.839299201965332,3447,13,3466,267,47534,1782,27441
all/randm23.02.02.10.020_0030.01.aba.beta,True,38,19,2.8768692016601562,1.0613048076629639,0.006799936294555664,3.944973945617676,2837,28,2900,324,48561,4055,62558
all/randm23.02.02.10.020_0030.02.aba.beta,True,28,19,2.8435041904449463,4.331806421279907,0.0035829544067382812,7.178893566131592,4812,19,4823,253,93710,2415,36318
all/randm23.02.02.10.020_0030.03.aba.beta,True,30,19,2.356769323348999,2.437077522277832,0.004665374755859375,4.79851222038269,4122,21,4248,377,65020,2773,43957
all/randm23.02.02.10.020_0030.04.aba.beta,True,32,19,1.7762022018432617,0.6648681163787842,0.006397724151611328,2.4474680423736572,2040,24,2081,314,26209,4719,73587
all/randm23.02.02.10.020_0030.05.aba.beta,True,39,19,3.781557321548462,4.699256658554077,0.005834341049194336,8.486648321151733,4344,30,4365,283,68935,3593,55698
all/randm23.02.02.11.020_0030.01.aba.beta,True,13,15,0.31212377548217773,0.05834674835205078,0.0030727386474609375,0.37354326248168945,641,12,729,244,8228,1986,30920
all/randm23.02.02.11.020_0030.02.aba.beta,True,14,15,0.39911890029907227,0.07977056503295898,0.0034856796264648438,0.4823751449584961,992,12,1026,216,12018,2208,34015
all/randm23.02.02.11.020_0030.03.aba.beta,True,17,15,0.4729781150817871,0.1202237606048584,0.0034945011138916016,0.5966963768005371,922,14,936,216,11812,2155,33397
all/randm23.02.02.11.020_0030.04.aba.beta,True,13,15,0.24063992500305176,0.07186508178710938,0.0011947154998779297,0.31369972229003906,673,10,697,156,6345,917,13984
all/randm23.02.02.11.020_0030.05.aba.beta,True,10,15,0.17099785804748535,0.03831362724304199,0.0015232563018798828,0.21083474159240723,424,9,449,167,3627,1133,17297
all/randm23.02.02.12.020_0030.01.aba.beta,True,32,20,3.0894670486450195,4.5622475147247314,0.006010532379150391,7.657725095748901,5536,24,5550,265,77893,3558,54623
all/randm23.02.02.12.020_0030.02.aba.beta,True,27,20,5.713288307189941,10.057065963745117,0.0048067569732666016,15.775161027908325,12956,20,12956,276,221557,3155,48316
all/randm23.02.02.12.020_0030.03.aba.beta,True,15,19,1.4285359382629395,1.333777904510498,0.0017817020416259766,2.7640955448150635,7266,8,7285,244,104330,1312,20402
all/randm23.02.02.12.020_0030.04.aba.beta,True,32,20,4.591183662414551,10.034980773925781,0.005859851837158203,14.63202428817749,8690,25,8725,331,144533,4314,66376
all/randm23.02.02.12.020_0030.05.aba.beta,True,31,20,8.38166880607605,16.592260599136353,0.007169008255004883,24.981098413467407,13903,21,13903,332,220894,4485,70721
all/randm23.02.02.13.020_0030.01.aba.beta,True,16,16,0.5825290679931641,0.10337138175964355,0.0033860206604003906,0.689286470413208,1511,11,1543,207,23616,2488,38768
all/randm23.02.02.13.020_0030.02.aba.beta,True,23,17,1.1250252723693848,1.003364086151123,0.004177570343017578,2.1325669288635254,2826,18,2853,229,44423,2716,41784
all/randm23.02.02.13.020_0030.03.aba.beta,True,21,16,0.9791336059570312,0.1679697036743164,0.0029060840606689453,1.1500093936920166,2082,16,2202,322,31867,1984,30124
all/randm23.02.02.13.020_0030.04.aba.beta,True,26,16,1.5733823776245117,0.27426743507385254,0.004648923873901367,1.8522987365722656,2781,19,2805,216,41407,2875,46305
all/randm23.02.02.13.020_0030.05.aba.beta,True,35,19,6.477693796157837,12.801928281784058,0.007531404495239258,19.287153482437134,10350,26,10383,321,192277,5223,81783
all/randm23.02.02.14.020_0030.01.aba.beta,True,26,20,3.152925491333008,1.0532288551330566,0.002508401870727539,4.208662748336792,5193,16,5281,357,79333,1725,26311
all/randm23.02.02.14.020_0030.02.aba.beta,True,18,20,4.187597751617432,2.6027567386627197,0.0015287399291992188,6.791883230209351,14798,8,14809,258,218396,1090,16779
all/randm23.02.02.14.020_0030.03.aba.beta,True,29,20,2.6617660522460938,0.8868255615234375,0.005321025848388672,3.55391263961792,3618,19,3689,320,60300,3814,59956
all/randm23.02.02.14.020_0030.04.aba.beta,True,20,20,1.1849024295806885,0.2652614116668701,0.0013689994812011719,1.4515328407287598,3764,10,3773,207,49726,1006,15275
all/randm23.02.02.14.020_0030.05.aba.beta,True,33,20,3.428590774536133,14.077369689941406,0.006463527679443359,17.512423992156982,5380,23,5396,279,100144,4401,68997
all/randm23.02.02.15.020_0030.01.aba.beta,True,10,15,0.3444209098815918,0.06963109970092773,0.0011756420135498047,0.41522765159606934,1662,5,1704,205,18452,832,12974
all/randm23.02.02.15.020_0030.02.aba.beta,True,16,15,0.2990388870239258,0.07776069641113281,0.0014982223510742188,0.3782978057861328,1066,12,1080,180,13118,1115,16647
all/randm23.02.02.15.020_0030.03.aba.beta,True,12,15,0.19870257377624512,0.047945499420166016,0.0025115013122558594,0.249159574508667,512,9,543,147,4539,1819,28284
all/randm23.02.02.15.020_0030.04.aba.beta,True,11,15,0.2639579772949219,0.04633665084838867,0.002742767333984375,0.3130373954772949,706,9,766,215,9669,1686,26333
all/randm23.02.02.15.020_0030.05.aba.beta,True,12,15,0.3523867130279541,0.06042361259460449,0.0012040138244628906,0.4140143394470215,1487,9,1507,168,17798,898,13821
all/randm23.02.02.16.020_0030.01.aba.beta,True,19,20,0.8174774646759033,0.3349456787109375,0.0026929378509521484,1.155116081237793,2599,14,2617,238,26672,1462,21943
all/randm23.02.02.16.020_0030.02.aba.beta,True,17,20,0.9182732105255127,0.8769617080688477,0.0024890899658203125,1.7977240085601807,2809,11,2822,214,28708,1444,21883
all/randm23.02.02.16.020_0030.03.aba.beta,True,35,20,2.8490114212036133,2.455852508544922,0.0049953460693359375,5.309859275817871,2759,26,2782,278,34839,3456,52239
all/randm23.02.02.16.020_0030.04.aba.beta,True,13,20,0.4755852222442627,0.1669473648071289,0.0013663768768310547,0.6438989639282227,1104,9,1145,227,10283,964,14975
all/randm23.02.02.16.020_0030.05.aba.beta,True,17,20,1.5460922718048096,0.2943553924560547,0.001560211181640625,1.8420078754425049,4008,9,4026,236,54885,1185,18047
all/randm23.02.02.17.020_0030.01.aba.beta,True,21,17,1.9000911712646484,0.8321917057037354,0.005894899368286133,2.73817777633667,4387,15,4390,205,54845,3255,50958
all/randm23.02.02.17.020_0030.02.aba.beta,True,28,18,2.231233596801758,1.4267151355743408,0.006456136703491211,3.66440486907959,6227,20,6230,230,92472,4135,65160
all/randm23.02.02.17.020_0030.03.aba.beta,True,17,18,2.3915648460388184,5.297771453857422,0.0017609596252441406,7.691097259521484,12718,8,12721,235,202816,853,12956
all/randm23.02.02.17.020_0030.04.aba.beta,True,19,17,1.0769591331481934,0.27772045135498047,0.0025098323822021484,1.357189416885376,3480,14,3519,243,52730,1595,23968
all/randm23.02.02.17.020_0030.05.aba.beta,True,21,18,1.5674536228179932,0.6990807056427002,0.002184152603149414,2.2687184810638428,4518,15,4528,227,61289,1535,23307
all/randm23.02.02.18.020_0030.01.aba.beta,True,15,14,0.45612287521362305,0.08449172973632812,0.0029764175415039062,0.5435910224914551,767,11,802,177,6573,1685,25991
all/randm23.02.02.18.020_0030.02.aba.beta,True,6,10,0.08064651489257812,0.027141809463500977,0.001260519027709961,0.10904884338378906,645,3,645,113,5478,564,8796
all/randm23.02.02.18.020_0030.03.aba.beta,True,14,13,0.42430639266967773,0.1268768310546875,0.002402067184448242,0.5535852909088135,1125,9,1129,173,10662,1184,18041
all/randm23.02.02.18.020_0030.04.aba.beta,True,12,13,0.2646045684814453,0.05056333541870117,0.0016090869903564453,0.31677699089050293,729,9,740,156,6689,1089,16423
all/randm23.02.02.18.020_0030.05.aba.beta,True,9,14,0.2655303478240967,0.045615434646606445,0.0012302398681640625,0.3123760223388672,791,6,803,173,7322,896,13921
all/randm23.02.02.19.020_0030.01.aba.beta,False,45,18,20.00378441810608,217.13865065574646,0.010530233383178711,237.15296530723572,27633,33,27633,366,441630,6314,98900
all/randm23.02.02.19.020_0030.02.aba.beta,False,24,17,3.1570751667022705,821.1065826416016,0.0018124580383300781,824.2654702663422,24898,14,24898,275,340811,1297,19904
all/randm23.02.02.19.020_0030.03.aba.beta,False,33,0,6.513469219207764,460.18039321899414,0.0031626224517822266,466.6970250606537,24558,21,24559,277,401845,2047,30346
all/randm23.02.02.19.020_0030.04.aba.beta,False,26,0,3.664785861968994,478.15646052360535,0.001104116439819336,481.82235050201416,21921,15,21921,246,402195,653,8866
all/randm23.02.02.19.020_0030.05.aba.beta,False,47,17,4.995338439941406,333.7000982761383,0.007463932037353516,338.70290064811707,13377,36,13377,316,216268,4794,75054
