file name,succeeded,learning_rounds,automaton_size,learning_time,smt_time,eq_oracle_time,total_time,queries_learning,validity_query,nodes,informative_nodes,sul_steps,queries_eq_oracle,steps_eq_oracle
all/randm04.02.02.01.020_0030.01.aba.beta,True,1,3,0.0007092952728271484,0.00040459632873535156,0.0008220672607421875,0.0019359588623046875,32,1,32,26,112,533,8584
all/randm04.02.02.01.020_0030.02.aba.beta,True,1,4,0.0009436607360839844,0.0005283355712890625,0.000885009765625,0.002357006072998047,39,1,39,30,138,535,8587
all/randm04.02.02.01.020_0030.03.aba.beta,True,1,4,0.0008404254913330078,0.0004825592041015625,0.0010013580322265625,0.002324342727661133,41,1,41,28,149,530,8568
all/randm04.02.02.01.020_0030.04.aba.beta,True,1,4,0.0007016658782958984,0.0004239082336425781,0.00067901611328125,0.0018045902252197266,39,1,39,32,138,537,8595
all/randm04.02.02.01.020_0030.05.aba.beta,True,1,4,0.0009844303131103516,0.0006015300750732422,0.0009703636169433594,0.002556324005126953,41,1,41,33,149,541,8609
all/randm04.02.02.02.020_0030.01.aba.beta,True,1,1,0.000156402587890625,0.00028228759765625,0.0008618831634521484,0.0013005733489990234,15,1,15,15,34,543,8623
all/randm04.02.02.02.020_0030.02.aba.beta,True,1,1,0.0001468658447265625,0.00032329559326171875,0.0007810592651367188,0.001251220703125,15,1,15,15,34,537,8598
all/randm04.02.02.02.020_0030.03.aba.beta,True,1,1,0.0001571178436279297,0.0004794597625732422,0.0008893013000488281,0.00152587890625,15,1,15,13,34,527,8532
all/randm04.02.02.02.020_0030.04.aba.beta,True,1,1,0.00026798248291015625,0.0005292892456054688,0.001115560531616211,0.001912832260131836,15,1,15,15,34,536,8589
all/randm04.02.02.02.020_0030.05.aba.beta,True,1,1,0.00016927719116210938,0.00039386749267578125,0.0008459091186523438,0.0014090538024902344,15,1,15,15,34,536,8583
all/randm04.02.02.03.020_0030.01.aba.beta,True,1,3,0.0004334449768066406,0.0003132820129394531,0.0007169246673583984,0.0014636516571044922,31,1,31,25,106,530,8548
all/randm04.02.02.03.020_0030.02.aba.beta,True,1,3,0.0006604194641113281,0.0004754066467285156,0.001338958740234375,0.0024747848510742188,31,1,31,18,106,531,8567
all/randm04.02.02.03.020_0030.03.aba.beta,True,1,3,0.0007107257843017578,0.0005483627319335938,0.0013010501861572266,0.002560138702392578,31,1,31,25,106,537,8595
all/randm04.02.02.03.020_0030.04.aba.beta,True,1,3,0.00043702125549316406,0.0003268718719482422,0.0007867813110351562,0.0015506744384765625,31,1,31,26,106,540,8609
all/randm04.02.02.03.020_0030.05.aba.beta,True,2,3,0.00091552734375,0.0009262561798095703,0.001024007797241211,0.0028657913208007812,36,2,36,25,136,539,8586
all/randm04.02.02.04.020_0030.01.aba.beta,True,1,1,0.0001544952392578125,0.0003790855407714844,0.0006804466247558594,0.0012140274047851562,15,1,15,14,34,529,8558
all/randm04.02.02.04.020_0030.02.aba.beta,True,1,1,0.00011610984802246094,0.00023102760314941406,0.0008122920989990234,0.0011594295501708984,15,1,15,15,34,531,8570
all/randm04.02.02.04.020_0030.03.aba.beta,True,1,1,0.00013709068298339844,0.0002601146697998047,0.001390218734741211,0.001787424087524414,15,1,15,15,34,532,8571
all/randm04.02.02.04.020_0030.04.aba.beta,True,1,1,0.00018525123596191406,0.00039958953857421875,0.0013036727905273438,0.0018885135650634766,15,1,15,15,34,535,8587
all/randm04.02.02.04.020_0030.05.aba.beta,True,1,1,0.00018143653869628906,0.00039267539978027344,0.0009603500366210938,0.0015344619750976562,15,1,15,15,34,539,8598
all/randm04.02.02.05.020_0030.01.aba.beta,True,1,2,0.0002467632293701172,0.0002799034118652344,0.0007131099700927734,0.001239776611328125,23,1,23,19,66,533,8580
all/randm04.02.02.05.020_0030.02.aba.beta,True,1,2,0.00038170814514160156,0.0003292560577392578,0.000993490219116211,0.0017044544219970703,23,1,23,17,66,529,8561
all/randm04.02.02.05.020_0030.03.aba.beta,True,1,2,0.00026345252990722656,0.00026106834411621094,0.0006961822509765625,0.001220703125,23,1,23,20,66,538,8604
all/randm04.02.02.05.020_0030.04.aba.beta,True,1,2,0.0005369186401367188,0.0005156993865966797,0.0012402534484863281,0.0022928714752197266,23,1,23,21,66,531,8548
all/randm04.02.02.05.020_0030.05.aba.beta,True,1,2,0.0003440380096435547,0.0004305839538574219,0.000804901123046875,0.0015795230865478516,23,1,23,19,66,528,8549
all/randm04.02.02.06.020_0030.01.aba.beta,True,1,3,0.0009088516235351562,0.0005266666412353516,0.0012097358703613281,0.002645254135131836,34,1,34,24,113,526,8530
all/randm04.02.02.06.020_0030.02.aba.beta,True,1,3,0.00039839744567871094,0.00032591819763183594,0.0006899833679199219,0.0014142990112304688,31,1,31,27,98,540,8611
all/randm04.02.02.06.020_0030.03.aba.beta,True,1,3,0.0004088878631591797,0.0003514289855957031,0.0007035732269287109,0.0014638900756835938,31,1,31,25,98,536,8596
all/randm04.02.02.06.020_0030.04.aba.beta,True,1,3,0.0006330013275146484,0.0005435943603515625,0.0011768341064453125,0.0023534297943115234,32,1,32,25,103,539,8609
all/randm04.02.02.06.020_0030.05.aba.beta,True,1,3,0.0005409717559814453,0.0003609657287597656,0.0007240772247314453,0.0016260147094726562,31,1,31,29,98,540,8605
all/randm04.02.02.07.020_0030.01.aba.beta,True,1,2,0.0003485679626464844,0.0004527568817138672,0.0009162425994873047,0.0017175674438476562,23,1,23,20,66,531,8557
all/randm04.02.02.07.020_0030.02.aba.beta,True,1,2,0.00022554397583007812,0.00027060508728027344,0.0006918907165527344,0.001188039779663086,23,1,23,18,66,531,8567
all/randm04.02.02.07.020_0030.03.aba.beta,True,1,2,0.0003399848937988281,0.0004601478576660156,0.001132965087890625,0.0019330978393554688,23,1,23,23,66,538,8600
all/randm04.02.02.07.020_0030.04.aba.beta,True,1,2,0.0003428459167480469,0.0004494190216064453,0.001165628433227539,0.0019578933715820312,23,1,23,22,66,538,8598
all/randm04.02.02.07.020_0030.05.aba.beta,True,1,2,0.00022339820861816406,0.0002830028533935547,0.0008497238159179688,0.0013561248779296875,23,1,23,21,66,541,8614
all/randm04.02.02.08.020_0030.01.aba.beta,True,2,4,0.0015139579772949219,0.0008330345153808594,0.0007753372192382812,0.0031223297119140625,67,2,68,47,741,592,9322
all/randm04.02.02.08.020_0030.02.aba.beta,True,2,4,0.00146484375,0.0007643699645996094,0.0007545948028564453,0.0029838085174560547,56,2,56,31,267,561,9006
all/randm04.02.02.08.020_0030.03.aba.beta,True,2,4,0.002006053924560547,0.0014073848724365234,0.0009517669677734375,0.004365205764770508,49,2,49,36,239,601,9525
all/randm04.02.02.08.020_0030.04.aba.beta,True,1,4,0.0006721019744873047,0.00036787986755371094,0.0006999969482421875,0.0017399787902832031,41,1,42,27,169,540,8611
all/randm04.02.02.08.020_0030.05.aba.beta,True,1,4,0.0008032321929931641,0.0004975795745849609,0.0006966590881347656,0.0019974708557128906,42,1,43,30,176,539,8610
all/randm04.02.02.09.020_0030.01.aba.beta,True,1,3,0.000644683837890625,0.0005309581756591797,0.0012264251708984375,0.002402067184448242,31,1,31,26,106,535,8593
all/randm04.02.02.09.020_0030.02.aba.beta,True,1,3,0.0004379749298095703,0.0003204345703125,0.000762939453125,0.0015213489532470703,31,1,31,21,106,524,8524
all/randm04.02.02.09.020_0030.03.aba.beta,True,1,3,0.0006499290466308594,0.0004923343658447266,0.0012421607971191406,0.0023844242095947266,31,1,31,23,106,535,8591
all/randm04.02.02.09.020_0030.04.aba.beta,True,1,3,0.0004076957702636719,0.00029540061950683594,0.0007331371307373047,0.0014362335205078125,31,1,31,22,106,537,8596
all/randm04.02.02.09.020_0030.05.aba.beta,True,1,3,0.0004010200500488281,0.00030732154846191406,0.000675201416015625,0.0013835430145263672,31,1,31,26,106,536,8591
all/randm04.02.02.10.020_0030.01.aba.beta,True,1,4,0.0006585121154785156,0.00041985511779785156,0.0007643699645996094,0.0018427371978759766,40,1,40,27,144,534,8589
all/randm04.02.02.10.020_0030.02.aba.beta,True,1,4,0.0006115436553955078,0.00037217140197753906,0.0007357597351074219,0.0017194747924804688,39,1,39,26,138,520,8520
all/randm04.02.02.10.020_0030.03.aba.beta,True,1,4,0.0007350444793701172,0.0006628036499023438,0.0010693073272705078,0.0024671554565429688,39,1,39,31,138,534,8577
all/randm04.02.02.10.020_0030.04.aba.beta,True,1,4,0.0008249282836914062,0.0006122589111328125,0.0011692047119140625,0.0026063919067382812,42,1,42,26,155,535,8594
all/randm04.02.02.10.020_0030.05.aba.beta,True,1,4,0.0006344318389892578,0.0003948211669921875,0.0009005069732666016,0.0019297599792480469,40,1,40,29,144,539,8609
all/randm04.02.02.11.020_0030.01.aba.beta,True,1,4,0.0005774497985839844,0.0003986358642578125,0.0007038116455078125,0.0016798973083496094,39,1,39,31,138,539,8610
all/randm04.02.02.11.020_0030.02.aba.beta,True,1,4,0.0005638599395751953,0.00037169456481933594,0.000713348388671875,0.0016489028930664062,39,1,39,31,138,539,8604
all/randm04.02.02.11.020_0030.03.aba.beta,True,1,4,0.0012536048889160156,0.0006511211395263672,0.0012199878692626953,0.003124713897705078,43,1,43,35,160,542,8618
all/randm04.02.02.11.020_0030.04.aba.beta,True,1,4,0.0013594627380371094,0.0005896091461181641,0.001421213150024414,0.0033702850341796875,44,1,44,29,168,537,8600
all/randm04.02.02.11.020_0030.05.aba.beta,True,1,4,0.0005905628204345703,0.0003311634063720703,0.0007231235504150391,0.0016448497772216797,43,1,43,24,162,519,8506
all/randm04.02.02.12.020_0030.01.aba.beta,True,1,3,0.0004076957702636719,0.00035381317138671875,0.0007200241088867188,0.0014815330505371094,31,1,31,26,106,535,8576
all/randm04.02.02.12.020_0030.02.aba.beta,True,1,3,0.0006041526794433594,0.0005164146423339844,0.001154184341430664,0.002274751663208008,31,1,31,22,106,541,8617
all/randm04.02.02.12.020_0030.03.aba.beta,True,1,3,0.0006396770477294922,0.0005333423614501953,0.0012660026550292969,0.0024390220642089844,31,1,31,26,106,543,8611
all/randm04.02.02.12.020_0030.04.aba.beta,True,1,3,0.0004181861877441406,0.00040078163146972656,0.0007989406585693359,0.0016179084777832031,31,1,31,28,106,535,8584
all/randm04.02.02.12.020_0030.05.aba.beta,True,1,3,0.0004878044128417969,0.00035762786865234375,0.0010254383087158203,0.001870870590209961,31,1,31,23,106,530,8562
all/randm04.02.02.13.020_0030.01.aba.beta,True,1,1,0.0001068115234375,0.00022983551025390625,0.0007030963897705078,0.001039743423461914,15,1,15,14,34,528,8539
all/randm04.02.02.13.020_0030.02.aba.beta,True,1,1,0.00016832351684570312,0.00039196014404296875,0.0011887550354003906,0.0017490386962890625,15,1,15,15,34,535,8584
all/randm04.02.02.13.020_0030.03.aba.beta,True,1,1,0.0001087188720703125,0.00024819374084472656,0.0007998943328857422,0.0011568069458007812,15,1,15,14,34,534,8583
all/randm04.02.02.13.020_0030.04.aba.beta,True,1,1,0.00011467933654785156,0.0002448558807373047,0.0006818771362304688,0.001041412353515625,15,1,15,14,34,537,8593
all/randm04.02.02.13.020_0030.05.aba.beta,True,1,1,0.00011563301086425781,0.00023818016052246094,0.000698089599609375,0.0010519027709960938,15,1,15,15,34,543,8623
all/randm04.02.02.14.020_0030.01.aba.beta,True,1,4,0.0007452964782714844,0.00036025047302246094,0.0007030963897705078,0.0018086433410644531,41,1,41,33,149,540,8604
all/randm04.02.02.14.020_0030.02.aba.beta,True,1,4,0.0010006427764892578,0.0005774497985839844,0.0012485980987548828,0.002826690673828125,44,1,44,26,168,535,8590
all/randm04.02.02.14.020_0030.03.aba.beta,True,1,4,0.0009706020355224609,0.0006203651428222656,0.0012025833129882812,0.002793550491333008,39,1,39,29,138,535,8588
all/randm04.02.02.14.020_0030.04.aba.beta,True,1,4,0.00118255615234375,0.0005950927734375,0.0013685226440429688,0.0031461715698242188,42,1,42,30,155,533,8584
all/randm04.02.02.14.020_0030.05.aba.beta,True,1,4,0.0005834102630615234,0.0003504753112792969,0.0007061958312988281,0.0016400814056396484,39,1,39,29,138,532,8565
all/randm04.02.02.15.020_0030.01.aba.beta,True,1,2,0.00020575523376464844,0.00024199485778808594,0.0007431507110595703,0.0011909008026123047,23,1,23,15,66,533,8586
all/randm04.02.02.15.020_0030.02.aba.beta,True,1,2,0.0003151893615722656,0.0004260540008544922,0.0012311935424804688,0.0019724369049072266,23,1,23,18,66,532,8581
all/randm04.02.02.15.020_0030.03.aba.beta,True,1,2,0.00022077560424804688,0.00025916099548339844,0.0006906986236572266,0.0011706352233886719,23,1,23,21,66,541,8605
all/randm04.02.02.15.020_0030.04.aba.beta,True,1,2,0.000255584716796875,0.000270843505859375,0.0007712841033935547,0.0012977123260498047,23,1,23,22,66,542,8616
all/randm04.02.02.15.020_0030.05.aba.beta,True,1,2,0.0003299713134765625,0.0004374980926513672,0.0011277198791503906,0.0018951892852783203,23,1,23,19,66,534,8580
all/randm04.02.02.16.020_0030.01.aba.beta,True,1,3,0.0006449222564697266,0.0005369186401367188,0.0007884502410888672,0.0019702911376953125,31,1,31,25,106,531,8564
all/randm04.02.02.16.020_0030.02.aba.beta,True,1,3,0.0006396770477294922,0.0005316734313964844,0.0008754730224609375,0.002046823501586914,32,1,32,22,112,532,8561
all/randm04.02.02.16.020_0030.03.aba.beta,True,1,3,0.0003833770751953125,0.00029468536376953125,0.0008318424224853516,0.0015099048614501953,31,1,31,22,106,537,8596
all/randm04.02.02.16.020_0030.04.aba.beta,True,1,3,0.0004858970642089844,0.0005104541778564453,0.0011060237884521484,0.002102375030517578,32,1,32,24,112,541,8613
all/randm04.02.02.16.020_0030.05.aba.beta,True,2,3,0.0008833408355712891,0.0007312297821044922,0.0008146762847900391,0.0024292469024658203,45,2,45,38,267,553,8763
all/randm04.02.02.17.020_0030.01.aba.beta,True,1,3,0.00038504600524902344,0.0003941059112548828,0.0007472038269042969,0.0015263557434082031,31,1,31,25,106,539,8604
all/randm04.02.02.17.020_0030.02.aba.beta,True,1,3,0.0004911422729492188,0.00033974647521972656,0.0007512569427490234,0.0015821456909179688,31,1,31,24,106,537,8590
all/randm04.02.02.17.020_0030.03.aba.beta,True,1,3,0.0004456043243408203,0.0003440380096435547,0.0007617473602294922,0.0015513896942138672,31,1,31,25,106,526,8526
all/randm04.02.02.17.020_0030.04.aba.beta,True,1,3,0.00041413307189941406,0.0003190040588378906,0.0007181167602539062,0.001451253890991211,31,1,31,21,106,524,8517
all/randm04.02.02.17.020_0030.05.aba.beta,True,1,3,0.00040078163146972656,0.0003027915954589844,0.000690460205078125,0.001394033432006836,31,1,31,26,106,529,8521
all/randm04.02.02.18.020_0030.01.aba.beta,True,1,4,0.0005960464477539062,0.00035881996154785156,0.0006861686706542969,0.0016410350799560547,41,1,41,31,149,544,8628
all/randm04.02.02.18.020_0030.02.aba.beta,True,1,4,0.000743865966796875,0.0008018016815185547,0.001184225082397461,0.0027298927307128906,39,1,39,29,138,539,8608
all/randm04.02.02.18.020_0030.03.aba.beta,True,1,4,0.0006780624389648438,0.0005183219909667969,0.0011680126190185547,0.0023643970489501953,41,1,41,29,149,536,8595
all/randm04.02.02.18.020_0030.04.aba.beta,True,1,4,0.0005795955657958984,0.0004923343658447266,0.0009949207305908203,0.0020668506622314453,39,1,39,31,138,535,8584
all/randm04.02.02.18.020_0030.05.aba.beta,True,1,4,0.0005960464477539062,0.00038623809814453125,0.0006999969482421875,0.001682281494140625,39,1,39,27,138,535,8591
all/randm04.02.02.19.020_0030.01.aba.beta,True,1,3,0.0005753040313720703,0.0003142356872558594,0.0006873607635498047,0.0015769004821777344,31,1,31,25,106,531,8554
all/randm04.02.02.19.020_0030.02.aba.beta,True,1,3,0.0006315708160400391,0.0005128383636474609,0.00116729736328125,0.00231170654296875,31,1,31,25,106,539,8594
all/randm04.02.02.19.020_0030.03.aba.beta,True,1,3,0.0006051063537597656,0.0005044937133789062,0.0011265277862548828,0.0022361278533935547,31,1,31,23,106,529,8557
all/randm04.02.02.19.020_0030.04.aba.beta,True,1,3,0.0003998279571533203,0.00032830238342285156,0.0007231235504150391,0.001451253890991211,31,1,31,24,106,531,8568
all/randm04.02.02.19.020_0030.05.aba.beta,True,2,3,0.0008101463317871094,0.0005948543548583984,0.0008130073547363281,0.002218008041381836,49,2,49,32,401,546,8655
all/randm05.02.02.01.020_0030.01.aba.beta,True,1,3,0.0003902912139892578,0.0003025531768798828,0.0006933212280273438,0.0013861656188964844,31,1,31,26,106,531,8556
all/randm05.02.02.01.020_0030.02.aba.beta,True,1,3,0.0006053447723388672,0.0005052089691162109,0.0012390613555908203,0.0023496150970458984,31,1,31,26,106,537,8597
all/randm05.02.02.01.020_0030.03.aba.beta,True,1,3,0.00040435791015625,0.0002925395965576172,0.000698089599609375,0.0013949871063232422,33,1,33,22,118,544,8629
all/randm05.02.02.01.020_0030.04.aba.beta,True,1,3,0.0004107952117919922,0.00045418739318847656,0.001127004623413086,0.0019919872283935547,31,1,31,26,106,534,8575
all/randm05.02.02.01.020_0030.05.aba.beta,True,1,3,0.0005977153778076172,0.0005171298980712891,0.0006837844848632812,0.0017986297607421875,31,1,31,24,106,522,8506
all/randm05.02.02.02.020_0030.01.aba.beta,True,1,3,0.0005731582641601562,0.0003447532653808594,0.0006940364837646484,0.001611948013305664,34,1,35,25,125,521,8506
all/randm05.02.02.02.020_0030.02.aba.beta,True,1,3,0.0006232261657714844,0.0005185604095458984,0.0011472702026367188,0.0022890567779541016,31,1,31,19,106,534,8586
all/randm05.02.02.02.020_0030.03.aba.beta,True,1,3,0.0004239082336425781,0.0002994537353515625,0.0006985664367675781,0.0014219284057617188,31,1,31,22,106,527,8546
all/randm05.02.02.02.020_0030.04.aba.beta,True,1,3,0.0009026527404785156,0.0004000663757324219,0.000766754150390625,0.0020694732666015625,32,1,32,28,112,534,8580
all/randm05.02.02.02.020_0030.05.aba.beta,True,1,3,0.0006823539733886719,0.0006220340728759766,0.0007658004760742188,0.002070188522338867,32,1,32,24,112,532,8569
all/randm05.02.02.03.020_0030.01.aba.beta,True,1,1,0.00015854835510253906,0.0002796649932861328,0.0008282661437988281,0.0012664794921875,15,1,15,15,34,543,8619
all/randm05.02.02.03.020_0030.02.aba.beta,True,1,1,0.00010919570922851562,0.0002315044403076172,0.0007154941558837891,0.0010561943054199219,15,1,15,15,34,538,8597
all/randm05.02.02.03.020_0030.03.aba.beta,True,1,1,0.00010800361633300781,0.0002410411834716797,0.0007007122039794922,0.0010497570037841797,15,1,15,14,34,537,8598
all/randm05.02.02.03.020_0030.04.aba.beta,True,1,1,0.00016045570373535156,0.00039315223693847656,0.0009639263153076172,0.0015175342559814453,15,1,15,14,34,534,8583
all/randm05.02.02.03.020_0030.05.aba.beta,True,1,1,0.00012302398681640625,0.00022554397583007812,0.0009849071502685547,0.001333475112915039,15,1,15,12,34,521,8531
all/randm05.02.02.04.020_0030.01.aba.beta,True,2,5,0.0027420520782470703,0.0014462471008300781,0.0008254051208496094,0.005013704299926758,68,2,70,45,360,582,9172
all/randm05.02.02.04.020_0030.02.aba.beta,True,1,5,0.0012259483337402344,0.0008902549743652344,0.0010237693786621094,0.003139972686767578,56,1,58,33,233,535,8588
all/randm05.02.02.04.020_0030.03.aba.beta,True,1,5,0.0011935234069824219,0.0005009174346923828,0.0007410049438476562,0.002435445785522461,54,1,54,43,219,546,8633
all/randm05.02.02.04.020_0030.04.aba.beta,True,1,5,0.0011749267578125,0.0005013942718505859,0.0007796287536621094,0.0024559497833251953,57,1,57,38,235,541,8615
all/randm05.02.02.04.020_0030.05.aba.beta,True,2,5,0.0018768310546875,0.0008709430694580078,0.0007760524749755859,0.0035238265991210938,66,2,67,39,404,572,9067
all/randm05.02.02.05.020_0030.01.aba.beta,True,3,4,0.001331329345703125,0.0011334419250488281,0.0006988048553466797,0.003163576126098633,45,3,45,30,194,551,8627
all/randm05.02.02.05.020_0030.02.aba.beta,True,1,4,0.0008349418640136719,0.00036644935607910156,0.0006968975067138672,0.0018982887268066406,44,1,44,31,186,533,8570
all/randm05.02.02.05.020_0030.03.aba.beta,True,1,4,0.0007941722869873047,0.0003464221954345703,0.0007078647613525391,0.001848459243774414,43,1,43,28,180,532,8559
all/randm05.02.02.05.020_0030.04.aba.beta,True,3,4,0.003034353256225586,0.0017633438110351562,0.0009493827819824219,0.005747079849243164,66,3,67,48,554,592,9324
all/randm05.02.02.05.020_0030.05.aba.beta,True,1,4,0.0009157657623291016,0.0005855560302734375,0.0011873245239257812,0.0026886463165283203,39,1,39,30,154,535,8569
all/randm05.02.02.06.020_0030.01.aba.beta,True,6,5,0.004370689392089844,0.004138946533203125,0.0013163089752197266,0.009825944900512695,103,5,104,57,648,638,9809
all/randm05.02.02.06.020_0030.02.aba.beta,True,3,5,0.0022554397583007812,0.002527952194213867,0.0008363723754882812,0.00561976432800293,87,2,87,50,470,555,8716
all/randm05.02.02.06.020_0030.03.aba.beta,True,2,5,0.0019245147705078125,0.0009200572967529297,0.0009367465972900391,0.0037813186645507812,66,2,67,43,373,546,8676
all/randm05.02.02.06.020_0030.04.aba.beta,True,5,5,0.004281282424926758,0.004369020462036133,0.0012202262878417969,0.009870529174804688,117,4,117,56,1061,597,9265
all/randm05.02.02.06.020_0030.05.aba.beta,True,4,5,0.0037689208984375,0.004015445709228516,0.00078582763671875,0.008570194244384766,96,3,96,50,549,566,8777
all/randm05.02.02.07.020_0030.01.aba.beta,True,4,5,0.0035872459411621094,0.0037381649017333984,0.0009169578552246094,0.008242368698120117,103,3,103,68,623,655,10176
all/randm05.02.02.07.020_0030.02.aba.beta,True,4,5,0.003057718276977539,0.003931760787963867,0.0007944107055664062,0.0077838897705078125,101,3,101,66,624,656,10191
all/randm05.02.02.07.020_0030.03.aba.beta,True,6,5,0.005158901214599609,0.00489044189453125,0.0014929771423339844,0.011542320251464844,115,5,115,80,851,736,11373
all/randm05.02.02.07.020_0030.04.aba.beta,True,5,5,0.0036063194274902344,0.0029087066650390625,0.0015747547149658203,0.008089780807495117,128,4,128,74,1277,866,13579
all/randm05.02.02.07.020_0030.05.aba.beta,True,5,5,0.005304574966430664,0.006044864654541016,0.0015192031860351562,0.012868642807006836,127,4,128,86,1011,783,12252
all/randm05.02.02.08.020_0030.01.aba.beta,True,1,3,0.0003757476806640625,0.0002923011779785156,0.0006687641143798828,0.001336812973022461,31,1,31,23,98,524,8524
all/randm05.02.02.08.020_0030.02.aba.beta,True,1,3,0.0006155967712402344,0.0005450248718261719,0.000985860824584961,0.002146482467651367,31,1,31,28,98,539,8600
all/randm05.02.02.08.020_0030.03.aba.beta,True,1,3,0.0006067752838134766,0.0005507469177246094,0.0012714862823486328,0.0024290084838867188,31,1,31,25,98,535,8591
all/randm05.02.02.08.020_0030.04.aba.beta,True,1,3,0.00037217140197753906,0.00040340423583984375,0.0006892681121826172,0.00146484375,31,1,31,25,98,535,8591
all/randm05.02.02.08.020_0030.05.aba.beta,True,1,3,0.0006687641143798828,0.0005464553833007812,0.0011875629425048828,0.002402782440185547,31,1,31,28,98,539,8598
all/randm05.02.02.09.020_0030.01.aba.beta,True,1,4,0.0008101463317871094,0.00036644935607910156,0.0006983280181884766,0.0018749237060546875,41,1,41,31,158,535,8587
all/randm05.02.02.09.020_0030.02.aba.beta,True,1,4,0.0013103485107421875,0.0005781650543212891,0.001163482666015625,0.0030519962310791016,45,1,45,27,183,541,8615
all/randm05.02.02.09.020_0030.03.aba.beta,True,1,4,0.0007715225219726562,0.00038909912109375,0.0012123584747314453,0.0023729801177978516,42,1,42,31,164,541,8614
all/randm05.02.02.09.020_0030.04.aba.beta,True,1,4,0.0008509159088134766,0.0003714561462402344,0.0007171630859375,0.001939535140991211,46,1,46,26,189,537,8597
all/randm05.02.02.09.020_0030.05.aba.beta,True,3,4,0.0014340877532958984,0.0011332035064697266,0.0007197856903076172,0.003287076950073242,47,3,47,28,204,551,8664
all/randm05.02.02.10.020_0030.01.aba.beta,True,4,5,0.0036323070526123047,0.002338409423828125,0.0010726451873779297,0.007043361663818359,75,4,77,53,518,584,9105
all/randm05.02.02.10.020_0030.02.aba.beta,True,4,5,0.003398418426513672,0.0024988651275634766,0.0007343292236328125,0.006631612777709961,102,3,103,63,601,574,8909
all/randm05.02.02.10.020_0030.03.aba.beta,True,3,5,0.002673625946044922,0.002004384994506836,0.0011990070343017578,0.005877017974853516,73,3,74,46,607,562,8854
all/randm05.02.02.10.020_0030.04.aba.beta,True,2,5,0.001781463623046875,0.0010385513305664062,0.0007305145263671875,0.0035505294799804688,69,2,70,44,338,547,8672
all/randm05.02.02.10.020_0030.05.aba.beta,True,3,5,0.002209901809692383,0.0013442039489746094,0.0006921291351318359,0.004246234893798828,60,3,60,38,266,539,8587
all/randm05.02.02.11.020_0030.01.aba.beta,True,1,5,0.0009596347808837891,0.0004596710205078125,0.0007252693176269531,0.0021445751190185547,50,1,50,36,195,543,8620
all/randm05.02.02.11.020_0030.02.aba.beta,True,2,5,0.0019102096557617188,0.0009145736694335938,0.0006968975067138672,0.0035216808319091797,50,2,50,38,194,540,8590
all/randm05.02.02.11.020_0030.03.aba.beta,True,2,5,0.0017178058624267578,0.0011334419250488281,0.0006847381591796875,0.0035359859466552734,55,2,56,34,227,537,8594
all/randm05.02.02.11.020_0030.04.aba.beta,True,1,5,0.0019176006317138672,0.0007429122924804688,0.0013587474822998047,0.004019260406494141,54,1,54,36,217,531,8566
all/randm05.02.02.11.020_0030.05.aba.beta,True,1,5,0.00153350830078125,0.0007550716400146484,0.001207113265991211,0.0034956932067871094,47,1,47,36,178,537,8588
all/randm05.02.02.12.020_0030.01.aba.beta,True,2,3,0.0011751651763916016,0.001046895980834961,0.0012395381927490234,0.003461599349975586,43,2,43,30,212,552,8706
all/randm05.02.02.12.020_0030.02.aba.beta,True,1,3,0.00036406517028808594,0.00029397010803222656,0.0006844997406005859,0.0013425350189208984,31,1,31,24,106,539,8607
all/randm05.02.02.12.020_0030.03.aba.beta,True,1,3,0.00040793418884277344,0.0003249645233154297,0.0007014274597167969,0.001434326171875,35,1,35,25,122,526,8552
all/randm05.02.02.12.020_0030.04.aba.beta,True,1,3,0.0007851123809814453,0.0005238056182861328,0.0012154579162597656,0.0025243759155273438,32,1,32,28,112,541,8610
all/randm05.02.02.12.020_0030.05.aba.beta,True,2,3,0.0008234977722167969,0.0006642341613769531,0.0007352828979492188,0.0022230148315429688,43,2,43,36,233,578,9157
all/randm05.02.02.13.020_0030.01.aba.beta,True,1,5,0.0008323192596435547,0.000431060791015625,0.0006847381591796875,0.0019481182098388672,47,1,47,34,186,532,8558
all/randm05.02.02.13.020_0030.02.aba.beta,True,2,5,0.0019636154174804688,0.0011451244354248047,0.0007026195526123047,0.003811359405517578,82,2,82,51,545,552,8790
all/randm05.02.02.13.020_0030.03.aba.beta,True,1,5,0.0020117759704589844,0.0007476806640625,0.0012171268463134766,0.003976583480834961,51,1,51,35,208,541,8613
all/randm05.02.02.13.020_0030.04.aba.beta,True,2,5,0.002168893814086914,0.0008656978607177734,0.0007991790771484375,0.003833770751953125,58,2,58,34,265,547,8655
all/randm05.02.02.13.020_0030.05.aba.beta,True,1,5,0.0011801719665527344,0.0004856586456298828,0.0006844997406005859,0.002350330352783203,53,1,53,40,225,539,8595
all/randm05.02.02.14.020_0030.01.aba.beta,True,1,1,0.0001571178436279297,0.0003895759582519531,0.0011849403381347656,0.0017316341400146484,15,1,15,15,34,531,8569
all/randm05.02.02.14.020_0030.02.aba.beta,True,1,1,0.00010776519775390625,0.00023126602172851562,0.0006926059722900391,0.001031637191772461,15,1,15,14,34,530,8565
all/randm05.02.02.14.020_0030.03.aba.beta,True,1,1,0.00011110305786132812,0.00023794174194335938,0.0007185935974121094,0.0010676383972167969,15,1,15,15,34,541,8613
all/randm05.02.02.14.020_0030.04.aba.beta,True,1,1,0.00014734268188476562,0.0003781318664550781,0.0011682510375976562,0.0016937255859375,15,1,15,15,34,532,8544
all/randm05.02.02.14.020_0030.05.aba.beta,True,1,1,0.0001068115234375,0.00023555755615234375,0.0006778240203857422,0.001020193099975586,15,1,15,14,34,530,8544
all/randm05.02.02.15.020_0030.01.aba.beta,True,2,3,0.0010762214660644531,0.001018524169921875,0.0007355213165283203,0.0028302669525146484,39,2,39,30,161,537,8584
all/randm05.02.02.15.020_0030.02.aba.beta,True,1,3,0.0004019737243652344,0.00033354759216308594,0.0008852481842041016,0.0016207695007324219,32,1,32,24,112,536,8587
all/randm05.02.02.15.020_0030.03.aba.beta,True,1,3,0.0005948543548583984,0.0004360675811767578,0.0007009506225585938,0.00173187255859375,31,1,31,22,106,534,8575
all/randm05.02.02.15.020_0030.04.aba.beta,True,2,3,0.0011553764343261719,0.0010364055633544922,0.0011527538299560547,0.0033445358276367188,41,2,41,29,178,546,8654
all/randm05.02.02.15.020_0030.05.aba.beta,True,1,3,0.0007197856903076172,0.0004909038543701172,0.0011663436889648438,0.002377033233642578,31,1,31,23,106,540,8608
all/randm05.02.02.16.020_0030.01.aba.beta,True,1,1,0.00011134147644042969,0.00022935867309570312,0.0006892681121826172,0.00102996826171875,15,1,15,13,34,534,8587
all/randm05.02.02.16.020_0030.02.aba.beta,True,1,1,0.00012540817260742188,0.00026535987854003906,0.0007174015045166016,0.0011081695556640625,15,1,15,14,34,540,8611
all/randm05.02.02.16.020_0030.03.aba.beta,True,1,1,0.0001537799835205078,0.0003948211669921875,0.001163482666015625,0.0017120838165283203,15,1,15,15,34,534,8572
all/randm05.02.02.16.020_0030.04.aba.beta,True,1,1,0.00010943412780761719,0.00023865699768066406,0.0010592937469482422,0.0014073848724365234,15,1,15,15,34,543,8622
all/randm05.02.02.16.020_0030.05.aba.beta,True,1,1,0.0001289844512939453,0.0003941059112548828,0.0012121200561523438,0.0017352104187011719,15,1,15,15,34,543,8624
all/randm05.02.02.17.020_0030.01.aba.beta,True,2,5,0.0019402503967285156,0.0010128021240234375,0.0008904933929443359,0.003843545913696289,61,2,61,45,318,597,9517
all/randm05.02.02.17.020_0030.02.aba.beta,True,1,5,0.0012364387512207031,0.0004520416259765625,0.0006825923919677734,0.002371072769165039,62,1,62,34,284,534,8580
all/randm05.02.02.17.020_0030.03.aba.beta,True,7,5,0.008318424224853516,0.0058820247650146484,0.0008757114410400391,0.015076160430908203,142,5,142,76,1477,711,10887
all/randm05.02.02.17.020_0030.04.aba.beta,True,2,5,0.002882242202758789,0.0014617443084716797,0.0008447170257568359,0.005188703536987305,75,2,75,54,466,636,10079
all/randm05.02.02.17.020_0030.05.aba.beta,True,2,5,0.0019617080688476562,0.001285552978515625,0.0007627010345458984,0.00400996208190918,76,2,76,55,466,614,9681
all/randm05.02.02.18.020_0030.01.aba.beta,True,1,1,0.00010776519775390625,0.00024509429931640625,0.0009510517120361328,0.0013039112091064453,15,1,15,15,34,534,8577
all/randm05.02.02.18.020_0030.02.aba.beta,True,1,1,0.00010800361633300781,0.00022983551025390625,0.0006823539733886719,0.001020193099975586,15,1,15,14,34,535,8592
all/randm05.02.02.18.020_0030.03.aba.beta,True,1,1,0.00010204315185546875,0.00022745132446289062,0.0006868839263916016,0.001016378402709961,15,1,15,13,34,529,8564
all/randm05.02.02.18.020_0030.04.aba.beta,True,1,1,0.00010895729064941406,0.00022935867309570312,0.0006864070892333984,0.0010247230529785156,15,1,15,14,34,523,8497
all/randm05.02.02.18.020_0030.05.aba.beta,True,1,1,0.00012087821960449219,0.0004038810729980469,0.00083160400390625,0.001356363296508789,15,1,15,15,34,533,8555
all/randm05.02.02.19.020_0030.01.aba.beta,True,1,3,0.0005502700805664062,0.0005118846893310547,0.0010724067687988281,0.002134561538696289,33,1,33,28,118,539,8606
all/randm05.02.02.19.020_0030.02.aba.beta,True,1,3,0.0005846023559570312,0.00039887428283691406,0.0011353492736816406,0.002118825912475586,32,1,32,28,112,544,8625
all/randm05.02.02.19.020_0030.03.aba.beta,True,1,3,0.0003840923309326172,0.0003368854522705078,0.0009095668792724609,0.001630544662475586,31,1,31,23,106,528,8556
all/randm05.02.02.19.020_0030.04.aba.beta,True,1,3,0.0004124641418457031,0.00033926963806152344,0.0009627342224121094,0.001714468002319336,31,1,31,23,106,530,8556
all/randm05.02.02.19.020_0030.05.aba.beta,True,1,3,0.0003936290740966797,0.0002994537353515625,0.0006921291351318359,0.0013852119445800781,32,1,32,24,112,524,8532
all/randm06.02.02.01.020_0030.01.aba.beta,True,2,4,0.0012710094451904297,0.0007557868957519531,0.0007092952728271484,0.0027360916137695312,47,2,47,36,190,549,8649
all/randm06.02.02.01.020_0030.02.aba.beta,True,1,4,0.0009443759918212891,0.0006208419799804688,0.0012576580047607422,0.0028228759765625,39,1,39,30,138,537,8595
all/randm06.02.02.01.020_0030.03.aba.beta,True,1,4,0.0012695789337158203,0.0006461143493652344,0.0013020038604736328,0.0032176971435546875,43,1,43,34,160,539,8605
all/randm06.02.02.01.020_0030.04.aba.beta,True,2,4,0.0012819766998291016,0.001013040542602539,0.0007669925689697266,0.003062009811401367,56,2,56,46,359,550,8766
all/randm06.02.02.01.020_0030.05.aba.beta,True,3,4,0.0023980140686035156,0.0012917518615722656,0.0008304119110107422,0.0045201778411865234,92,3,92,72,1252,651,10195
all/randm06.02.02.02.020_0030.01.aba.beta,True,1,3,0.0003733634948730469,0.000301361083984375,0.0006821155548095703,0.0013568401336669922,32,1,32,24,112,536,8584
all/randm06.02.02.02.020_0030.02.aba.beta,True,1,3,0.0004076957702636719,0.0002956390380859375,0.0006692409515380859,0.0013725757598876953,31,1,31,20,106,513,8454
all/randm06.02.02.02.020_0030.03.aba.beta,True,1,3,0.0005159378051757812,0.00032639503479003906,0.0006933212280273438,0.001535654067993164,32,1,32,26,112,536,8599
all/randm06.02.02.02.020_0030.04.aba.beta,True,1,3,0.0006163120269775391,0.00032258033752441406,0.0006983280181884766,0.0016372203826904297,32,1,32,27,112,537,8594
all/randm06.02.02.02.020_0030.05.aba.beta,True,1,3,0.0007421970367431641,0.0005154609680175781,0.0012323856353759766,0.0024900436401367188,33,1,33,25,118,537,8594
all/randm06.02.02.03.020_0030.01.aba.beta,True,1,5,0.001245737075805664,0.00043272972106933594,0.0006930828094482422,0.002371549606323242,52,1,52,34,209,535,8590
all/randm06.02.02.03.020_0030.02.aba.beta,True,1,5,0.0008237361907958984,0.0005638599395751953,0.0006995201110839844,0.002087116241455078,49,1,49,34,190,535,8580
all/randm06.02.02.03.020_0030.03.aba.beta,True,1,5,0.0008985996246337891,0.0004534721374511719,0.0007452964782714844,0.0020973682403564453,53,1,53,36,212,541,8616
all/randm06.02.02.03.020_0030.04.aba.beta,True,1,5,0.0015556812286376953,0.0004467964172363281,0.0010538101196289062,0.0030562877655029297,50,1,50,35,195,539,8610
all/randm06.02.02.03.020_0030.05.aba.beta,True,2,5,0.0025343894958496094,0.0017211437225341797,0.001161813735961914,0.005417346954345703,49,2,49,36,190,545,8621
all/randm06.02.02.04.020_0030.01.aba.beta,True,1,1,0.00015234947204589844,0.0003840923309326172,0.0007719993591308594,0.001308441162109375,15,1,15,13,34,525,8535
all/randm06.02.02.04.020_0030.02.aba.beta,True,1,1,0.00014090538024902344,0.0002739429473876953,0.0007495880126953125,0.0011644363403320312,15,1,15,15,34,531,8571
all/randm06.02.02.04.020_0030.03.aba.beta,True,1,1,0.0001308917999267578,0.0002658367156982422,0.0011048316955566406,0.0015015602111816406,15,1,15,14,34,535,8590
all/randm06.02.02.04.020_0030.04.aba.beta,True,1,1,0.0001201629638671875,0.00023674964904785156,0.0007445812225341797,0.0011014938354492188,15,1,15,14,34,532,8555
all/randm06.02.02.04.020_0030.05.aba.beta,True,1,1,0.00011563301086425781,0.00023627281188964844,0.0006635189056396484,0.0010154247283935547,15,1,15,13,34,525,8541
all/randm06.02.02.05.020_0030.01.aba.beta,True,4,5,0.005457878112792969,0.0040760040283203125,0.0012919902801513672,0.010825872421264648,116,3,116,49,794,549,8732
all/randm06.02.02.05.020_0030.02.aba.beta,True,2,5,0.003093242645263672,0.0017795562744140625,0.0012137889862060547,0.006086587905883789,76,1,76,39,356,534,8569
all/randm06.02.02.05.020_0030.03.aba.beta,True,1,5,0.002214670181274414,0.0005979537963867188,0.0006818771362304688,0.0034945011138916016,57,1,57,44,236,545,8627
all/randm06.02.02.05.020_0030.04.aba.beta,True,1,5,0.0013988018035888672,0.0005998611450195312,0.0006990432739257812,0.0026977062225341797,56,1,56,34,231,528,8557
all/randm06.02.02.05.020_0030.05.aba.beta,True,3,5,0.0037758350372314453,0.0016808509826660156,0.0007891654968261719,0.006245851516723633,87,3,89,67,621,607,9439
all/randm06.02.02.06.020_0030.01.aba.beta,True,2,5,0.002907991409301758,0.0011556148529052734,0.0007367134094238281,0.004800319671630859,65,2,69,42,319,542,8613
all/randm06.02.02.06.020_0030.02.aba.beta,True,3,5,0.00520777702331543,0.0023009777069091797,0.0008642673492431641,0.008373022079467773,87,3,91,68,665,612,9495
all/randm06.02.02.06.020_0030.03.aba.beta,True,3,5,0.0033991336822509766,0.0014488697052001953,0.0007297992706298828,0.005577802658081055,88,3,106,67,667,567,8934
all/randm06.02.02.06.020_0030.04.aba.beta,True,6,5,0.00963902473449707,0.005904674530029297,0.0015444755554199219,0.01708817481994629,96,6,96,75,999,744,11428
all/randm06.02.02.06.020_0030.05.aba.beta,True,6,5,0.006946086883544922,0.00560307502746582,0.0013718605041503906,0.013921022415161133,98,5,98,51,555,628,9673
all/randm06.02.02.07.020_0030.01.aba.beta,True,3,5,0.002794027328491211,0.0020220279693603516,0.0006692409515380859,0.0054852962493896484,91,2,92,48,432,541,8607
all/randm06.02.02.07.020_0030.02.aba.beta,True,2,5,0.004242658615112305,0.001848459243774414,0.001482248306274414,0.007573366165161133,64,2,64,46,304,550,8682
all/randm06.02.02.07.020_0030.03.aba.beta,True,2,5,0.002706289291381836,0.0010614395141601562,0.0006914138793945312,0.0044591426849365234,67,2,67,45,302,548,8639
all/randm06.02.02.07.020_0030.04.aba.beta,True,4,5,0.004414558410644531,0.003414630889892578,0.0007469654083251953,0.008576154708862305,88,3,88,50,436,553,8694
all/randm06.02.02.07.020_0030.05.aba.beta,True,1,5,0.0014569759368896484,0.0005109310150146484,0.0007259845733642578,0.0026938915252685547,55,1,55,38,221,536,8591
all/randm06.02.02.08.020_0030.01.aba.beta,True,1,4,0.0010540485382080078,0.0006694793701171875,0.0011668205261230469,0.002890348434448242,44,1,44,34,167,535,8562
all/randm06.02.02.08.020_0030.02.aba.beta,True,1,4,0.0006382465362548828,0.0003554821014404297,0.0006837844848632812,0.0016775131225585938,39,1,39,27,138,525,8533
all/randm06.02.02.08.020_0030.03.aba.beta,True,1,4,0.0008342266082763672,0.00041794776916503906,0.0009143352508544922,0.0021665096282958984,41,1,41,30,149,525,8512
all/randm06.02.02.08.020_0030.04.aba.beta,True,1,4,0.0011115074157714844,0.0003604888916015625,0.0006914138793945312,0.002163410186767578,43,1,43,28,160,530,8570
all/randm06.02.02.08.020_0030.05.aba.beta,True,1,4,0.0015273094177246094,0.0006489753723144531,0.0012233257293701172,0.0033996105194091797,41,1,41,32,149,544,8629
all/randm06.02.02.09.020_0030.01.aba.beta,True,3,5,0.003915071487426758,0.0015764236450195312,0.0008754730224609375,0.0063669681549072266,77,3,78,62,513,696,11028
all/randm06.02.02.09.020_0030.02.aba.beta,True,2,5,0.0038785934448242188,0.0012314319610595703,0.0006992816925048828,0.005809307098388672,81,2,81,60,611,553,8897
all/randm06.02.02.09.020_0030.03.aba.beta,True,2,5,0.003439188003540039,0.0011508464813232422,0.0007605552673339844,0.005350589752197266,83,2,83,61,648,567,9010
all/randm06.02.02.09.020_0030.04.aba.beta,True,4,5,0.0055997371673583984,0.0020995140075683594,0.0011565685272216797,0.008855819702148438,95,4,95,53,697,623,9789
all/randm06.02.02.09.020_0030.05.aba.beta,True,5,5,0.00543665885925293,0.005612373352050781,0.0013070106506347656,0.012356042861938477,116,3,116,58,954,582,9158
all/randm06.02.02.10.020_0030.01.aba.beta,True,1,4,0.000827789306640625,0.00037026405334472656,0.0006849765777587891,0.0018830299377441406,41,1,41,31,149,538,8595
all/randm06.02.02.10.020_0030.02.aba.beta,True,1,4,0.0012249946594238281,0.0006611347198486328,0.0012454986572265625,0.0031316280364990234,39,1,39,31,138,538,8602
all/randm06.02.02.10.020_0030.03.aba.beta,True,1,4,0.0014333724975585938,0.0006616115570068359,0.0010142326354980469,0.0031092166900634766,40,1,40,30,144,528,8529
all/randm06.02.02.10.020_0030.04.aba.beta,True,1,4,0.0008885860443115234,0.00039505958557128906,0.0006892681121826172,0.0019729137420654297,43,1,43,33,160,542,8619
all/randm06.02.02.10.020_0030.05.aba.beta,True,1,4,0.0017452239990234375,0.0006129741668701172,0.0006620883941650391,0.0030202865600585938,41,1,41,33,149,541,8613
all/randm06.02.02.11.020_0030.01.aba.beta,True,5,6,0.007790803909301758,0.004463911056518555,0.0008146762847900391,0.013069391250610352,135,4,135,71,1368,635,9848
all/randm06.02.02.11.020_0030.02.aba.beta,True,7,6,0.009914398193359375,0.007164716720581055,0.0009908676147460938,0.018069982528686523,153,6,153,76,1528,757,11675
all/randm06.02.02.11.020_0030.03.aba.beta,True,6,6,0.006438732147216797,0.0073986053466796875,0.0007252693176269531,0.014562606811523438,180,3,180,72,1040,559,8705
all/randm06.02.02.11.020_0030.04.aba.beta,True,6,6,0.011086702346801758,0.005747556686401367,0.001283884048461914,0.01811814308166504,149,5,161,77,1226,660,10185
all/randm06.02.02.11.020_0030.05.aba.beta,True,5,6,0.007819414138793945,0.006671905517578125,0.0008411407470703125,0.015332460403442383,124,3,126,78,923,668,10381
all/randm06.02.02.12.020_0030.01.aba.beta,True,1,4,0.0009908676147460938,0.0003685951232910156,0.000698089599609375,0.0020575523376464844,41,1,41,32,168,542,8616
all/randm06.02.02.12.020_0030.02.aba.beta,True,1,4,0.0009403228759765625,0.00036978721618652344,0.0006754398345947266,0.0019855499267578125,52,1,52,26,240,531,8573
all/randm06.02.02.12.020_0030.03.aba.beta,True,1,4,0.000946044921875,0.00044798851013183594,0.0008873939514160156,0.0022814273834228516,43,1,43,22,183,532,8576
all/randm06.02.02.12.020_0030.04.aba.beta,True,1,4,0.0008254051208496094,0.00035691261291503906,0.0007205009460449219,0.0019028186798095703,41,1,41,28,168,541,8608
all/randm06.02.02.12.020_0030.05.aba.beta,True,1,4,0.000728607177734375,0.0003418922424316406,0.0006978511810302734,0.001768350601196289,42,1,42,27,176,544,8626
all/randm06.02.02.13.020_0030.01.aba.beta,True,3,4,0.003629446029663086,0.0021071434020996094,0.0011799335479736328,0.006916522979736328,58,3,58,41,401,563,8876
all/randm06.02.02.13.020_0030.02.aba.beta,True,4,4,0.0034339427947998047,0.0024023056030273438,0.001316070556640625,0.0071523189544677734,78,4,78,64,597,668,10346
all/randm06.02.02.13.020_0030.03.aba.beta,True,2,4,0.0027055740356445312,0.0014655590057373047,0.0009591579437255859,0.005130290985107422,43,2,43,33,180,540,8590
all/randm06.02.02.13.020_0030.04.aba.beta,True,3,4,0.003544330596923828,0.0018782615661621094,0.0007936954498291016,0.006216287612915039,63,3,63,50,550,577,9038
all/randm06.02.02.13.020_0030.05.aba.beta,True,2,4,0.0012929439544677734,0.0007991790771484375,0.0009307861328125,0.003022909164428711,48,2,48,32,226,542,8636
all/randm06.02.02.14.020_0030.01.aba.beta,True,3,6,0.0032885074615478516,0.0029892921447753906,0.00086212158203125,0.007139921188354492,99,2,99,46,504,534,8586
all/randm06.02.02.14.020_0030.02.aba.beta,True,2,6,0.003007173538208008,0.001359701156616211,0.0007340908050537109,0.00510096549987793,68,2,68,37,343,545,8621
all/randm06.02.02.14.020_0030.03.aba.beta,True,3,6,0.0037736892700195312,0.0013785362243652344,0.0009648799896240234,0.006117105484008789,83,3,87,42,477,539,8572
all/randm06.02.02.14.020_0030.04.aba.beta,True,1,6,0.0023107528686523438,0.0005593299865722656,0.0009844303131103516,0.003854513168334961,77,1,78,39,408,532,8563
all/randm06.02.02.14.020_0030.05.aba.beta,True,1,6,0.0020363330841064453,0.0005445480346679688,0.0006835460662841797,0.0032644271850585938,75,1,78,40,392,533,8561
all/randm06.02.02.15.020_0030.01.aba.beta,True,3,5,0.0032186508178710938,0.0016252994537353516,0.0012707710266113281,0.0061147212982177734,85,3,85,41,623,585,9179
all/randm06.02.02.15.020_0030.02.aba.beta,True,2,5,0.002177715301513672,0.0009286403656005859,0.0007848739624023438,0.0038912296295166016,85,2,85,45,627,612,9709
all/randm06.02.02.15.020_0030.03.aba.beta,True,1,5,0.0016205310821533203,0.0004448890686035156,0.0006933212280273438,0.0027587413787841797,61,1,62,34,324,535,8587
all/randm06.02.02.15.020_0030.04.aba.beta,True,2,5,0.0025129318237304688,0.0010018348693847656,0.0007185935974121094,0.004233360290527344,77,2,77,50,560,560,8854
all/randm06.02.02.15.020_0030.05.aba.beta,True,3,5,0.003829479217529297,0.0014760494232177734,0.0012857913970947266,0.006591320037841797,80,3,80,37,500,607,9612
all/randm06.02.02.16.020_0030.01.aba.beta,True,1,3,0.00041961669921875,0.00032258033752441406,0.0006821155548095703,0.0014243125915527344,31,1,31,26,98,524,8503
all/randm06.02.02.16.020_0030.02.aba.beta,True,1,3,0.0007250308990478516,0.0005593299865722656,0.0012378692626953125,0.0025222301483154297,31,1,31,25,98,537,8602
all/randm06.02.02.16.020_0030.03.aba.beta,True,1,3,0.0007221698760986328,0.0005195140838623047,0.0010766983032226562,0.0023183822631835938,31,1,31,23,98,522,8501
all/randm06.02.02.16.020_0030.04.aba.beta,True,1,3,0.0005242824554443359,0.00036072731018066406,0.0008022785186767578,0.0016872882843017578,31,1,31,28,98,539,8603
all/randm06.02.02.16.020_0030.05.aba.beta,True,1,3,0.00044274330139160156,0.0003256797790527344,0.0007004737854003906,0.0014688968658447266,31,1,31,28,98,543,8622
all/randm06.02.02.17.020_0030.01.aba.beta,True,1,4,0.0010306835174560547,0.0005934238433837891,0.0012276172637939453,0.002851724624633789,45,1,45,28,171,535,8594
all/randm06.02.02.17.020_0030.02.aba.beta,True,1,4,0.0007376670837402344,0.0003838539123535156,0.0007271766662597656,0.0018486976623535156,41,1,41,34,149,542,8615
all/randm06.02.02.17.020_0030.03.aba.beta,True,1,4,0.0013813972473144531,0.0005278587341308594,0.0006823539733886719,0.0025916099548339844,42,1,42,30,155,535,8592
all/randm06.02.02.17.020_0030.04.aba.beta,True,1,4,0.0012040138244628906,0.0003910064697265625,0.0007469654083251953,0.0023419857025146484,44,1,44,27,168,533,8582
all/randm06.02.02.17.020_0030.05.aba.beta,True,1,4,0.0009937286376953125,0.0003905296325683594,0.0007021427154541016,0.0020864009857177734,39,1,39,28,138,531,8559
all/randm06.02.02.18.020_0030.01.aba.beta,True,2,6,0.004851579666137695,0.002482891082763672,0.0009255409240722656,0.008260011672973633,93,2,101,66,634,565,8887
all/randm06.02.02.18.020_0030.02.aba.beta,True,1,6,0.002343893051147461,0.0009093284606933594,0.0011646747589111328,0.004417896270751953,70,1,73,40,322,526,8531
all/randm06.02.02.18.020_0030.03.aba.beta,True,1,6,0.0022928714752197266,0.0005373954772949219,0.0006806850433349609,0.0035109519958496094,68,1,68,40,307,532,8568
all/randm06.02.02.18.020_0030.04.aba.beta,True,2,6,0.005734920501708984,0.001940011978149414,0.0017096996307373047,0.009384632110595703,119,2,126,70,949,552,8929
all/randm06.02.02.18.020_0030.05.aba.beta,True,1,6,0.001733541488647461,0.0006449222564697266,0.0006833076477050781,0.0030617713928222656,63,1,63,39,281,533,8578
all/randm06.02.02.19.020_0030.01.aba.beta,True,1,1,0.00011539459228515625,0.00023484230041503906,0.0006937980651855469,0.0010440349578857422,15,1,15,14,34,533,8572
all/randm06.02.02.19.020_0030.02.aba.beta,True,1,1,0.00011801719665527344,0.0002410411834716797,0.0007047653198242188,0.0010638236999511719,15,1,15,14,34,537,8597
all/randm06.02.02.19.020_0030.03.aba.beta,True,1,1,0.00011324882507324219,0.00024175643920898438,0.0007183551788330078,0.0010733604431152344,15,1,15,14,34,533,8578
all/randm06.02.02.19.020_0030.04.aba.beta,True,1,1,0.00011301040649414062,0.00022983551025390625,0.0006933212280273438,0.0010361671447753906,15,1,15,13,34,523,8524
all/randm06.02.02.19.020_0030.05.aba.beta,True,1,1,0.00016927719116210938,0.00037169456481933594,0.001168966293334961,0.0017099380493164062,15,1,15,14,34,525,8527
all/randm07.02.02.01.020_0030.01.aba.beta,True,1,1,0.0001125335693359375,0.00023436546325683594,0.0006806850433349609,0.0010275840759277344,15,1,15,14,34,529,8553
all/randm07.02.02.01.020_0030.02.aba.beta,True,1,1,0.00011467933654785156,0.00023937225341796875,0.0007200241088867188,0.001074075698852539,15,1,15,14,34,526,8542
all/randm07.02.02.01.020_0030.03.aba.beta,True,1,1,0.000118255615234375,0.00023865699768066406,0.0007083415985107422,0.0010652542114257812,15,1,15,15,34,531,8553
all/randm07.02.02.01.020_0030.04.aba.beta,True,1,1,0.00011610984802246094,0.00024008750915527344,0.0007987022399902344,0.0011548995971679688,15,1,15,15,34,530,8550
all/randm07.02.02.01.020_0030.05.aba.beta,True,1,1,0.00011706352233886719,0.0002808570861816406,0.0006957054138183594,0.0010936260223388672,15,1,15,15,34,540,8609
all/randm07.02.02.02.020_0030.01.aba.beta,True,1,1,0.00016689300537109375,0.0003070831298828125,0.0006895065307617188,0.001163482666015625,15,1,15,14,34,535,8587
all/randm07.02.02.02.020_0030.02.aba.beta,True,1,1,0.0001819133758544922,0.0003979206085205078,0.0011785030364990234,0.0017583370208740234,15,1,15,14,34,538,8598
all/randm07.02.02.02.020_0030.03.aba.beta,True,1,1,0.00017642974853515625,0.0003845691680908203,0.0011031627655029297,0.0016641616821289062,15,1,15,14,34,533,8583
all/randm07.02.02.02.020_0030.04.aba.beta,True,1,1,0.00011157989501953125,0.00024056434631347656,0.0006911754608154297,0.0010433197021484375,15,1,15,14,34,521,8515
all/randm07.02.02.02.020_0030.05.aba.beta,True,1,1,0.00017714500427246094,0.0002892017364501953,0.0006883144378662109,0.0011546611785888672,15,1,15,13,34,531,8576
all/randm07.02.02.03.020_0030.01.aba.beta,True,5,7,0.009825706481933594,0.005505800247192383,0.0009737014770507812,0.016305208206176758,133,4,134,56,889,574,8859
all/randm07.02.02.03.020_0030.02.aba.beta,True,3,7,0.005475759506225586,0.00506138801574707,0.0012619495391845703,0.011799097061157227,148,2,150,60,939,548,8681
all/randm07.02.02.03.020_0030.03.aba.beta,True,10,7,0.023032188415527344,0.012345075607299805,0.0008807182312011719,0.03625798225402832,234,7,234,75,1776,612,9143
all/randm07.02.02.03.020_0030.04.aba.beta,True,8,7,0.014631986618041992,0.006867647171020508,0.0015044212341308594,0.02300405502319336,127,8,138,78,1256,1185,18301
all/randm07.02.02.03.020_0030.05.aba.beta,True,7,7,0.016996383666992188,0.00906229019165039,0.0009381771087646484,0.026996850967407227,186,6,189,78,1574,673,10304
all/randm07.02.02.04.020_0030.01.aba.beta,True,1,4,0.0012481212615966797,0.0007164478302001953,0.001180887222290039,0.003145456314086914,39,1,39,33,138,536,8585
all/randm07.02.02.04.020_0030.02.aba.beta,True,2,4,0.0016391277313232422,0.0010955333709716797,0.0007066726684570312,0.003441333770751953,52,2,52,41,249,554,8705
all/randm07.02.02.04.020_0030.03.aba.beta,True,2,4,0.0016162395477294922,0.0010862350463867188,0.001241922378540039,0.00394439697265625,51,2,51,40,236,549,8675
all/randm07.02.02.04.020_0030.04.aba.beta,True,1,4,0.0007977485656738281,0.0004937648773193359,0.0008153915405273438,0.002106904983520508,39,1,39,29,138,530,8558
all/randm07.02.02.04.020_0030.05.aba.beta,True,2,4,0.0018160343170166016,0.0009758472442626953,0.0007033348083496094,0.0034952163696289062,47,2,47,37,194,541,8618
all/randm07.02.02.05.020_0030.01.aba.beta,True,5,6,0.009163379669189453,0.006382465362548828,0.0007812976837158203,0.0163271427154541,201,3,202,72,1315,585,9185
all/randm07.02.02.05.020_0030.02.aba.beta,True,6,6,0.0078046321868896484,0.0048444271087646484,0.0011637210845947266,0.013812780380249023,142,5,146,76,1205,706,10827
all/randm07.02.02.05.020_0030.03.aba.beta,True,2,6,0.0032167434692382812,0.0012831687927246094,0.0008673667907714844,0.005367279052734375,83,2,84,57,512,550,8791
all/randm07.02.02.05.020_0030.04.aba.beta,True,1,6,0.0019347667694091797,0.0005528926849365234,0.0006964206695556641,0.003184080123901367,70,1,77,47,327,541,8616
all/randm07.02.02.05.020_0030.05.aba.beta,True,4,6,0.005751609802246094,0.004494428634643555,0.001247406005859375,0.011493444442749023,105,3,105,61,556,589,9169
all/randm07.02.02.06.020_0030.01.aba.beta,True,1,4,0.0009317398071289062,0.0003783702850341797,0.0007143020629882812,0.002024412155151367,41,1,41,32,149,533,8576
all/randm07.02.02.06.020_0030.02.aba.beta,True,1,4,0.0006570816040039062,0.0004892349243164062,0.0007436275482177734,0.001889944076538086,39,1,39,32,138,538,8598
all/randm07.02.02.06.020_0030.03.aba.beta,True,1,4,0.0011196136474609375,0.0006492137908935547,0.0008692741394042969,0.002638101577758789,39,1,39,31,138,539,8603
all/randm07.02.02.06.020_0030.04.aba.beta,True,1,4,0.0006456375122070312,0.0003616809844970703,0.0007011890411376953,0.0017085075378417969,39,1,39,30,138,534,8580
all/randm07.02.02.06.020_0030.05.aba.beta,True,1,4,0.0006911754608154297,0.00038361549377441406,0.0008738040924072266,0.0019485950469970703,39,1,39,30,138,534,8577
all/randm07.02.02.07.020_0030.01.aba.beta,True,5,6,0.007458925247192383,0.004180431365966797,0.0007891654968261719,0.012428522109985352,157,4,158,88,1407,621,9729
all/randm07.02.02.07.020_0030.02.aba.beta,True,4,6,0.0060787200927734375,0.0033288002014160156,0.0014562606811523438,0.010863780975341797,103,4,108,73,848,723,11238
all/randm07.02.02.07.020_0030.03.aba.beta,True,10,6,0.01261448860168457,0.009359121322631836,0.0008835792541503906,0.022857189178466797,144,8,146,69,1128,700,10503
all/randm07.02.02.07.020_0030.04.aba.beta,True,8,6,0.012232065200805664,0.010636091232299805,0.0011167526245117188,0.023984909057617188,176,6,176,71,1027,845,13120
all/randm07.02.02.07.020_0030.05.aba.beta,True,5,6,0.01167750358581543,0.00658106803894043,0.0017452239990234375,0.020003795623779297,111,4,115,65,641,838,12870
all/randm07.02.02.08.020_0030.01.aba.beta,True,1,1,0.00011396408081054688,0.00023674964904785156,0.0006892681121826172,0.0010399818420410156,15,1,15,15,34,542,8613
all/randm07.02.02.08.020_0030.02.aba.beta,True,1,1,0.00011420249938964844,0.00024509429931640625,0.0011246204376220703,0.001483917236328125,15,1,15,15,34,539,8607
all/randm07.02.02.08.020_0030.03.aba.beta,True,1,1,0.00011157989501953125,0.00024628639221191406,0.0007288455963134766,0.0010867118835449219,15,1,15,15,34,534,8577
all/randm07.02.02.08.020_0030.04.aba.beta,True,1,1,0.00012350082397460938,0.0002434253692626953,0.0007231235504150391,0.0010900497436523438,15,1,15,14,34,536,8592
all/randm07.02.02.08.020_0030.05.aba.beta,True,1,1,0.00012445449829101562,0.00026226043701171875,0.0007481575012207031,0.0011348724365234375,15,1,15,14,34,536,8587
all/randm07.02.02.09.020_0030.01.aba.beta,True,1,3,0.0004925727844238281,0.00037860870361328125,0.0006985664367675781,0.0015697479248046875,31,1,31,27,98,534,8580
all/randm07.02.02.09.020_0030.02.aba.beta,True,1,3,0.0007429122924804688,0.0005519390106201172,0.0011560916900634766,0.0024509429931640625,31,1,31,26,98,531,8547
all/randm07.02.02.09.020_0030.03.aba.beta,True,1,3,0.00072479248046875,0.0005445480346679688,0.0011196136474609375,0.0023889541625976562,31,1,31,27,98,540,8608
all/randm07.02.02.09.020_0030.04.aba.beta,True,1,3,0.0006706714630126953,0.0003294944763183594,0.0008478164672851562,0.001847982406616211,31,1,31,27,98,532,8560
all/randm07.02.02.09.020_0030.05.aba.beta,True,1,3,0.0004096031188964844,0.0003120899200439453,0.0008530616760253906,0.0015747547149658203,31,1,31,25,98,531,8559
all/randm07.02.02.10.020_0030.01.aba.beta,True,1,1,0.00010919570922851562,0.0002346038818359375,0.0007138252258300781,0.0010576248168945312,15,1,15,14,34,537,8599
all/randm07.02.02.10.020_0030.02.aba.beta,True,1,1,0.00011229515075683594,0.00023555755615234375,0.0007252693176269531,0.0010731220245361328,15,1,15,14,34,540,8608
all/randm07.02.02.10.020_0030.03.aba.beta,True,1,1,0.00011467933654785156,0.0002346038818359375,0.0007231235504150391,0.0010724067687988281,15,1,15,15,34,527,8497
all/randm07.02.02.10.020_0030.04.aba.beta,True,1,1,0.0001766681671142578,0.0003898143768310547,0.0008518695831298828,0.0014183521270751953,15,1,15,14,34,537,8603
all/randm07.02.02.10.020_0030.05.aba.beta,True,1,1,0.0001735687255859375,0.0003840923309326172,0.0011854171752929688,0.0017430782318115234,15,1,15,14,34,528,8551
all/randm07.02.02.11.020_0030.01.aba.beta,True,4,5,0.003142833709716797,0.0034096240997314453,0.0013287067413330078,0.00788116455078125,94,3,94,53,524,661,10461
all/randm07.02.02.11.020_0030.02.aba.beta,True,1,5,0.0023615360260009766,0.0011057853698730469,0.0011608600616455078,0.004628181457519531,51,1,51,38,211,535,8586
all/randm07.02.02.11.020_0030.03.aba.beta,True,2,5,0.0024003982543945312,0.0019559860229492188,0.0009169578552246094,0.005273342132568359,73,2,74,55,530,732,11834
all/randm07.02.02.11.020_0030.04.aba.beta,True,5,5,0.0034589767456054688,0.0029387474060058594,0.0008683204650878906,0.007266044616699219,98,4,99,55,511,694,10888
all/randm07.02.02.11.020_0030.05.aba.beta,True,4,5,0.003994464874267578,0.0031387805938720703,0.0008580684661865234,0.007991313934326172,111,3,112,76,783,631,9890
all/randm07.02.02.12.020_0030.01.aba.beta,True,1,3,0.00041294097900390625,0.000308990478515625,0.0006744861602783203,0.0013964176177978516,31,1,31,27,98,535,8582
all/randm07.02.02.12.020_0030.02.aba.beta,True,1,3,0.0004298686981201172,0.00031685829162597656,0.0007848739624023438,0.0015316009521484375,31,1,31,25,98,535,8590
all/randm07.02.02.12.020_0030.03.aba.beta,True,1,3,0.0004036426544189453,0.0003097057342529297,0.0007197856903076172,0.0014331340789794922,31,1,31,23,98,531,8573
all/randm07.02.02.12.020_0030.04.aba.beta,True,1,3,0.0004134178161621094,0.0002963542938232422,0.0006856918334960938,0.0013954639434814453,31,1,31,24,98,527,8548
all/randm07.02.02.12.020_0030.05.aba.beta,True,1,3,0.000743865966796875,0.0005674362182617188,0.0012409687042236328,0.0025522708892822266,31,1,31,25,98,534,8586
all/randm07.02.02.13.020_0030.01.aba.beta,True,4,7,0.009746551513671875,0.0046575069427490234,0.0012526512145996094,0.015656709671020508,98,4,104,64,657,585,9054
all/randm07.02.02.13.020_0030.02.aba.beta,True,4,7,0.01148080825805664,0.005489826202392578,0.0019068717956542969,0.018877506256103516,132,4,137,87,946,905,14530
all/randm07.02.02.13.020_0030.03.aba.beta,True,3,7,0.007895231246948242,0.0033881664276123047,0.0008985996246337891,0.012181997299194336,102,3,105,74,795,691,10817
all/randm07.02.02.13.020_0030.04.aba.beta,True,4,7,0.007407665252685547,0.005721569061279297,0.001241922378540039,0.014371156692504883,217,2,217,88,1561,569,9041
all/randm07.02.02.13.020_0030.05.aba.beta,True,3,7,0.006766796112060547,0.0033228397369384766,0.0013475418090820312,0.011437177658081055,97,3,106,65,704,625,9655
all/randm07.02.02.14.020_0030.01.aba.beta,True,1,3,0.0005774497985839844,0.00036525726318359375,0.0008368492126464844,0.0017795562744140625,31,1,31,27,98,542,8619
all/randm07.02.02.14.020_0030.02.aba.beta,True,1,3,0.0007290840148925781,0.00033974647521972656,0.0007445812225341797,0.0018134117126464844,31,1,31,28,98,538,8587
all/randm07.02.02.14.020_0030.03.aba.beta,True,1,3,0.0008594989776611328,0.0005104541778564453,0.0008139610290527344,0.0021839141845703125,31,1,31,25,98,525,8535
all/randm07.02.02.14.020_0030.04.aba.beta,True,1,3,0.0004062652587890625,0.00030803680419921875,0.0007364749908447266,0.0014507770538330078,31,1,31,24,98,529,8551
all/randm07.02.02.14.020_0030.05.aba.beta,True,1,3,0.0006651878356933594,0.0005366802215576172,0.001190185546875,0.0023920536041259766,31,1,31,28,98,539,8603
all/randm07.02.02.15.020_0030.01.aba.beta,True,3,7,0.0072591304779052734,0.0030972957611083984,0.0007123947143554688,0.01106882095336914,130,2,137,65,709,548,8635
all/randm07.02.02.15.020_0030.02.aba.beta,True,6,7,0.012391805648803711,0.00671839714050293,0.0007529258728027344,0.019863128662109375,266,3,271,81,1782,577,9133
all/randm07.02.02.15.020_0030.03.aba.beta,True,4,7,0.006613254547119141,0.0030336380004882812,0.0009000301361083984,0.01054692268371582,100,4,103,57,766,581,8908
all/randm07.02.02.15.020_0030.04.aba.beta,True,1,7,0.004163026809692383,0.0012218952178955078,0.0009987354278564453,0.006383657455444336,81,1,83,46,406,540,8608
all/randm07.02.02.15.020_0030.05.aba.beta,True,8,7,0.014963865280151367,0.012173891067504883,0.0014147758483886719,0.028552532196044922,243,6,245,82,2131,1079,16992
all/randm07.02.02.16.020_0030.01.aba.beta,True,2,4,0.0019910335540771484,0.001453399658203125,0.0010628700256347656,0.004507303237915039,47,2,47,37,194,552,8671
all/randm07.02.02.16.020_0030.02.aba.beta,True,2,4,0.0018157958984375,0.0014870166778564453,0.001177072525024414,0.004479885101318359,43,2,43,35,164,544,8620
all/randm07.02.02.16.020_0030.03.aba.beta,True,2,4,0.0014121532440185547,0.0008776187896728516,0.0007824897766113281,0.0030722618103027344,44,2,44,30,174,541,8619
all/randm07.02.02.16.020_0030.04.aba.beta,True,2,4,0.0027930736541748047,0.0016651153564453125,0.001123189926147461,0.005581378936767578,49,2,49,41,225,541,8586
all/randm07.02.02.16.020_0030.05.aba.beta,True,2,4,0.0016384124755859375,0.0011951923370361328,0.0011882781982421875,0.004021883010864258,55,2,55,44,324,553,8768
all/randm07.02.02.17.020_0030.01.aba.beta,True,3,6,0.007003068923950195,0.002209901809692383,0.000827789306640625,0.010040760040283203,95,3,97,53,912,571,8917
all/randm07.02.02.17.020_0030.02.aba.beta,True,7,6,0.018649578094482422,0.009411811828613281,0.0018639564514160156,0.02992534637451172,150,5,153,95,1204,816,12738
all/randm07.02.02.17.020_0030.03.aba.beta,True,3,6,0.0033235549926757812,0.0016012191772460938,0.0008037090301513672,0.005728483200073242,78,3,78,49,505,623,9721
all/randm07.02.02.17.020_0030.04.aba.beta,True,4,6,0.008729219436645508,0.0031762123107910156,0.0009145736694335938,0.012820005416870117,121,4,124,80,1491,639,9990
all/randm07.02.02.17.020_0030.05.aba.beta,True,6,6,0.007353305816650391,0.005462169647216797,0.0007269382476806641,0.013542413711547852,111,4,111,59,670,588,9026
all/randm07.02.02.18.020_0030.01.aba.beta,True,12,7,0.07127070426940918,0.06101536750793457,0.0017657279968261719,0.13405179977416992,791,8,791,140,10847,1172,18058
all/randm07.02.02.18.020_0030.02.aba.beta,True,8,7,0.02987504005432129,0.015004396438598633,0.0010623931884765625,0.045941829681396484,482,5,482,95,6387,657,10109
all/randm07.02.02.18.020_0030.03.aba.beta,True,11,7,0.03154921531677246,0.020481109619140625,0.0010998249053955078,0.053130149841308594,328,7,328,104,4888,839,12831
all/randm07.02.02.18.020_0030.04.aba.beta,True,9,7,0.035089731216430664,0.03051590919494629,0.0009865760803222656,0.06659221649169922,472,5,472,112,8690,713,11090
all/randm07.02.02.18.020_0030.05.aba.beta,True,12,7,0.02611231803894043,0.017384767532348633,0.001703023910522461,0.04520010948181152,311,9,311,114,2878,891,13325
all/randm07.02.02.19.020_0030.01.aba.beta,True,3,5,0.0034186840057373047,0.0031206607818603516,0.0013284683227539062,0.007867813110351562,96,2,96,57,626,556,8818
all/randm07.02.02.19.020_0030.02.aba.beta,True,5,5,0.009053468704223633,0.00588226318359375,0.0014061927795410156,0.0163419246673584,153,4,156,81,2276,650,10215
all/randm07.02.02.19.020_0030.03.aba.beta,True,2,5,0.002743244171142578,0.0013394355773925781,0.0011358261108398438,0.005218505859375,73,2,73,56,539,617,9780
all/randm07.02.02.19.020_0030.04.aba.beta,True,4,5,0.004849433898925781,0.0035567283630371094,0.0008456707000732422,0.009251832962036133,117,3,117,59,917,595,9337
all/randm07.02.02.19.020_0030.05.aba.beta,True,2,5,0.002030611038208008,0.0011644363403320312,0.0013580322265625,0.004553079605102539,55,2,55,34,243,651,10343
all/randm08.02.02.01.020_0030.01.aba.beta,True,5,7,0.010055303573608398,0.006010770797729492,0.0007424354553222656,0.016808509826660156,143,4,143,67,1184,599,9252
all/randm08.02.02.01.020_0030.02.aba.beta,True,5,7,0.00816202163696289,0.007073640823364258,0.0011868476867675781,0.016422510147094727,146,4,146,95,979,935,14619
all/randm08.02.02.01.020_0030.03.aba.beta,True,4,7,0.010283231735229492,0.006949186325073242,0.0008065700531005859,0.01803898811340332,140,3,140,76,868,595,9305
all/randm08.02.02.01.020_0030.04.aba.beta,True,3,7,0.004827260971069336,0.0036916732788085938,0.000990152359008789,0.009509086608886719,128,2,128,70,787,771,12259
all/randm08.02.02.01.020_0030.05.aba.beta,True,3,7,0.004576921463012695,0.003656148910522461,0.0013217926025390625,0.009554862976074219,119,2,119,57,623,598,9497
all/randm08.02.02.02.020_0030.01.aba.beta,True,1,6,0.0033347606658935547,0.0006072521209716797,0.0007050037384033203,0.004647016525268555,79,1,79,39,415,539,8610
all/randm08.02.02.02.020_0030.02.aba.beta,True,3,6,0.005120277404785156,0.0026345252990722656,0.0011458396911621094,0.008900642395019531,144,2,145,50,909,538,8624
all/randm08.02.02.02.020_0030.03.aba.beta,True,3,6,0.004667520523071289,0.002103090286254883,0.0008344650268554688,0.007605075836181641,89,3,89,38,701,565,8814
all/randm08.02.02.02.020_0030.04.aba.beta,True,5,6,0.007174015045166016,0.003635406494140625,0.0008711814880371094,0.01168060302734375,102,5,102,53,938,626,9650
all/randm08.02.02.02.020_0030.05.aba.beta,True,4,6,0.006365299224853516,0.0032396316528320312,0.0010886192321777344,0.010693550109863281,142,3,142,55,1055,592,9212
all/randm08.02.02.03.020_0030.01.aba.beta,True,5,7,0.006922483444213867,0.00606536865234375,0.0011882781982421875,0.014176130294799805,200,3,200,75,1208,560,8725
all/randm08.02.02.03.020_0030.02.aba.beta,True,5,7,0.011066675186157227,0.008615493774414062,0.0012621879577636719,0.02094435691833496,134,3,134,66,796,568,8823
all/randm08.02.02.03.020_0030.03.aba.beta,True,5,7,0.007505655288696289,0.0039136409759521484,0.0007176399230957031,0.01213693618774414,154,4,154,63,1235,577,8931
all/randm08.02.02.03.020_0030.04.aba.beta,True,4,7,0.0061686038970947266,0.0031974315643310547,0.0007162094116210938,0.010082244873046875,92,4,93,58,534,574,8830
all/randm08.02.02.03.020_0030.05.aba.beta,True,3,7,0.008189916610717773,0.004347085952758789,0.0012559890747070312,0.013792991638183594,140,2,142,68,844,559,8780
all/randm08.02.02.04.020_0030.01.aba.beta,True,5,6,0.013205289840698242,0.0067365169525146484,0.0013997554779052734,0.021341562271118164,164,4,164,84,1729,653,10211
all/randm08.02.02.04.020_0030.02.aba.beta,True,4,6,0.006055355072021484,0.002744436264038086,0.0007855892181396484,0.009585380554199219,106,4,109,61,1260,616,9716
all/randm08.02.02.04.020_0030.03.aba.beta,True,5,6,0.008228540420532227,0.003651142120361328,0.0009112358093261719,0.012790918350219727,106,5,108,78,979,684,10558
all/randm08.02.02.04.020_0030.04.aba.beta,True,2,6,0.005661487579345703,0.0015003681182861328,0.0011954307556152344,0.00835728645324707,87,2,90,52,858,558,8774
all/randm08.02.02.04.020_0030.05.aba.beta,True,6,6,0.007788419723510742,0.006169557571411133,0.0008609294891357422,0.014818906784057617,173,4,173,70,1010,672,10499
all/randm08.02.02.05.020_0030.01.aba.beta,True,1,5,0.0014986991882324219,0.0004909038543701172,0.0008027553558349609,0.0027923583984375,53,1,53,35,241,539,8602
all/randm08.02.02.05.020_0030.02.aba.beta,True,1,5,0.0018770694732666016,0.0007643699645996094,0.001239776611328125,0.003881216049194336,47,1,47,32,202,538,8602
all/randm08.02.02.05.020_0030.03.aba.beta,True,1,5,0.0012726783752441406,0.00045609474182128906,0.0007073879241943359,0.0024361610412597656,54,1,54,28,252,536,8585
all/randm08.02.02.05.020_0030.04.aba.beta,True,2,5,0.002251863479614258,0.0011758804321289062,0.0013108253479003906,0.004738569259643555,58,2,58,29,270,594,9477
all/randm08.02.02.05.020_0030.05.aba.beta,True,2,5,0.0023353099822998047,0.001148223876953125,0.0012404918670654297,0.004724025726318359,80,2,82,46,539,563,8838
all/randm08.02.02.06.020_0030.01.aba.beta,True,2,8,0.007028102874755859,0.0020470619201660156,0.0007350444793701172,0.009810209274291992,132,2,137,72,1574,559,8920
all/randm08.02.02.06.020_0030.02.aba.beta,True,6,8,0.017968416213989258,0.011609554290771484,0.0008723735809326172,0.03045034408569336,197,4,203,88,1950,627,9742
all/randm08.02.02.06.020_0030.03.aba.beta,True,4,8,0.009851217269897461,0.007910013198852539,0.0015740394592285156,0.019335269927978516,161,3,163,74,1003,619,9775
all/randm08.02.02.06.020_0030.04.aba.beta,True,1,8,0.004303693771362305,0.001119852066040039,0.0006902217864990234,0.006113767623901367,102,1,108,58,523,540,8605
all/randm08.02.02.06.020_0030.05.aba.beta,True,7,8,0.0160977840423584,0.009847640991210938,0.0008265972137451172,0.026772022247314453,290,4,296,84,2075,603,9410
all/randm08.02.02.07.020_0030.01.aba.beta,True,1,1,0.00016951560974121094,0.0004038810729980469,0.0007257461547851562,0.001299142837524414,15,1,15,15,34,536,8587
all/randm08.02.02.07.020_0030.02.aba.beta,True,1,1,0.00011873245239257812,0.0002410411834716797,0.0007920265197753906,0.0011518001556396484,15,1,15,14,34,524,8514
all/randm08.02.02.07.020_0030.03.aba.beta,True,1,1,0.00011277198791503906,0.00023055076599121094,0.0006968975067138672,0.0010402202606201172,15,1,15,13,34,519,8504
all/randm08.02.02.07.020_0030.04.aba.beta,True,1,1,0.00017523765563964844,0.0004177093505859375,0.001100778579711914,0.0016937255859375,15,1,15,14,34,539,8604
all/randm08.02.02.07.020_0030.05.aba.beta,True,1,1,0.00011658668518066406,0.0002791881561279297,0.0007014274597167969,0.0010972023010253906,15,1,15,14,34,530,8566
all/randm08.02.02.08.020_0030.01.aba.beta,True,5,6,0.006751298904418945,0.0060765743255615234,0.0007083415985107422,0.013536214828491211,211,2,211,74,1694,551,8678
all/randm08.02.02.08.020_0030.02.aba.beta,True,9,6,0.027397871017456055,0.014693737030029297,0.0011088848114013672,0.04320049285888672,449,6,449,142,4390,787,12209
all/randm08.02.02.08.020_0030.03.aba.beta,True,9,6,0.01478719711303711,0.010014533996582031,0.0013377666473388672,0.026139497756958008,208,7,209,87,1538,960,15037
all/randm08.02.02.08.020_0030.04.aba.beta,True,7,6,0.010573387145996094,0.008251667022705078,0.0008525848388671875,0.01967763900756836,206,5,206,78,1921,639,9640
all/randm08.02.02.08.020_0030.05.aba.beta,True,9,6,0.016957998275756836,0.01602959632873535,0.0018391609191894531,0.03482675552368164,340,6,340,99,2738,854,13097
all/randm08.02.02.09.020_0030.01.aba.beta,True,1,7,0.0029027462005615234,0.0010983943939208984,0.0009527206420898438,0.004953861236572266,79,1,79,43,369,535,8591
all/randm08.02.02.09.020_0030.02.aba.beta,True,4,7,0.014802217483520508,0.0052051544189453125,0.001772165298461914,0.021779537200927734,176,4,182,112,2195,1163,18575
all/randm08.02.02.09.020_0030.03.aba.beta,True,5,7,0.009788751602172852,0.005215167999267578,0.0014498233795166016,0.01645374298095703,140,4,140,70,848,675,10560
all/randm08.02.02.09.020_0030.04.aba.beta,True,5,7,0.015576362609863281,0.008090496063232422,0.0021562576293945312,0.025823116302490234,160,4,160,80,1086,1068,16748
all/randm08.02.02.09.020_0030.05.aba.beta,True,4,7,0.008890390396118164,0.0043184757232666016,0.0010960102081298828,0.014304876327514648,158,3,160,53,1111,542,8604
all/randm08.02.02.10.020_0030.01.aba.beta,True,5,7,0.011189699172973633,0.0046231746673583984,0.0009915828704833984,0.01680445671081543,185,4,186,85,2030,764,12008
all/randm08.02.02.10.020_0030.02.aba.beta,True,7,7,0.01566314697265625,0.007792949676513672,0.0021343231201171875,0.02559041976928711,198,6,200,112,2020,1556,24395
all/randm08.02.02.10.020_0030.03.aba.beta,True,9,7,0.01976799964904785,0.01368093490600586,0.0013005733489990234,0.034749507904052734,189,6,189,67,1935,671,10126
all/randm08.02.02.10.020_0030.04.aba.beta,True,10,7,0.02426743507385254,0.015327930450439453,0.0024499893188476562,0.04204535484313965,368,7,368,128,4240,1787,27994
all/randm08.02.02.10.020_0030.05.aba.beta,True,5,7,0.011212825775146484,0.007155656814575195,0.0019047260284423828,0.020273208618164062,152,4,152,91,1246,1132,18187
all/randm08.02.02.11.020_0030.01.aba.beta,True,11,8,0.023821115493774414,0.011847257614135742,0.0015864372253417969,0.03725481033325195,222,9,228,70,2165,1085,16441
all/randm08.02.02.11.020_0030.02.aba.beta,True,9,8,0.01862788200378418,0.009715557098388672,0.002523660659790039,0.03086709976196289,180,8,188,71,1489,1706,26964
all/randm08.02.02.11.020_0030.03.aba.beta,True,9,8,0.020541667938232422,0.01203775405883789,0.0012366771697998047,0.03381609916687012,185,7,187,84,1663,828,12733
all/randm08.02.02.11.020_0030.04.aba.beta,True,6,8,0.01127004623413086,0.004908561706542969,0.0013680458068847656,0.017546653747558594,130,6,132,66,1008,848,12915
all/randm08.02.02.11.020_0030.05.aba.beta,True,10,8,0.01953268051147461,0.010251283645629883,0.0015294551849365234,0.031313419342041016,189,9,192,81,1595,940,14085
all/randm08.02.02.12.020_0030.01.aba.beta,True,5,5,0.007781505584716797,0.004326343536376953,0.0009961128234863281,0.013103961944580078,148,4,148,84,1526,694,10919
all/randm08.02.02.12.020_0030.02.aba.beta,True,4,5,0.008089065551757812,0.004162788391113281,0.0013279914855957031,0.013579845428466797,120,3,120,78,830,809,12856
all/randm08.02.02.12.020_0030.03.aba.beta,True,3,5,0.0033037662506103516,0.0027909278869628906,0.0008053779602050781,0.00690007209777832,98,2,98,71,621,647,10186
all/randm08.02.02.12.020_0030.04.aba.beta,True,5,5,0.006809711456298828,0.0038335323333740234,0.0007622241973876953,0.011405467987060547,115,4,115,68,707,638,9795
all/randm08.02.02.12.020_0030.05.aba.beta,True,5,5,0.008276939392089844,0.004081010818481445,0.0009961128234863281,0.013354063034057617,132,4,132,76,1443,710,10938
all/randm08.02.02.13.020_0030.01.aba.beta,True,10,8,0.035689592361450195,0.026308298110961914,0.0016913414001464844,0.0636892318725586,302,6,302,124,2419,748,11464
all/randm08.02.02.13.020_0030.02.aba.beta,True,13,8,0.04048442840576172,0.03130602836608887,0.002035379409790039,0.07382583618164062,289,9,289,135,2300,1364,20969
all/randm08.02.02.13.020_0030.03.aba.beta,True,9,8,0.02464437484741211,0.01738739013671875,0.0011606216430664062,0.043192386627197266,173,6,178,92,1280,829,12784
all/randm08.02.02.13.020_0030.04.aba.beta,True,10,8,0.03732442855834961,0.029696226119995117,0.0013813972473144531,0.06840205192565918,287,7,289,141,2427,979,15017
all/randm08.02.02.13.020_0030.05.aba.beta,True,12,8,0.04732489585876465,0.02858281135559082,0.002338409423828125,0.0782461166381836,231,8,252,142,2194,1226,19262
all/randm08.02.02.14.020_0030.01.aba.beta,True,7,6,0.01823282241821289,0.010720968246459961,0.0015480518341064453,0.030501842498779297,178,6,178,119,1814,937,14525
all/randm08.02.02.14.020_0030.02.aba.beta,True,12,6,0.04062843322753906,0.02733445167541504,0.0023779869079589844,0.07034087181091309,275,10,276,161,2682,1430,22241
all/randm08.02.02.14.020_0030.03.aba.beta,True,10,6,0.025287866592407227,0.015115499496459961,0.0013451576232910156,0.0417485237121582,227,8,227,127,1962,961,14841
all/randm08.02.02.14.020_0030.04.aba.beta,True,10,6,0.03924155235290527,0.0240631103515625,0.0018215179443359375,0.06512618064880371,438,7,438,145,9094,1265,20208
all/randm08.02.02.14.020_0030.05.aba.beta,True,8,6,0.021023035049438477,0.012995004653930664,0.0015635490417480469,0.03558158874511719,174,7,174,110,1786,1081,16430
all/randm08.02.02.15.020_0030.01.aba.beta,True,6,5,0.01338648796081543,0.007693052291870117,0.00174713134765625,0.022826671600341797,129,5,129,94,1142,748,11627
all/randm08.02.02.15.020_0030.02.aba.beta,True,5,5,0.007220268249511719,0.0038039684295654297,0.0011153221130371094,0.012139558792114258,89,5,90,63,700,826,12884
all/randm08.02.02.15.020_0030.03.aba.beta,True,5,5,0.007680416107177734,0.005513429641723633,0.0008249282836914062,0.014018774032592773,97,4,97,65,615,588,9026
all/randm08.02.02.15.020_0030.04.aba.beta,True,5,5,0.007119894027709961,0.0038640499114990234,0.0012774467468261719,0.012261390686035156,75,5,77,49,481,634,9798
all/randm08.02.02.15.020_0030.05.aba.beta,True,4,5,0.004880428314208984,0.0031540393829345703,0.0007433891296386719,0.008777856826782227,100,3,101,60,620,568,8945
all/randm08.02.02.16.020_0030.01.aba.beta,True,4,5,0.005880117416381836,0.0037240982055664062,0.0012629032135009766,0.010867118835449219,92,3,93,49,491,586,9147
all/randm08.02.02.16.020_0030.02.aba.beta,True,5,5,0.006093740463256836,0.00507807731628418,0.0009107589721679688,0.012082576751708984,126,4,126,83,1177,674,10699
all/randm08.02.02.16.020_0030.03.aba.beta,True,5,5,0.009456634521484375,0.006761074066162109,0.0020165443420410156,0.0182342529296875,119,4,119,81,857,1120,17683
all/randm08.02.02.16.020_0030.04.aba.beta,True,7,5,0.010993242263793945,0.008436441421508789,0.0018463134765625,0.021275997161865234,130,6,130,95,981,980,15213
all/randm08.02.02.16.020_0030.05.aba.beta,True,5,5,0.0044422149658203125,0.003293275833129883,0.0009570121765136719,0.008692502975463867,97,4,97,58,629,665,10413
all/randm08.02.02.17.020_0030.01.aba.beta,True,2,6,0.003005504608154297,0.001096487045288086,0.0007016658782958984,0.004803657531738281,87,2,87,49,481,553,8723
all/randm08.02.02.17.020_0030.02.aba.beta,True,3,6,0.004628419876098633,0.0025322437286376953,0.0012230873107910156,0.008383750915527344,106,3,106,71,1186,890,14204
all/randm08.02.02.17.020_0030.03.aba.beta,True,1,6,0.0017309188842773438,0.0005223751068115234,0.0006883144378662109,0.002941608428955078,64,1,66,40,280,534,8589
all/randm08.02.02.17.020_0030.04.aba.beta,True,1,6,0.003390789031982422,0.0009195804595947266,0.0011551380157470703,0.005465507507324219,78,1,81,42,367,533,8577
all/randm08.02.02.17.020_0030.05.aba.beta,True,2,6,0.002875804901123047,0.0027625560760498047,0.0007233619689941406,0.006361722946166992,95,1,95,41,450,517,8485
all/randm08.02.02.18.020_0030.01.aba.beta,True,5,6,0.008077621459960938,0.0056989192962646484,0.0011639595031738281,0.014940500259399414,143,4,145,66,1410,585,9129
all/randm08.02.02.18.020_0030.02.aba.beta,True,7,6,0.0123138427734375,0.008959770202636719,0.0017955303192138672,0.023069143295288086,206,4,206,108,1596,995,15785
all/randm08.02.02.18.020_0030.03.aba.beta,True,6,6,0.010384082794189453,0.007036685943603516,0.0013854503631591797,0.01880621910095215,118,5,118,73,791,852,13279
all/randm08.02.02.18.020_0030.04.aba.beta,True,7,6,0.017325162887573242,0.011903524398803711,0.0017583370208740234,0.030987024307250977,246,5,249,114,2882,878,13741
all/randm08.02.02.18.020_0030.05.aba.beta,True,9,6,0.020209074020385742,0.012893438339233398,0.0019464492797851562,0.0350489616394043,209,6,209,123,1865,1105,17319
all/randm08.02.02.19.020_0030.01.aba.beta,True,4,8,0.008929014205932617,0.004182338714599609,0.0007479190826416016,0.013859272003173828,173,3,181,75,1274,572,8818
all/randm08.02.02.19.020_0030.02.aba.beta,True,4,8,0.00894784927368164,0.003808259963989258,0.001247406005859375,0.014003515243530273,164,4,172,95,2087,953,15362
all/randm08.02.02.19.020_0030.03.aba.beta,True,5,8,0.012169837951660156,0.006414890289306641,0.0008368492126464844,0.01942157745361328,155,4,155,77,989,633,9770
all/randm08.02.02.19.020_0030.04.aba.beta,True,5,8,0.013815164566040039,0.006644248962402344,0.0012652873992919922,0.021724700927734375,197,4,209,90,1965,607,9435
all/randm08.02.02.19.020_0030.05.aba.beta,True,8,8,0.015150308609008789,0.008544921875,0.0014319419860839844,0.025127172470092773,194,7,194,83,1406,977,14864
all/randm09.02.02.01.020_0030.01.aba.beta,True,11,9,0.03602910041809082,0.022051334381103516,0.0021152496337890625,0.0601956844329834,314,8,314,96,2502,1216,19076
all/randm09.02.02.01.020_0030.02.aba.beta,True,4,7,0.009331941604614258,0.003719806671142578,0.0007467269897460938,0.01379847526550293,162,3,175,80,1137,590,9262
all/randm09.02.02.01.020_0030.03.aba.beta,True,13,9,0.043613433837890625,0.03852128982543945,0.0017244815826416016,0.08385920524597168,556,9,556,117,8287,1182,18206
all/randm09.02.02.01.020_0030.04.aba.beta,True,10,9,0.037911176681518555,0.01926445960998535,0.0013897418975830078,0.058565378189086914,297,7,316,126,2181,1050,16082
all/randm09.02.02.01.020_0030.05.aba.beta,True,12,9,0.048348426818847656,0.0308229923248291,0.0020596981048583984,0.08123111724853516,334,7,340,103,3365,1072,16617
all/randm09.02.02.02.020_0030.01.aba.beta,True,12,8,0.032831668853759766,0.02439594268798828,0.0015332698822021484,0.058760881423950195,311,9,313,91,2502,1161,17511
all/randm09.02.02.02.020_0030.02.aba.beta,True,6,7,0.010778188705444336,0.007075071334838867,0.0015530586242675781,0.01940631866455078,170,5,183,80,1438,858,13321
all/randm09.02.02.02.020_0030.03.aba.beta,True,8,8,0.0226593017578125,0.011431455612182617,0.0012650489807128906,0.03535580635070801,141,8,144,84,999,1005,15214
all/randm09.02.02.02.020_0030.04.aba.beta,True,22,8,0.07893729209899902,0.05500960350036621,0.00403141975402832,0.13797831535339355,502,18,502,124,5414,2665,41779
all/randm09.02.02.02.020_0030.05.aba.beta,True,16,7,0.04347515106201172,0.029709339141845703,0.002935647964477539,0.07612013816833496,272,13,278,115,3194,1549,23424
all/randm09.02.02.03.020_0030.01.aba.beta,True,9,8,0.027039051055908203,0.013218402862548828,0.0015544891357421875,0.04181194305419922,262,8,264,114,2576,1165,17957
all/randm09.02.02.03.020_0030.02.aba.beta,True,5,8,0.015616178512573242,0.005728960037231445,0.0010457038879394531,0.02239084243774414,181,5,183,95,2238,716,11327
all/randm09.02.02.03.020_0030.03.aba.beta,True,8,8,0.020552635192871094,0.011006355285644531,0.0009350776672363281,0.03249406814575195,195,7,195,79,2582,710,10890
all/randm09.02.02.03.020_0030.04.aba.beta,True,8,8,0.022276878356933594,0.009874582290649414,0.0015947818756103516,0.03374624252319336,191,8,195,107,2121,1175,18070
all/randm09.02.02.03.020_0030.05.aba.beta,True,9,8,0.024850130081176758,0.011894464492797852,0.0018084049224853516,0.03855299949645996,188,9,188,116,2275,1150,17472
all/randm09.02.02.04.020_0030.01.aba.beta,True,5,7,0.008540868759155273,0.005883932113647461,0.0012819766998291016,0.015706777572631836,139,3,139,80,936,592,9201
all/randm09.02.02.04.020_0030.02.aba.beta,True,5,7,0.01040196418762207,0.0046384334564208984,0.0010266304016113281,0.016067028045654297,132,5,132,85,1101,775,12075
all/randm09.02.02.04.020_0030.03.aba.beta,True,2,7,0.005063056945800781,0.0022182464599609375,0.0008678436279296875,0.008149147033691406,92,2,94,54,648,601,9528
all/randm09.02.02.04.020_0030.04.aba.beta,True,1,7,0.002501249313354492,0.0006856918334960938,0.0007030963897705078,0.0038900375366210938,78,1,78,46,374,540,8607
all/randm09.02.02.04.020_0030.05.aba.beta,True,5,7,0.009562969207763672,0.0066013336181640625,0.0009479522705078125,0.017112255096435547,137,4,140,68,796,677,10470
all/randm09.02.02.05.020_0030.01.aba.beta,True,6,8,0.012156248092651367,0.009408950805664062,0.0014014244079589844,0.022966623306274414,152,5,152,70,966,669,10242
all/randm09.02.02.05.020_0030.02.aba.beta,True,5,8,0.010229110717773438,0.006980419158935547,0.0007352828979492188,0.017944812774658203,162,4,162,64,941,577,8819
all/randm09.02.02.05.020_0030.03.aba.beta,True,8,8,0.012531757354736328,0.007407426834106445,0.0009989738464355469,0.02093815803527832,166,6,168,64,970,794,12220
all/randm09.02.02.05.020_0030.04.aba.beta,True,7,8,0.01823711395263672,0.00983119010925293,0.0022428035736083984,0.030311107635498047,182,6,185,85,1264,1105,17163
all/randm09.02.02.05.020_0030.05.aba.beta,True,5,8,0.01406717300415039,0.00795888900756836,0.0008597373962402344,0.022885799407958984,155,4,155,76,1042,608,9445
all/randm09.02.02.06.020_0030.01.aba.beta,True,6,9,0.01682281494140625,0.009834051132202148,0.0013592243194580078,0.028016090393066406,186,4,186,85,1429,646,10033
all/randm09.02.02.06.020_0030.02.aba.beta,True,7,9,0.015461206436157227,0.009785652160644531,0.0009047985076904297,0.026151657104492188,194,5,207,72,1460,654,9910
all/randm09.02.02.06.020_0030.03.aba.beta,True,5,9,0.01820540428161621,0.010556697845458984,0.0009558200836181641,0.02971792221069336,333,3,336,112,2976,660,10429
all/randm09.02.02.06.020_0030.04.aba.beta,True,8,9,0.020944833755493164,0.013797283172607422,0.0013058185577392578,0.036047935485839844,305,5,305,78,2219,585,8874
all/randm09.02.02.06.020_0030.05.aba.beta,True,8,9,0.026502132415771484,0.013939380645751953,0.0016553401947021484,0.042096853256225586,349,6,363,97,2862,754,11550
all/randm09.02.02.07.020_0030.01.aba.beta,True,1,1,0.00011467933654785156,0.00023293495178222656,0.0006747245788574219,0.0010223388671875,15,1,15,13,34,511,8445
all/randm09.02.02.07.020_0030.02.aba.beta,True,1,1,0.0001747608184814453,0.0003972053527832031,0.0011043548583984375,0.001676321029663086,15,1,15,14,34,530,8553
all/randm09.02.02.07.020_0030.03.aba.beta,True,1,1,0.00011157989501953125,0.000232696533203125,0.0006902217864990234,0.0010344982147216797,15,1,15,14,34,533,8573
all/randm09.02.02.07.020_0030.04.aba.beta,True,1,1,0.00017333030700683594,0.00024175643920898438,0.0008025169372558594,0.0012176036834716797,15,1,15,14,34,527,8550
all/randm09.02.02.07.020_0030.05.aba.beta,True,1,1,0.00011563301086425781,0.00023603439331054688,0.0006926059722900391,0.0010442733764648438,15,1,15,14,34,536,8586
all/randm09.02.02.08.020_0030.01.aba.beta,True,2,6,0.0030515193939208984,0.0011484622955322266,0.0007312297821044922,0.004931211471557617,82,2,82,39,416,541,8610
all/randm09.02.02.08.020_0030.02.aba.beta,True,2,6,0.003102540969848633,0.0012087821960449219,0.0007050037384033203,0.005016326904296875,75,2,77,50,355,549,8649
all/randm09.02.02.08.020_0030.03.aba.beta,True,2,6,0.0031795501708984375,0.0013043880462646484,0.0007469654083251953,0.005230903625488281,92,2,92,65,681,567,8983
all/randm09.02.02.08.020_0030.04.aba.beta,True,1,6,0.0027790069580078125,0.0005893707275390625,0.0006961822509765625,0.0040645599365234375,82,1,87,49,401,536,8591
all/randm09.02.02.08.020_0030.05.aba.beta,True,1,6,0.0034346580505371094,0.0009481906890869141,0.0009398460388183594,0.005322694778442383,75,1,75,40,349,531,8560
all/randm09.02.02.09.020_0030.01.aba.beta,True,7,9,0.016938447952270508,0.011315584182739258,0.0015976428985595703,0.029851675033569336,193,6,193,87,1315,1206,19284
all/randm09.02.02.09.020_0030.02.aba.beta,True,9,9,0.029707908630371094,0.01967024803161621,0.0015747547149658203,0.050952911376953125,253,6,253,102,2945,956,14771
all/randm09.02.02.09.020_0030.03.aba.beta,True,8,9,0.015618324279785156,0.010167360305786133,0.0007650852203369141,0.026550769805908203,174,7,175,77,1153,617,9190
all/randm09.02.02.09.020_0030.04.aba.beta,True,5,9,0.014551639556884766,0.009169340133666992,0.0017669200897216797,0.025487899780273438,174,4,174,88,1145,1108,17351
all/randm09.02.02.09.020_0030.05.aba.beta,True,6,9,0.01660895347595215,0.01182699203491211,0.0012428760528564453,0.029678821563720703,207,4,208,99,1608,981,15391
all/randm09.02.02.10.020_0030.01.aba.beta,True,3,6,0.0033600330352783203,0.0016486644744873047,0.0011830329895019531,0.006191730499267578,79,3,79,47,515,819,13151
all/randm09.02.02.10.020_0030.02.aba.beta,True,3,6,0.007441520690917969,0.0025246143341064453,0.0008077621459960938,0.010773897171020508,104,3,106,66,1102,603,9541
all/randm09.02.02.10.020_0030.03.aba.beta,True,6,6,0.010602712631225586,0.005705833435058594,0.0016045570373535156,0.017913103103637695,140,5,143,66,953,748,11477
all/randm09.02.02.10.020_0030.04.aba.beta,True,3,6,0.003916263580322266,0.0015742778778076172,0.0007762908935546875,0.00626683235168457,102,3,102,39,644,561,8748
all/randm09.02.02.10.020_0030.05.aba.beta,True,2,6,0.003015279769897461,0.0011539459228515625,0.0007014274597167969,0.00487065315246582,79,2,79,44,588,559,8738
all/randm09.02.02.11.020_0030.01.aba.beta,True,5,8,0.009927034378051758,0.005923271179199219,0.0008032321929931641,0.01665353775024414,150,3,150,87,1007,628,9850
all/randm09.02.02.11.020_0030.02.aba.beta,True,6,8,0.008881330490112305,0.0064966678619384766,0.0007231235504150391,0.01610112190246582,176,4,178,76,2114,581,9087
all/randm09.02.02.11.020_0030.03.aba.beta,True,4,8,0.011605262756347656,0.0056667327880859375,0.0013225078582763672,0.01859450340270996,121,4,121,79,780,640,9835
all/randm09.02.02.11.020_0030.04.aba.beta,True,4,8,0.013232231140136719,0.005542278289794922,0.0007812976837158203,0.01955580711364746,180,3,186,77,1139,565,8818
all/randm09.02.02.11.020_0030.05.aba.beta,True,5,8,0.00890350341796875,0.0057489871978759766,0.0007765293121337891,0.015429019927978516,174,3,176,79,1491,577,9090
all/randm09.02.02.12.020_0030.01.aba.beta,True,5,8,0.012010574340820312,0.006552219390869141,0.0012042522430419922,0.019767045974731445,166,4,168,73,1050,572,8856
all/randm09.02.02.12.020_0030.02.aba.beta,True,2,8,0.006162405014038086,0.002547740936279297,0.0010066032409667969,0.00971674919128418,136,1,137,58,739,534,8574
all/randm09.02.02.12.020_0030.03.aba.beta,True,6,8,0.011504888534545898,0.006474018096923828,0.0009086132049560547,0.01888751983642578,171,5,172,82,1359,739,11217
all/randm09.02.02.12.020_0030.04.aba.beta,True,6,8,0.01730942726135254,0.0075342655181884766,0.0009686946868896484,0.025812387466430664,174,5,175,84,1213,746,11553
all/randm09.02.02.12.020_0030.05.aba.beta,True,7,8,0.016962051391601562,0.008101224899291992,0.0011548995971679688,0.026218175888061523,167,7,172,94,1694,865,13061
all/randm09.02.02.13.020_0030.01.aba.beta,True,6,8,0.014215707778930664,0.0075893402099609375,0.0013222694396972656,0.023127317428588867,225,5,231,110,2113,954,15113
all/randm09.02.02.13.020_0030.02.aba.beta,True,5,8,0.021469593048095703,0.008809328079223633,0.0014920234680175781,0.031770944595336914,171,5,175,93,1512,716,11005
all/randm09.02.02.13.020_0030.03.aba.beta,True,9,8,0.0366358757019043,0.019388198852539062,0.001969575881958008,0.05799365043640137,270,7,293,132,3766,966,14893
all/randm09.02.02.13.020_0030.04.aba.beta,True,7,8,0.017500877380371094,0.012353897094726562,0.0009658336639404297,0.030820608139038086,215,6,219,115,1846,774,11869
all/randm09.02.02.13.020_0030.05.aba.beta,True,15,8,0.02866816520690918,0.01737523078918457,0.0014777183532714844,0.047521114349365234,256,14,262,116,2397,1152,17024
all/randm09.02.02.14.020_0030.01.aba.beta,True,2,6,0.002251863479614258,0.000972747802734375,0.0006883144378662109,0.003912925720214844,69,2,74,36,359,543,8618
all/randm09.02.02.14.020_0030.02.aba.beta,True,4,6,0.006264686584472656,0.0032961368560791016,0.0008397102355957031,0.010400533676147461,98,4,99,71,820,638,9876
all/randm09.02.02.14.020_0030.03.aba.beta,True,3,6,0.004409074783325195,0.0018537044525146484,0.0007245540618896484,0.006987333297729492,73,3,73,52,425,564,8795
all/randm09.02.02.14.020_0030.04.aba.beta,True,2,6,0.003435850143432617,0.001186370849609375,0.00075531005859375,0.005377531051635742,80,2,80,51,481,579,9159
all/randm09.02.02.14.020_0030.05.aba.beta,True,6,6,0.01265263557434082,0.007836341857910156,0.0010840892791748047,0.02157306671142578,175,5,176,100,1892,800,12384
all/randm09.02.02.15.020_0030.01.aba.beta,True,5,8,0.010203838348388672,0.006999969482421875,0.0012664794921875,0.018470287322998047,162,4,162,85,1133,918,14395
all/randm09.02.02.15.020_0030.02.aba.beta,True,6,8,0.012487649917602539,0.009201288223266602,0.0007927417755126953,0.022481679916381836,151,5,153,75,937,613,9297
all/randm09.02.02.15.020_0030.03.aba.beta,True,6,8,0.015685319900512695,0.010077953338623047,0.0013124942779541016,0.027075767517089844,161,5,162,73,1139,599,9289
all/randm09.02.02.15.020_0030.04.aba.beta,True,3,8,0.009366035461425781,0.0040700435638427734,0.0012052059173583984,0.014641284942626953,144,2,144,75,857,557,8785
all/randm09.02.02.15.020_0030.05.aba.beta,True,7,8,0.013730287551879883,0.006922245025634766,0.0015811920166015625,0.02223372459411621,134,7,147,75,880,762,12065
all/randm09.02.02.16.020_0030.01.aba.beta,True,1,6,0.0015287399291992188,0.000553131103515625,0.0007085800170898438,0.0027904510498046875,69,1,69,35,316,526,8543
all/randm09.02.02.16.020_0030.02.aba.beta,True,2,6,0.0033867359161376953,0.0012416839599609375,0.0008575916290283203,0.005486011505126953,83,2,83,41,445,657,10366
all/randm09.02.02.16.020_0030.03.aba.beta,True,2,6,0.0026340484619140625,0.0011854171752929688,0.0009789466857910156,0.004798412322998047,88,2,88,40,608,723,11626
all/randm09.02.02.16.020_0030.04.aba.beta,True,1,6,0.0035600662231445312,0.001325368881225586,0.001257181167602539,0.006142616271972656,79,1,80,43,379,531,8558
all/randm09.02.02.16.020_0030.05.aba.beta,True,1,6,0.0031113624572753906,0.0006432533264160156,0.0006909370422363281,0.004445552825927734,73,1,75,45,336,532,8559
all/randm09.02.02.17.020_0030.01.aba.beta,True,7,9,0.02515721321105957,0.014698266983032227,0.0008726119995117188,0.040728092193603516,233,5,239,114,1808,676,10484
all/randm09.02.02.17.020_0030.02.aba.beta,True,7,9,0.025829315185546875,0.014183521270751953,0.0010631084442138672,0.041075944900512695,214,6,214,127,1851,815,12508
all/randm09.02.02.17.020_0030.03.aba.beta,True,3,9,0.00853276252746582,0.00580143928527832,0.0007035732269287109,0.015037775039672852,153,2,153,74,868,555,8710
all/randm09.02.02.17.020_0030.04.aba.beta,True,9,9,0.023760318756103516,0.016214370727539062,0.0008625984191894531,0.04083728790283203,191,7,191,74,1212,674,10176
all/randm09.02.02.17.020_0030.05.aba.beta,True,9,9,0.03160214424133301,0.014437437057495117,0.002409219741821289,0.048448801040649414,217,9,222,117,1905,1557,24202
all/randm09.02.02.18.020_0030.01.aba.beta,True,6,7,0.009034872055053711,0.006083965301513672,0.0009334087371826172,0.01605224609375,163,5,163,75,1450,737,11380
all/randm09.02.02.18.020_0030.02.aba.beta,True,6,7,0.007108449935913086,0.006856441497802734,0.0007715225219726562,0.014736413955688477,149,4,149,64,1122,588,9194
all/randm09.02.02.18.020_0030.03.aba.beta,True,7,7,0.016684770584106445,0.01078653335571289,0.002101421356201172,0.029572725296020508,184,5,184,82,1414,957,14795
all/randm09.02.02.18.020_0030.04.aba.beta,True,8,7,0.018620967864990234,0.010944128036499023,0.0020110607147216797,0.03157615661621094,172,7,174,81,1311,1023,15491
all/randm09.02.02.18.020_0030.05.aba.beta,True,5,7,0.009640932083129883,0.004186868667602539,0.0013096332550048828,0.015137434005737305,164,5,166,98,2210,966,15389
all/randm09.02.02.19.020_0030.01.aba.beta,True,9,8,0.020299434661865234,0.011306047439575195,0.0011544227600097656,0.032759904861450195,209,8,209,87,2694,829,12685
all/randm09.02.02.19.020_0030.02.aba.beta,True,12,8,0.026217937469482422,0.016675710678100586,0.002565622329711914,0.04545927047729492,225,11,225,111,2177,1645,25416
all/randm09.02.02.19.020_0030.03.aba.beta,True,9,8,0.0301816463470459,0.012089014053344727,0.0009379386901855469,0.04320859909057617,368,5,370,115,4434,735,11298
all/randm09.02.02.19.020_0030.04.aba.beta,True,9,8,0.025257349014282227,0.014922857284545898,0.0013740062713623047,0.04155421257019043,185,6,185,76,1710,675,10369
all/randm09.02.02.19.020_0030.05.aba.beta,True,9,8,0.029815673828125,0.019735336303710938,0.002863645553588867,0.052414655685424805,327,6,329,127,2861,1451,22803
all/randm10.02.02.01.020_0030.01.aba.beta,True,3,6,0.003337383270263672,0.0016179084777832031,0.0007123947143554688,0.005667686462402344,72,3,72,46,355,558,8703
all/randm10.02.02.01.020_0030.02.aba.beta,True,2,6,0.0036776065826416016,0.0010859966278076172,0.0007839202880859375,0.005547523498535156,76,2,77,38,358,592,9458
all/randm10.02.02.01.020_0030.03.aba.beta,True,3,6,0.005046844482421875,0.0022437572479248047,0.0007052421569824219,0.007995843887329102,74,3,74,40,400,553,8660
all/randm10.02.02.01.020_0030.04.aba.beta,True,3,6,0.006357908248901367,0.002817392349243164,0.0015633106231689453,0.010738611221313477,82,3,82,46,568,566,8792
all/randm10.02.02.01.020_0030.05.aba.beta,True,3,6,0.0042798519134521484,0.002277374267578125,0.0014259815216064453,0.007983207702636719,117,2,118,50,612,1047,16768
all/randm10.02.02.02.020_0030.01.aba.beta,True,9,9,0.0270998477935791,0.015536308288574219,0.0011663436889648438,0.043802499771118164,219,7,230,110,1607,768,11505
all/randm10.02.02.02.020_0030.02.aba.beta,True,9,9,0.032440900802612305,0.02045726776123047,0.0013759136199951172,0.05427408218383789,309,6,319,125,2288,856,13245
all/randm10.02.02.02.020_0030.03.aba.beta,True,10,9,0.03327751159667969,0.024778366088867188,0.0015766620635986328,0.05963253974914551,335,7,335,121,2723,843,13085
all/randm10.02.02.02.020_0030.04.aba.beta,True,10,9,0.030742883682250977,0.01633429527282715,0.0014481544494628906,0.048525333404541016,208,9,209,98,1780,936,14422
all/randm10.02.02.02.020_0030.05.aba.beta,True,9,9,0.030186891555786133,0.016490459442138672,0.0014424324035644531,0.04811978340148926,203,7,204,97,1447,779,11687
all/randm10.02.02.03.020_0030.01.aba.beta,True,6,8,0.010666847229003906,0.006878376007080078,0.0014235973358154297,0.018968820571899414,151,5,152,70,874,742,11403
all/randm10.02.02.03.020_0030.02.aba.beta,True,3,8,0.008621692657470703,0.004662752151489258,0.0009593963623046875,0.014243841171264648,145,2,145,83,920,569,8887
all/randm10.02.02.03.020_0030.03.aba.beta,True,6,8,0.019642353057861328,0.009706974029541016,0.0010230541229248047,0.03037238121032715,201,5,209,104,1645,628,9801
all/randm10.02.02.03.020_0030.04.aba.beta,True,8,8,0.027439594268798828,0.01471257209777832,0.0012555122375488281,0.04340767860412598,300,6,303,111,2167,798,12193
all/randm10.02.02.03.020_0030.05.aba.beta,True,11,8,0.021673202514648438,0.014344930648803711,0.0021271705627441406,0.03814530372619629,211,10,218,106,1648,1141,17354
all/randm10.02.02.04.020_0030.01.aba.beta,True,1,5,0.0014262199401855469,0.0005192756652832031,0.0007512569427490234,0.0026967525482177734,52,1,52,38,215,538,8598
all/randm10.02.02.04.020_0030.02.aba.beta,True,3,5,0.003410816192626953,0.002165555953979492,0.0012831687927246094,0.006859540939331055,101,2,101,58,526,554,8699
all/randm10.02.02.04.020_0030.03.aba.beta,True,1,5,0.0016016960144042969,0.0006651878356933594,0.0011034011840820312,0.0033702850341796875,55,1,55,28,231,517,8509
all/randm10.02.02.04.020_0030.04.aba.beta,True,1,5,0.0012972354888916016,0.0004639625549316406,0.0006854534149169922,0.0024466514587402344,53,1,53,38,221,537,8587
all/randm10.02.02.04.020_0030.05.aba.beta,True,1,5,0.001984834671020508,0.0007436275482177734,0.0010306835174560547,0.003759145736694336,51,1,51,38,212,542,8614
all/randm10.02.02.05.020_0030.01.aba.beta,True,6,8,0.010515689849853516,0.0062716007232666016,0.0008716583251953125,0.01765894889831543,162,5,162,80,1027,686,10682
all/randm10.02.02.05.020_0030.02.aba.beta,True,3,7,0.0051496028900146484,0.003695964813232422,0.0016627311706542969,0.010508298873901367,138,2,138,61,1025,902,14289
all/randm10.02.02.05.020_0030.03.aba.beta,True,3,8,0.0059795379638671875,0.0038022994995117188,0.0010247230529785156,0.010806560516357422,156,2,158,85,1056,781,12388
all/randm10.02.02.05.020_0030.04.aba.beta,True,1,8,0.005917072296142578,0.0015249252319335938,0.0011942386627197266,0.008636236190795898,88,1,91,49,440,540,8609
all/randm10.02.02.05.020_0030.05.aba.beta,True,7,8,0.022882461547851562,0.016566038131713867,0.003100872039794922,0.04254937171936035,307,5,307,122,3622,1786,28316
all/randm10.02.02.06.020_0030.01.aba.beta,True,4,9,0.015419483184814453,0.006170988082885742,0.0012421607971191406,0.022832632064819336,186,4,192,74,1465,793,12427
all/randm10.02.02.06.020_0030.02.aba.beta,True,8,9,0.029377222061157227,0.013449907302856445,0.0019741058349609375,0.04480123519897461,272,7,276,120,3074,1130,17666
all/randm10.02.02.06.020_0030.03.aba.beta,True,11,9,0.03479170799255371,0.026577472686767578,0.0014603137969970703,0.06282949447631836,340,9,340,120,2884,1051,16130
all/randm10.02.02.06.020_0030.04.aba.beta,True,6,9,0.02200007438659668,0.009523630142211914,0.0009667873382568359,0.03249049186706543,278,5,288,105,2614,698,10878
all/randm10.02.02.06.020_0030.05.aba.beta,True,8,9,0.03764009475708008,0.01759171485900879,0.0013041496276855469,0.056535959243774414,425,6,434,127,5633,917,14431
all/randm10.02.02.07.020_0030.01.aba.beta,True,11,9,0.04259753227233887,0.02559494972229004,0.0022008419036865234,0.07039332389831543,288,10,321,164,2887,1429,22219
all/randm10.02.02.07.020_0030.02.aba.beta,True,9,9,0.030277490615844727,0.020933151245117188,0.001268148422241211,0.052478790283203125,340,5,340,110,2718,887,14009
all/randm10.02.02.07.020_0030.03.aba.beta,True,7,9,0.021895647048950195,0.013327360153198242,0.0015521049499511719,0.03677511215209961,199,6,201,103,1518,772,11869
all/randm10.02.02.07.020_0030.04.aba.beta,True,10,9,0.042119741439819336,0.027850866317749023,0.0013325214385986328,0.07130312919616699,344,7,350,137,2851,971,14794
all/randm10.02.02.07.020_0030.05.aba.beta,True,8,9,0.02910161018371582,0.026275157928466797,0.001588582992553711,0.05696535110473633,333,6,333,129,2792,801,12342
all/randm10.02.02.08.020_0030.01.aba.beta,True,4,9,0.012648820877075195,0.004706621170043945,0.0007607936859130859,0.018116235733032227,173,3,174,80,1156,593,9370
all/randm10.02.02.08.020_0030.02.aba.beta,True,7,9,0.019974470138549805,0.01475214958190918,0.0009000301361083984,0.03562664985656738,196,6,200,83,1334,685,10511
all/randm10.02.02.08.020_0030.03.aba.beta,True,3,9,0.012598276138305664,0.010151386260986328,0.0007042884826660156,0.023453950881958008,295,1,296,86,1917,541,8614
all/randm10.02.02.08.020_0030.04.aba.beta,True,6,9,0.01851367950439453,0.012250661849975586,0.0013089179992675781,0.032073259353637695,189,5,189,74,1335,589,9040
all/randm10.02.02.08.020_0030.05.aba.beta,True,3,9,0.008424997329711914,0.006993770599365234,0.0012249946594238281,0.016643762588500977,165,2,166,77,1014,554,8751
all/randm10.02.02.09.020_0030.01.aba.beta,True,9,7,0.014600038528442383,0.009593963623046875,0.0017955303192138672,0.025989532470703125,165,8,171,74,1156,806,12370
all/randm10.02.02.09.020_0030.02.aba.beta,True,6,7,0.008817911148071289,0.005013704299926758,0.0008082389831542969,0.014639854431152344,165,5,167,92,1306,638,9815
all/randm10.02.02.09.020_0030.03.aba.beta,True,4,7,0.009470701217651367,0.0043182373046875,0.0007870197296142578,0.014575958251953125,142,3,142,81,978,600,9414
all/randm10.02.02.09.020_0030.04.aba.beta,True,6,7,0.008876562118530273,0.00695037841796875,0.0007982254028320312,0.016625165939331055,232,4,232,83,1662,609,9450
all/randm10.02.02.09.020_0030.05.aba.beta,True,5,7,0.012502670288085938,0.007591724395751953,0.0013055801391601562,0.021399974822998047,254,3,255,95,1884,626,9923
all/randm10.02.02.10.020_0030.01.aba.beta,True,3,7,0.005398988723754883,0.0023343563079833984,0.0010180473327636719,0.008751392364501953,111,3,113,70,885,587,9148
all/randm10.02.02.10.020_0030.02.aba.beta,True,5,7,0.01319265365600586,0.008918046951293945,0.0015342235565185547,0.02364492416381836,161,4,161,95,1132,842,13033
all/randm10.02.02.10.020_0030.03.aba.beta,True,1,7,0.004022121429443359,0.0011680126190185547,0.0011734962463378906,0.006363630294799805,84,1,87,51,412,535,8583
all/randm10.02.02.10.020_0030.04.aba.beta,True,4,7,0.007476806640625,0.004331350326538086,0.0007088184356689453,0.012516975402832031,124,3,124,52,661,549,8646
all/randm10.02.02.10.020_0030.05.aba.beta,True,5,7,0.009955883026123047,0.010583162307739258,0.0008645057678222656,0.02140355110168457,144,4,144,73,961,639,9980
all/randm10.02.02.11.020_0030.01.aba.beta,True,1,7,0.0022940635681152344,0.0007126331329345703,0.0006644725799560547,0.0036711692810058594,81,1,81,47,379,537,8591
all/randm10.02.02.11.020_0030.02.aba.beta,True,1,7,0.002346515655517578,0.0007410049438476562,0.0006749629974365234,0.003762483596801758,81,1,81,50,375,543,8624
all/randm10.02.02.11.020_0030.03.aba.beta,True,6,7,0.011309623718261719,0.005492210388183594,0.0010981559753417969,0.01789999008178711,143,6,145,69,1030,842,12964
all/randm10.02.02.11.020_0030.04.aba.beta,True,3,7,0.005999088287353516,0.002320528030395508,0.0007503032684326172,0.00906991958618164,114,3,119,71,733,595,9298
all/randm10.02.02.11.020_0030.05.aba.beta,True,1,7,0.003958225250244141,0.0010344982147216797,0.0011019706726074219,0.006094694137573242,78,1,78,47,359,541,8616
all/randm10.02.02.12.020_0030.01.aba.beta,True,7,8,0.017986774444580078,0.008684396743774414,0.0009963512420654297,0.027667522430419922,133,7,137,76,997,730,10986
all/randm10.02.02.12.020_0030.02.aba.beta,True,12,8,0.02392101287841797,0.017340898513793945,0.0017397403717041016,0.043001651763916016,203,9,206,93,1681,958,15018
all/randm10.02.02.12.020_0030.03.aba.beta,True,7,8,0.020444869995117188,0.011691093444824219,0.000990152359008789,0.033126115798950195,171,5,173,73,1383,664,10368
all/randm10.02.02.12.020_0030.04.aba.beta,True,8,8,0.014388799667358398,0.00788426399230957,0.0008442401885986328,0.0231173038482666,203,6,221,86,1887,618,9365
all/randm10.02.02.12.020_0030.05.aba.beta,True,9,8,0.028859853744506836,0.017000198364257812,0.0018095970153808594,0.04766964912414551,363,7,365,129,3219,1383,21487
all/randm10.02.02.13.020_0030.01.aba.beta,True,2,6,0.005307435989379883,0.002117633819580078,0.0011820793151855469,0.008607149124145508,85,2,85,59,600,561,8905
all/randm10.02.02.13.020_0030.02.aba.beta,True,3,6,0.003962993621826172,0.0022356510162353516,0.0010957717895507812,0.007294416427612305,89,3,89,68,737,804,12793
all/randm10.02.02.13.020_0030.03.aba.beta,True,4,6,0.007425069808959961,0.004782915115356445,0.0009806156158447266,0.013188600540161133,123,3,123,67,930,683,10678
all/randm10.02.02.13.020_0030.04.aba.beta,True,5,6,0.008579015731811523,0.005916118621826172,0.0011298656463623047,0.015625,120,4,120,72,855,810,12832
all/randm10.02.02.13.020_0030.05.aba.beta,True,6,6,0.011384725570678711,0.005666255950927734,0.001455068588256836,0.01850605010986328,131,6,134,103,1460,1044,16093
all/randm10.02.02.14.020_0030.01.aba.beta,True,15,9,0.05682659149169922,0.039011478424072266,0.0020198822021484375,0.09785795211791992,381,12,386,133,3351,1190,17794
all/randm10.02.02.14.020_0030.02.aba.beta,True,8,9,0.027502059936523438,0.011213541030883789,0.0009667873382568359,0.03968238830566406,262,8,268,90,3746,732,11121
all/randm10.02.02.14.020_0030.03.aba.beta,True,9,9,0.0215911865234375,0.013458967208862305,0.0012722015380859375,0.03632235527038574,317,6,319,124,2587,1001,15723
all/randm10.02.02.14.020_0030.04.aba.beta,True,13,9,0.05019783973693848,0.03594398498535156,0.0015420913696289062,0.08768391609191895,406,9,414,135,4935,1072,16699
all/randm10.02.02.14.020_0030.05.aba.beta,True,12,9,0.06068229675292969,0.042552947998046875,0.0010590553283691406,0.1042943000793457,643,8,646,138,7877,767,11772
all/randm10.02.02.15.020_0030.01.aba.beta,True,8,8,0.017609119415283203,0.013492822647094727,0.0010204315185546875,0.03212237358093262,162,6,162,74,1030,788,12038
all/randm10.02.02.15.020_0030.02.aba.beta,True,6,8,0.011898994445800781,0.008252620697021484,0.0012412071228027344,0.021392822265625,156,5,156,60,1022,602,9168
all/randm10.02.02.15.020_0030.03.aba.beta,True,6,8,0.01558065414428711,0.010260820388793945,0.0009386539459228516,0.026780128479003906,178,5,180,87,1283,723,11074
all/randm10.02.02.15.020_0030.04.aba.beta,True,5,8,0.012464284896850586,0.008207559585571289,0.0014328956604003906,0.022104740142822266,170,4,173,79,1089,685,10588
all/randm10.02.02.15.020_0030.05.aba.beta,True,8,8,0.015974044799804688,0.008426189422607422,0.0009441375732421875,0.025344371795654297,191,6,191,68,1308,684,10330
all/randm10.02.02.16.020_0030.01.aba.beta,True,13,8,0.028963565826416016,0.02032017707824707,0.00148773193359375,0.050771474838256836,302,11,302,112,2807,1175,17818
all/randm10.02.02.16.020_0030.02.aba.beta,True,7,8,0.024540424346923828,0.014148950576782227,0.0017120838165283203,0.040401458740234375,347,5,347,114,5310,853,13383
all/randm10.02.02.16.020_0030.03.aba.beta,True,8,8,0.026609182357788086,0.015190839767456055,0.0012569427490234375,0.04305696487426758,212,7,221,99,1871,844,12763
all/randm10.02.02.16.020_0030.04.aba.beta,True,7,8,0.01598525047302246,0.007886886596679688,0.00099945068359375,0.0248715877532959,211,6,228,123,1816,790,11935
all/randm10.02.02.16.020_0030.05.aba.beta,True,11,8,0.043435096740722656,0.03158259391784668,0.001978158950805664,0.076995849609375,388,8,388,139,5812,1160,18000
all/randm10.02.02.17.020_0030.01.aba.beta,True,4,7,0.013134479522705078,0.005418300628662109,0.0008420944213867188,0.019394874572753906,109,4,118,72,843,612,9501
all/randm10.02.02.17.020_0030.02.aba.beta,True,6,7,0.011156797409057617,0.0051844120025634766,0.0008668899536132812,0.017208099365234375,143,6,166,84,1279,673,10346
all/randm10.02.02.17.020_0030.03.aba.beta,True,6,7,0.011823177337646484,0.008600711822509766,0.0014052391052246094,0.02182912826538086,147,5,147,84,1136,674,10339
all/randm10.02.02.17.020_0030.04.aba.beta,True,8,7,0.015893936157226562,0.009417295455932617,0.0013012886047363281,0.026612520217895508,157,8,161,100,1456,1006,15319
all/randm10.02.02.17.020_0030.05.aba.beta,True,4,7,0.010092973709106445,0.004830598831176758,0.0012829303741455078,0.01620650291442871,161,3,163,67,1372,572,9066
all/randm10.02.02.18.020_0030.01.aba.beta,True,1,1,0.00017881393432617188,0.0003991127014160156,0.0011775493621826172,0.0017554759979248047,15,1,15,15,34,539,8607
all/randm10.02.02.18.020_0030.02.aba.beta,True,1,1,0.00015997886657714844,0.0003826618194580078,0.0011327266693115234,0.0016753673553466797,15,1,15,14,34,537,8599
all/randm10.02.02.18.020_0030.03.aba.beta,True,1,1,0.00018024444580078125,0.0004076957702636719,0.0011827945709228516,0.0017707347869873047,15,1,15,15,34,537,8596
all/randm10.02.02.18.020_0030.04.aba.beta,True,1,1,0.00011181831359863281,0.00023484230041503906,0.0006928443908691406,0.0010395050048828125,15,1,15,15,34,536,8587
all/randm10.02.02.18.020_0030.05.aba.beta,True,1,1,0.00018548965454101562,0.0004787445068359375,0.0009164810180664062,0.0015807151794433594,15,1,15,14,34,537,8596
all/randm10.02.02.19.020_0030.01.aba.beta,True,3,10,0.013197898864746094,0.00514531135559082,0.0008440017700195312,0.019187211990356445,164,3,171,90,1153,657,10297
all/randm10.02.02.19.020_0030.02.aba.beta,True,3,10,0.01885700225830078,0.005735635757446289,0.0007016658782958984,0.02529430389404297,215,2,221,79,1395,554,8725
all/randm10.02.02.19.020_0030.03.aba.beta,True,10,10,0.04790854454040527,0.03366994857788086,0.00205230712890625,0.08363080024719238,350,8,350,131,2609,1561,24206
all/randm10.02.02.19.020_0030.04.aba.beta,True,7,10,0.026742219924926758,0.013173580169677734,0.0016086101531982422,0.041524410247802734,349,6,364,136,3490,1194,18665
all/randm10.02.02.19.020_0030.05.aba.beta,True,9,10,0.03555417060852051,0.02443981170654297,0.0019164085388183594,0.061910390853881836,301,8,326,185,2778,1390,21709
all/randm11.02.02.01.020_0030.01.aba.beta,True,12,10,0.05306887626647949,0.03137540817260742,0.0011715888977050781,0.08561587333679199,372,10,372,99,3440,832,12147
all/randm11.02.02.01.020_0030.02.aba.beta,True,9,10,0.03171563148498535,0.015668392181396484,0.0011000633239746094,0.048484086990356445,394,6,403,118,3585,773,11783
all/randm11.02.02.01.020_0030.03.aba.beta,True,14,10,0.04560112953186035,0.03107905387878418,0.0018303394317626953,0.07851052284240723,426,10,426,121,5036,1065,16134
all/randm11.02.02.01.020_0030.04.aba.beta,True,8,10,0.027035951614379883,0.018730878829956055,0.0014188289642333984,0.047185659408569336,370,5,370,116,3031,708,10956
all/randm11.02.02.01.020_0030.05.aba.beta,True,7,10,0.0202634334564209,0.01341867446899414,0.0017559528350830078,0.03543806076049805,362,4,364,104,3022,928,14442
all/randm11.02.02.02.020_0030.01.aba.beta,True,2,9,0.009313106536865234,0.002798318862915039,0.0011970996856689453,0.013308525085449219,189,2,190,73,1400,846,13637
all/randm11.02.02.02.020_0030.02.aba.beta,True,6,10,0.0239105224609375,0.01489877700805664,0.0028617382049560547,0.041671037673950195,236,5,251,114,1808,1501,24027
all/randm11.02.02.02.020_0030.03.aba.beta,True,6,10,0.020255327224731445,0.012886524200439453,0.0018253326416015625,0.03496718406677246,239,5,246,103,1714,1087,16868
all/randm11.02.02.02.020_0030.04.aba.beta,True,7,10,0.0337982177734375,0.014034748077392578,0.0017414093017578125,0.04957437515258789,308,6,322,142,3861,1287,20178
all/randm11.02.02.02.020_0030.05.aba.beta,True,6,10,0.01827239990234375,0.010141372680664062,0.0014414787292480469,0.02985525131225586,238,5,248,94,1690,709,10907
all/randm11.02.02.03.020_0030.01.aba.beta,True,12,10,0.03751778602600098,0.020713090896606445,0.0018093585968017578,0.06004023551940918,356,9,356,85,2996,1179,17793
all/randm11.02.02.03.020_0030.02.aba.beta,True,12,10,0.05287742614746094,0.03760385513305664,0.001659393310546875,0.09214067459106445,1230,7,1230,122,15106,805,12276
all/randm11.02.02.03.020_0030.03.aba.beta,True,14,10,0.07786870002746582,0.0345158576965332,0.001809835433959961,0.11419439315795898,784,10,784,137,15833,1174,17923
all/randm11.02.02.03.020_0030.04.aba.beta,True,16,10,0.05086207389831543,0.03815269470214844,0.0011775493621826172,0.09019231796264648,635,11,646,129,6113,844,12511
all/randm11.02.02.03.020_0030.05.aba.beta,True,10,10,0.04236769676208496,0.02778005599975586,0.0012629032135009766,0.0714106559753418,582,6,584,117,4815,825,12695
all/randm11.02.02.04.020_0030.01.aba.beta,True,8,9,0.021277666091918945,0.010558605194091797,0.0009698867797851562,0.0328061580657959,202,8,243,141,1717,745,11178
all/randm11.02.02.04.020_0030.02.aba.beta,True,4,9,0.0163421630859375,0.007025003433227539,0.0007305145263671875,0.024097681045532227,273,1,274,74,1776,534,8590
all/randm11.02.02.04.020_0030.03.aba.beta,True,2,9,0.005695819854736328,0.002141714096069336,0.0007452964782714844,0.008582830429077148,120,2,128,62,640,549,8647
all/randm11.02.02.04.020_0030.04.aba.beta,True,4,9,0.009961843490600586,0.005176067352294922,0.0010209083557128906,0.0161588191986084,151,4,154,96,1154,791,12280
all/randm11.02.02.04.020_0030.05.aba.beta,True,3,9,0.00839543342590332,0.004879474639892578,0.0009944438934326172,0.014269351959228516,118,3,118,71,807,675,10681
all/randm11.02.02.05.020_0030.01.aba.beta,True,7,8,0.01775956153869629,0.010308027267456055,0.0010790824890136719,0.029146671295166016,215,5,215,99,2404,704,10886
all/randm11.02.02.05.020_0030.02.aba.beta,True,7,8,0.01673436164855957,0.011197566986083984,0.0009119510650634766,0.02884387969970703,255,5,256,82,1634,708,10939
all/randm11.02.02.05.020_0030.03.aba.beta,True,5,8,0.009315252304077148,0.006993770599365234,0.0007922649383544922,0.017101287841796875,247,3,247,86,1585,593,9226
all/randm11.02.02.05.020_0030.04.aba.beta,True,6,8,0.01620006561279297,0.012779712677001953,0.001394033432006836,0.030373811721801758,173,5,179,90,1262,644,9990
all/randm11.02.02.05.020_0030.05.aba.beta,True,5,8,0.013460397720336914,0.006757259368896484,0.0007753372192382812,0.02099299430847168,159,3,160,74,997,590,9290
all/randm11.02.02.06.020_0030.01.aba.beta,True,4,8,0.008733272552490234,0.0059506893157958984,0.0014083385467529297,0.016092300415039062,148,3,148,76,957,649,10199
all/randm11.02.02.06.020_0030.02.aba.beta,True,6,8,0.011109590530395508,0.0058324337005615234,0.0014557838439941406,0.018397808074951172,137,6,137,76,1565,1023,16382
all/randm11.02.02.06.020_0030.03.aba.beta,True,4,8,0.007296323776245117,0.0038385391235351562,0.0012750625610351562,0.01240992546081543,140,3,142,62,766,664,10379
all/randm11.02.02.06.020_0030.04.aba.beta,True,9,8,0.02619004249572754,0.01545095443725586,0.0013730525970458984,0.0430140495300293,198,7,200,95,1700,857,13033
all/randm11.02.02.06.020_0030.05.aba.beta,True,5,8,0.012463808059692383,0.008910417556762695,0.0009658336639404297,0.022340059280395508,170,3,172,73,1567,582,9088
all/randm11.02.02.07.020_0030.01.aba.beta,True,7,9,0.016180038452148438,0.012232542037963867,0.0015380382537841797,0.029950618743896484,299,5,300,105,2048,1195,18515
all/randm11.02.02.07.020_0030.02.aba.beta,True,6,9,0.014842510223388672,0.010814428329467773,0.0011470317840576172,0.026803970336914062,299,4,299,120,2209,820,12751
all/randm11.02.02.07.020_0030.03.aba.beta,True,8,9,0.024496793746948242,0.01654958724975586,0.001989126205444336,0.04303550720214844,340,6,342,141,2670,1244,19474
all/randm11.02.02.07.020_0030.04.aba.beta,True,10,9,0.03389334678649902,0.01981210708618164,0.0011742115020751953,0.05487966537475586,537,7,537,113,4196,808,12573
all/randm11.02.02.07.020_0030.05.aba.beta,True,6,9,0.013428688049316406,0.011690616607666016,0.0013217926025390625,0.026441097259521484,283,4,283,114,1927,704,10795
all/randm11.02.02.08.020_0030.01.aba.beta,True,1,6,0.002166271209716797,0.0006480216979980469,0.0007550716400146484,0.003569364547729492,69,1,69,43,364,533,8578
all/randm11.02.02.08.020_0030.02.aba.beta,True,3,6,0.00404810905456543,0.0017848014831542969,0.0008566379547119141,0.006689548492431641,89,3,89,33,532,581,9083
all/randm11.02.02.08.020_0030.03.aba.beta,True,3,6,0.00481724739074707,0.0023593902587890625,0.00092315673828125,0.008099794387817383,79,3,79,59,552,704,11065
all/randm11.02.02.08.020_0030.04.aba.beta,True,5,6,0.011493444442749023,0.005661725997924805,0.0014314651489257812,0.01858663558959961,124,5,125,70,1021,664,10141
all/randm11.02.02.08.020_0030.05.aba.beta,True,5,6,0.0072383880615234375,0.0032634735107421875,0.0009920597076416016,0.011493921279907227,112,5,117,49,938,601,9143
all/randm11.02.02.09.020_0030.01.aba.beta,True,2,6,0.003782510757446289,0.001912832260131836,0.0011572837829589844,0.006852626800537109,105,1,108,47,551,521,8502
all/randm11.02.02.09.020_0030.02.aba.beta,True,3,6,0.006105661392211914,0.004728555679321289,0.0013403892517089844,0.012174606323242188,119,2,120,68,682,584,9207
all/randm11.02.02.09.020_0030.03.aba.beta,True,8,6,0.013100624084472656,0.009988069534301758,0.002052783966064453,0.025141477584838867,156,7,156,107,1371,1169,18120
all/randm11.02.02.09.020_0030.04.aba.beta,True,8,6,0.013783693313598633,0.010909318923950195,0.0016658306121826172,0.026358842849731445,156,7,156,101,1220,915,14161
all/randm11.02.02.09.020_0030.05.aba.beta,True,5,6,0.0069844722747802734,0.004500150680541992,0.0008075237274169922,0.012292146682739258,122,4,122,75,787,615,9458
all/randm11.02.02.10.020_0030.01.aba.beta,True,22,9,0.11022138595581055,0.0937192440032959,0.003990650177001953,0.2079312801361084,749,17,749,201,10517,2340,36007
all/randm11.02.02.10.020_0030.02.aba.beta,True,12,9,0.04013991355895996,0.027587890625,0.0025169849395751953,0.07024478912353516,386,8,386,127,4086,1223,18729
all/randm11.02.02.10.020_0030.03.aba.beta,True,12,9,0.05370688438415527,0.025731325149536133,0.0016112327575683594,0.08104944229125977,297,10,301,110,4147,1156,17944
all/randm11.02.02.10.020_0030.04.aba.beta,True,18,9,0.08630132675170898,0.051787614822387695,0.0018906593322753906,0.13997960090637207,409,14,409,128,5137,1227,18420
all/randm11.02.02.10.020_0030.05.aba.beta,True,8,8,0.022077083587646484,0.015743255615234375,0.0011472702026367188,0.03896760940551758,352,6,353,147,4161,879,13672
all/randm11.02.02.11.020_0030.01.aba.beta,True,6,11,0.01941823959350586,0.010588884353637695,0.003110170364379883,0.03311729431152344,228,5,232,73,1400,1982,31790
all/randm11.02.02.11.020_0030.02.aba.beta,True,2,10,0.0069849491119384766,0.003221273422241211,0.000957489013671875,0.011163711547851562,199,1,199,64,1170,533,8575
all/randm11.02.02.11.020_0030.03.aba.beta,True,3,11,0.017705440521240234,0.00522303581237793,0.0007174015045166016,0.023645877838134766,157,3,157,64,918,552,8675
all/randm11.02.02.11.020_0030.04.aba.beta,True,6,11,0.01916813850402832,0.010741710662841797,0.0025794506072998047,0.03248929977416992,247,6,259,116,2002,1959,31240
all/randm11.02.02.11.020_0030.05.aba.beta,True,6,11,0.0229189395904541,0.01554560661315918,0.0023469924926757812,0.04081153869628906,263,4,267,77,1801,1064,16839
all/randm11.02.02.12.020_0030.01.aba.beta,True,5,6,0.00717616081237793,0.006603717803955078,0.0011570453643798828,0.01493692398071289,182,3,182,78,1134,753,11871
all/randm11.02.02.12.020_0030.02.aba.beta,True,3,6,0.004715442657470703,0.0020003318786621094,0.0007724761962890625,0.007488250732421875,89,3,93,60,683,587,9358
all/randm11.02.02.12.020_0030.03.aba.beta,True,4,6,0.0061321258544921875,0.002901792526245117,0.0012829303741455078,0.010316848754882812,104,4,112,63,1052,594,9313
all/randm11.02.02.12.020_0030.04.aba.beta,True,1,6,0.0027544498443603516,0.0005791187286376953,0.0006921291351318359,0.004025697708129883,73,1,75,40,340,537,8599
all/randm11.02.02.12.020_0030.05.aba.beta,True,5,6,0.008287191390991211,0.0047299861907958984,0.0008635520935058594,0.013880729675292969,188,3,189,75,1198,680,10776
all/randm11.02.02.13.020_0030.01.aba.beta,True,9,9,0.029999256134033203,0.017828941345214844,0.0013759136199951172,0.049204111099243164,218,8,223,93,2077,879,13291
all/randm11.02.02.13.020_0030.02.aba.beta,True,6,9,0.024735689163208008,0.013388633728027344,0.0009169578552246094,0.03904128074645996,350,4,353,104,2556,718,11118
all/randm11.02.02.13.020_0030.03.aba.beta,True,6,9,0.01676154136657715,0.011383771896362305,0.0008118152618408203,0.028957128524780273,187,5,190,80,1229,619,9354
all/randm11.02.02.13.020_0030.04.aba.beta,True,7,9,0.03449892997741699,0.013484477996826172,0.0013651847839355469,0.04934859275817871,260,6,275,122,3296,918,14192
all/randm11.02.02.13.020_0030.05.aba.beta,True,7,9,0.028288841247558594,0.01927947998046875,0.001383066177368164,0.04895138740539551,211,6,211,103,1673,864,13264
all/randm11.02.02.14.020_0030.01.aba.beta,True,11,9,0.04115104675292969,0.03631258010864258,0.001501321792602539,0.0789649486541748,362,8,362,139,3430,1084,16664
all/randm11.02.02.14.020_0030.02.aba.beta,True,8,9,0.026139020919799805,0.02209758758544922,0.00193023681640625,0.05016684532165527,327,6,328,140,2617,1072,16567
all/randm11.02.02.14.020_0030.03.aba.beta,True,10,9,0.0324246883392334,0.022163867950439453,0.0014345645904541016,0.05602312088012695,250,8,254,132,2174,986,15266
all/randm11.02.02.14.020_0030.04.aba.beta,True,14,9,0.06956267356872559,0.05842304229736328,0.002409696578979492,0.13039541244506836,376,12,377,190,3577,1542,23532
all/randm11.02.02.14.020_0030.05.aba.beta,True,13,9,0.05158591270446777,0.0488126277923584,0.0021839141845703125,0.10258245468139648,511,10,511,149,4268,1086,17026
all/randm11.02.02.15.020_0030.01.aba.beta,True,5,10,0.012560844421386719,0.006325721740722656,0.000701904296875,0.019588470458984375,359,3,360,88,2508,558,8707
all/randm11.02.02.15.020_0030.02.aba.beta,True,2,10,0.007533073425292969,0.0026373863220214844,0.0007112026214599609,0.010881662368774414,154,2,161,66,967,540,8614
all/randm11.02.02.15.020_0030.03.aba.beta,True,4,10,0.015200138092041016,0.005719661712646484,0.0007877349853515625,0.021707534790039062,198,3,198,89,1392,588,9174
all/randm11.02.02.15.020_0030.04.aba.beta,True,10,10,0.03875732421875,0.02628469467163086,0.0009245872497558594,0.06596660614013672,234,7,237,91,1873,697,10599
all/randm11.02.02.15.020_0030.05.aba.beta,True,7,10,0.02722620964050293,0.01578068733215332,0.0010540485382080078,0.04406094551086426,252,6,259,123,2113,804,12571
all/randm11.02.02.16.020_0030.01.aba.beta,True,4,9,0.010508537292480469,0.006497859954833984,0.0008068084716796875,0.01781320571899414,186,2,189,76,1162,581,9119
all/randm11.02.02.16.020_0030.02.aba.beta,True,2,9,0.005796909332275391,0.0020742416381835938,0.0008993148803710938,0.008770465850830078,156,2,157,70,1712,693,11091
all/randm11.02.02.16.020_0030.03.aba.beta,True,11,9,0.024831771850585938,0.01835322380065918,0.0020682811737060547,0.04525327682495117,327,8,329,111,2360,1202,18527
all/randm11.02.02.16.020_0030.04.aba.beta,True,6,9,0.01864480972290039,0.010110139846801758,0.0009961128234863281,0.029751062393188477,328,4,328,100,2476,657,10288
all/randm11.02.02.16.020_0030.05.aba.beta,True,3,9,0.008684873580932617,0.0032231807708740234,0.000990152359008789,0.01289820671081543,178,3,178,82,1800,738,11700
all/randm11.02.02.17.020_0030.01.aba.beta,True,13,11,0.045142173767089844,0.031156063079833984,0.001127004623413086,0.07742524147033691,419,10,433,121,4782,792,11669
all/randm11.02.02.17.020_0030.02.aba.beta,True,9,11,0.03439140319824219,0.021684885025024414,0.0009009838104248047,0.056977272033691406,382,5,382,101,2935,706,10960
all/randm11.02.02.17.020_0030.03.aba.beta,True,14,11,0.05264854431152344,0.04413604736328125,0.0015041828155517578,0.09828877449035645,447,12,453,159,3901,1135,17072
all/randm11.02.02.17.020_0030.04.aba.beta,True,12,11,0.06462645530700684,0.03866386413574219,0.0012822151184082031,0.10457253456115723,429,8,433,132,3636,837,12858
all/randm11.02.02.17.020_0030.05.aba.beta,True,19,11,0.0885624885559082,0.08719325065612793,0.0022695064544677734,0.1780252456665039,731,15,731,168,8506,1380,21313
all/randm11.02.02.18.020_0030.01.aba.beta,True,7,7,0.017976999282836914,0.00919961929321289,0.0015151500701904297,0.028691768646240234,151,6,156,81,1043,851,12991
all/randm11.02.02.18.020_0030.02.aba.beta,True,12,7,0.024723291397094727,0.016225576400756836,0.0017349720001220703,0.04268383979797363,201,11,201,124,2093,1359,20583
all/randm11.02.02.18.020_0030.03.aba.beta,True,5,7,0.007356166839599609,0.00508880615234375,0.0012357234954833984,0.013680696487426758,132,4,133,63,768,628,9650
all/randm11.02.02.18.020_0030.04.aba.beta,True,2,7,0.004976749420166016,0.0012879371643066406,0.0006918907165527344,0.006956577301025391,94,2,94,41,516,538,8581
all/randm11.02.02.18.020_0030.05.aba.beta,True,6,7,0.012375831604003906,0.005204200744628906,0.0016775131225585938,0.019257545471191406,111,6,111,42,690,987,15572
all/randm11.02.02.19.020_0030.01.aba.beta,True,19,11,0.10220575332641602,0.07385444641113281,0.0019876956939697266,0.17804789543151855,818,16,822,143,9749,1300,19555
all/randm11.02.02.19.020_0030.02.aba.beta,True,13,11,0.05605649948120117,0.03585696220397949,0.0020759105682373047,0.09398937225341797,457,9,457,141,5225,1236,19163
all/randm11.02.02.19.020_0030.03.aba.beta,True,11,11,0.044641733169555664,0.03448820114135742,0.002133607864379883,0.08126354217529297,290,10,290,138,2591,1371,20850
all/randm11.02.02.19.020_0030.04.aba.beta,True,9,11,0.03879380226135254,0.020474910736083984,0.0014209747314453125,0.060689687728881836,412,5,421,112,3379,716,11217
all/randm11.02.02.19.020_0030.05.aba.beta,True,15,11,0.07862663269042969,0.052924394607543945,0.0020475387573242188,0.13359856605529785,516,9,516,97,5426,1316,20510
all/randm12.02.02.01.020_0030.01.aba.beta,True,6,8,0.019232988357543945,0.008127450942993164,0.0012314319610595703,0.02859187126159668,220,5,235,108,2384,829,13082
all/randm12.02.02.01.020_0030.02.aba.beta,True,2,8,0.004366397857666016,0.0019245147705078125,0.0007119178771972656,0.007002830505371094,86,2,87,59,415,555,8675
all/randm12.02.02.01.020_0030.03.aba.beta,True,3,8,0.011924266815185547,0.009629964828491211,0.0011072158813476562,0.022661447525024414,118,3,120,64,667,691,10893
all/randm12.02.02.01.020_0030.04.aba.beta,True,3,8,0.013539791107177734,0.004522085189819336,0.0008835792541503906,0.01894545555114746,181,2,184,79,1179,574,9183
all/randm12.02.02.01.020_0030.05.aba.beta,True,2,8,0.004308223724365234,0.0017631053924560547,0.0007464885711669922,0.006817817687988281,102,2,102,58,564,572,9118
all/randm12.02.02.02.020_0030.01.aba.beta,True,8,11,0.04241633415222168,0.02266240119934082,0.0008573532104492188,0.06593608856201172,777,5,780,123,9374,636,9981
all/randm12.02.02.02.020_0030.02.aba.beta,True,11,11,0.04128384590148926,0.02132725715637207,0.0009272098541259766,0.0635383129119873,280,8,297,103,2615,744,10942
all/randm12.02.02.02.020_0030.03.aba.beta,True,6,11,0.023380756378173828,0.015329599380493164,0.0008461475372314453,0.03955650329589844,640,2,641,103,5062,549,8664
all/randm12.02.02.02.020_0030.04.aba.beta,True,7,11,0.041908979415893555,0.026223421096801758,0.0012295246124267578,0.06936192512512207,394,4,394,107,3000,633,9837
all/randm12.02.02.02.020_0030.05.aba.beta,True,12,11,0.05294919013977051,0.034919023513793945,0.0011265277862548828,0.08899474143981934,289,10,303,122,3696,812,12228
all/randm12.02.02.03.020_0030.01.aba.beta,True,9,11,0.041274070739746094,0.030828475952148438,0.0011212825775146484,0.07322382926940918,291,7,294,98,2245,777,11681
all/randm12.02.02.03.020_0030.02.aba.beta,True,7,11,0.041451454162597656,0.028618335723876953,0.001580953598022461,0.07165074348449707,414,5,419,126,3611,800,12299
all/randm12.02.02.03.020_0030.03.aba.beta,True,6,11,0.01827836036682129,0.013602495193481445,0.0009815692901611328,0.03286242485046387,261,5,265,104,2018,768,11928
all/randm12.02.02.03.020_0030.04.aba.beta,True,6,11,0.030923128128051758,0.020389556884765625,0.0012044906616210938,0.05251717567443848,236,5,236,109,1705,801,12305
all/randm12.02.02.03.020_0030.05.aba.beta,True,9,11,0.03052663803100586,0.018523454666137695,0.0008845329284667969,0.04993462562561035,235,7,242,96,1738,701,10656
all/randm12.02.02.04.020_0030.01.aba.beta,True,7,11,0.023963451385498047,0.016539335250854492,0.0009086132049560547,0.041411399841308594,410,4,412,125,4838,679,10661
all/randm12.02.02.04.020_0030.02.aba.beta,True,15,11,0.0718379020690918,0.05278658866882324,0.0012917518615722656,0.1259162425994873,451,12,457,147,4117,969,14308
all/randm12.02.02.04.020_0030.03.aba.beta,True,10,11,0.0703437328338623,0.05320405960083008,0.0019643306732177734,0.12551212310791016,683,7,684,136,7024,868,13185
all/randm12.02.02.04.020_0030.04.aba.beta,True,10,11,0.04023265838623047,0.024665355682373047,0.0008122920989990234,0.06571030616760254,424,6,438,123,3915,652,9971
all/randm12.02.02.04.020_0030.05.aba.beta,True,13,11,0.05327606201171875,0.028823375701904297,0.0014259815216064453,0.08352541923522949,287,12,300,145,3204,1101,16516
all/randm12.02.02.05.020_0030.01.aba.beta,True,18,10,0.11463069915771484,0.0695037841796875,0.006037712097167969,0.1901721954345703,563,14,567,207,8124,3261,51166
all/randm12.02.02.05.020_0030.02.aba.beta,True,20,10,0.15560674667358398,0.14218902587890625,0.00299835205078125,0.3007941246032715,860,15,868,145,15112,1740,26275
all/randm12.02.02.05.020_0030.03.aba.beta,True,24,12,0.23327851295471191,0.20676231384277344,0.0053560733795166016,0.44539690017700195,1628,18,1628,205,30197,3265,50547
all/randm12.02.02.05.020_0030.04.aba.beta,True,20,12,0.20322251319885254,0.12695908546447754,0.00616455078125,0.3363461494445801,1517,15,1518,216,26722,3674,58015
all/randm12.02.02.05.020_0030.05.aba.beta,True,14,10,0.05964207649230957,0.029894590377807617,0.0018367767333984375,0.09137344360351562,523,8,545,154,6904,1376,21570
all/randm12.02.02.06.020_0030.01.aba.beta,True,25,10,0.22346162796020508,0.3464219570159912,0.006285667419433594,0.5761692523956299,709,21,738,306,6981,4621,72696
all/randm12.02.02.06.020_0030.02.aba.beta,True,27,9,0.25492382049560547,0.2877018451690674,0.007189512252807617,0.5498151779174805,939,23,939,269,9250,4883,76418
all/randm12.02.02.06.020_0030.03.aba.beta,True,32,10,0.7157936096191406,1.9703822135925293,0.009747028350830078,2.6959228515625,3487,26,3487,302,47296,5740,88428
all/randm12.02.02.06.020_0030.04.aba.beta,True,24,10,0.41112661361694336,1.331460952758789,0.004541873931884766,1.7471294403076172,3939,18,3939,249,78537,2520,39680
all/randm12.02.02.06.020_0030.05.aba.beta,True,27,11,0.40428900718688965,0.3070392608642578,0.007007598876953125,0.7183358669281006,1667,20,1667,246,32791,4012,62528
all/randm12.02.02.07.020_0030.01.aba.beta,True,4,7,0.007356166839599609,0.003609895706176758,0.0012354850769042969,0.012201547622680664,130,4,130,83,1374,962,14861
all/randm12.02.02.07.020_0030.02.aba.beta,True,13,7,0.03457283973693848,0.019880294799804688,0.002193450927734375,0.05664658546447754,280,9,280,89,3396,1076,16539
all/randm12.02.02.07.020_0030.03.aba.beta,True,3,7,0.0074961185455322266,0.0035359859466552734,0.0016219615936279297,0.01265406608581543,136,3,146,83,1546,841,13393
all/randm12.02.02.07.020_0030.04.aba.beta,True,5,7,0.010037660598754883,0.0075528621673583984,0.0011632442474365234,0.018753767013549805,149,3,149,67,1145,584,9177
all/randm12.02.02.07.020_0030.05.aba.beta,True,6,7,0.012944459915161133,0.008142471313476562,0.0014531612396240234,0.02254009246826172,183,4,184,95,1608,720,11440
all/randm12.02.02.08.020_0030.01.aba.beta,True,8,8,0.017119407653808594,0.010343790054321289,0.0009295940399169922,0.028392791748046875,282,6,283,79,2337,693,10459
all/randm12.02.02.08.020_0030.02.aba.beta,True,16,8,0.03684353828430176,0.03659796714782715,0.0018591880798339844,0.07530069351196289,305,14,305,131,2502,1376,20869
all/randm12.02.02.08.020_0030.03.aba.beta,True,13,8,0.05340266227722168,0.037917375564575195,0.0021941661834716797,0.09351420402526855,543,10,543,151,5837,1557,24407
all/randm12.02.02.08.020_0030.04.aba.beta,True,7,8,0.027244091033935547,0.016109466552734375,0.0015201568603515625,0.044873714447021484,319,5,340,122,2692,768,12125
all/randm12.02.02.08.020_0030.05.aba.beta,True,7,8,0.013006448745727539,0.009283781051635742,0.0008058547973632812,0.023096084594726562,255,5,255,89,1873,639,9766
all/randm12.02.02.09.020_0030.01.aba.beta,True,12,10,0.053809165954589844,0.03521132469177246,0.0014481544494628906,0.0904686450958252,268,10,271,133,2891,1068,16458
all/randm12.02.02.09.020_0030.02.aba.beta,True,12,10,0.05706071853637695,0.030512094497680664,0.0011932849884033203,0.08876609802246094,268,10,275,131,2246,852,12551
all/randm12.02.02.09.020_0030.03.aba.beta,True,12,10,0.059259653091430664,0.052472591400146484,0.0017676353454589844,0.11349987983703613,545,8,546,120,4337,871,13280
all/randm12.02.02.09.020_0030.04.aba.beta,True,11,10,0.057579994201660156,0.04540395736694336,0.0012667179107666016,0.10425066947937012,395,7,407,144,3506,842,13068
all/randm12.02.02.09.020_0030.05.aba.beta,True,13,10,0.050037384033203125,0.03397035598754883,0.001291513442993164,0.08529925346374512,365,10,375,108,3146,982,14871
all/randm12.02.02.10.020_0030.01.aba.beta,True,14,11,0.06300997734069824,0.04429030418395996,0.0023615360260009766,0.10966181755065918,467,12,475,163,4291,1788,27414
all/randm12.02.02.10.020_0030.02.aba.beta,True,23,11,0.12618541717529297,0.09933590888977051,0.003899097442626953,0.22942042350769043,806,17,810,165,11022,2785,42678
all/randm12.02.02.10.020_0030.03.aba.beta,True,17,11,0.09986686706542969,0.0677955150604248,0.002386331558227539,0.17004871368408203,715,13,725,169,6663,1439,21687
all/randm12.02.02.10.020_0030.04.aba.beta,True,13,11,0.05027508735656738,0.02830672264099121,0.002126932144165039,0.08070874214172363,283,10,319,141,2526,1440,22140
all/randm12.02.02.10.020_0030.05.aba.beta,True,14,11,0.0720221996307373,0.04130673408508301,0.0019600391387939453,0.11528897285461426,362,10,386,193,4362,1298,20146
all/randm12.02.02.11.020_0030.01.aba.beta,True,9,11,0.03589463233947754,0.0231478214263916,0.0034646987915039062,0.06250715255737305,271,8,284,122,2056,2073,32792
all/randm12.02.02.11.020_0030.02.aba.beta,True,8,11,0.030721664428710938,0.022212743759155273,0.000759124755859375,0.053693532943725586,591,4,591,110,4490,592,9163
all/randm12.02.02.11.020_0030.03.aba.beta,True,7,11,0.02439141273498535,0.015368461608886719,0.0010676383972167969,0.04082751274108887,230,5,234,115,1660,722,11003
all/randm12.02.02.11.020_0030.04.aba.beta,True,7,11,0.038045644760131836,0.022691726684570312,0.0008220672607421875,0.061559438705444336,638,4,638,118,4897,607,9354
all/randm12.02.02.11.020_0030.05.aba.beta,True,6,11,0.023154735565185547,0.0149383544921875,0.0013382434844970703,0.03943133354187012,222,4,229,99,1448,614,9442
all/randm12.02.02.12.020_0030.01.aba.beta,True,6,9,0.01570296287536621,0.010327577590942383,0.0012998580932617188,0.027330398559570312,170,4,171,70,1006,567,8793
all/randm12.02.02.12.020_0030.02.aba.beta,True,4,9,0.015607118606567383,0.007406711578369141,0.0016210079193115234,0.024634838104248047,168,4,168,83,1111,802,12427
all/randm12.02.02.12.020_0030.03.aba.beta,True,8,9,0.024712324142456055,0.014585018157958984,0.002184629440307617,0.041481971740722656,219,6,224,83,1455,1408,22204
all/randm12.02.02.12.020_0030.04.aba.beta,True,5,9,0.012552022933959961,0.006043195724487305,0.001215219497680664,0.01981043815612793,206,4,212,87,1335,949,14871
all/randm12.02.02.12.020_0030.05.aba.beta,True,6,9,0.023410558700561523,0.014000415802001953,0.0018417835235595703,0.03925275802612305,197,5,199,100,1321,853,13326
all/randm12.02.02.13.020_0030.01.aba.beta,True,9,9,0.02235865592956543,0.01095438003540039,0.0013759136199951172,0.03468894958496094,188,9,192,76,1653,953,14202
all/randm12.02.02.13.020_0030.02.aba.beta,True,4,9,0.013242483139038086,0.006876945495605469,0.0012054443359375,0.021324872970581055,143,4,143,65,936,584,9011
all/randm12.02.02.13.020_0030.03.aba.beta,True,8,9,0.022962570190429688,0.01627373695373535,0.0009462833404541016,0.04018259048461914,200,7,201,100,1532,727,10972
all/randm12.02.02.13.020_0030.04.aba.beta,True,6,9,0.017458677291870117,0.007657766342163086,0.0008077621459960938,0.025924205780029297,239,5,256,101,1991,623,9609
all/randm12.02.02.13.020_0030.05.aba.beta,True,7,9,0.02091836929321289,0.010498046875,0.0008864402770996094,0.0323028564453125,167,7,173,88,1575,688,10390
all/randm12.02.02.14.020_0030.01.aba.beta,True,22,9,0.23525309562683105,0.26295995712280273,0.004639387130737305,0.5028524398803711,1315,16,1315,215,16998,2629,40989
all/randm12.02.02.14.020_0030.02.aba.beta,True,24,9,0.25099921226501465,0.62603759765625,0.005117654800415039,0.8821544647216797,1308,18,1308,238,19506,2634,40591
all/randm12.02.02.14.020_0030.03.aba.beta,True,34,9,0.4666743278503418,1.1089472770690918,0.008455276489257812,1.5840768814086914,2252,28,2252,287,30704,4809,74923
all/randm12.02.02.14.020_0030.04.aba.beta,True,25,9,0.1631307601928711,0.24320411682128906,0.0051174163818359375,0.4114522933959961,1174,19,1174,232,12163,3114,47889
all/randm12.02.02.14.020_0030.05.aba.beta,True,19,8,0.13359808921813965,0.1322014331817627,0.003927946090698242,0.2697274684906006,1057,14,1057,192,17546,2098,33196
all/randm12.02.02.15.020_0030.01.aba.beta,True,3,5,0.0025947093963623047,0.001504659652709961,0.0007278919219970703,0.004827260971069336,58,3,58,44,307,562,8773
all/randm12.02.02.15.020_0030.02.aba.beta,True,2,5,0.002064228057861328,0.0016641616821289062,0.0006744861602783203,0.004402875900268555,89,1,89,50,417,535,8555
all/randm12.02.02.15.020_0030.03.aba.beta,True,1,5,0.0021314620971679688,0.0007412433624267578,0.0009996891021728516,0.003872394561767578,51,1,51,35,210,541,8613
all/randm12.02.02.15.020_0030.04.aba.beta,True,2,5,0.0032694339752197266,0.0021080970764160156,0.0011518001556396484,0.006529331207275391,95,1,100,46,473,519,8491
all/randm12.02.02.15.020_0030.05.aba.beta,True,1,5,0.0023300647735595703,0.0008413791656494141,0.0011327266693115234,0.004304170608520508,54,1,56,39,232,535,8581
all/randm12.02.02.16.020_0030.01.aba.beta,True,1,1,0.0001728534698486328,0.0004200935363769531,0.0010728836059570312,0.0016658306121826172,15,1,15,15,34,534,8555
all/randm12.02.02.16.020_0030.02.aba.beta,True,1,1,0.0001842975616455078,0.00032520294189453125,0.0013339519500732422,0.0018434524536132812,15,1,15,14,34,533,8582
all/randm12.02.02.16.020_0030.03.aba.beta,True,1,1,0.0001728534698486328,0.00039315223693847656,0.0012350082397460938,0.0018010139465332031,15,1,15,15,34,543,8621
all/randm12.02.02.16.020_0030.04.aba.beta,True,1,1,0.00016617774963378906,0.0004067420959472656,0.0012214183807373047,0.0017943382263183594,15,1,15,14,34,539,8609
all/randm12.02.02.16.020_0030.05.aba.beta,True,1,1,0.00015616416931152344,0.0003662109375,0.0009853839874267578,0.0015077590942382812,15,1,15,13,34,526,8544
all/randm12.02.02.17.020_0030.01.aba.beta,True,16,12,0.16227459907531738,0.14173126220703125,0.00167083740234375,0.3056766986846924,951,11,958,166,13046,1078,16451
all/randm12.02.02.17.020_0030.02.aba.beta,True,18,12,0.19019103050231934,0.16411209106445312,0.001646280288696289,0.35594940185546875,2567,13,2567,179,30390,1106,16216
all/randm12.02.02.17.020_0030.03.aba.beta,True,15,12,0.11293864250183105,0.10212445259094238,0.0016162395477294922,0.21667933464050293,790,11,790,158,7444,1061,15912
all/randm12.02.02.17.020_0030.04.aba.beta,True,17,12,0.12057089805603027,0.07074403762817383,0.0016851425170898438,0.19300007820129395,545,12,551,167,5264,1233,18856
all/randm12.02.02.17.020_0030.05.aba.beta,True,16,12,0.11780047416687012,0.08469700813293457,0.0015175342559814453,0.20401501655578613,1424,12,1424,152,13633,1038,15298
all/randm12.02.02.18.020_0030.01.aba.beta,True,9,10,0.030325651168823242,0.015675783157348633,0.0008955001831054688,0.046896934509277344,403,7,421,130,4211,687,10417
all/randm12.02.02.18.020_0030.02.aba.beta,True,10,10,0.0416412353515625,0.024109363555908203,0.0015804767608642578,0.06733107566833496,394,8,395,102,3849,795,12119
all/randm12.02.02.18.020_0030.03.aba.beta,True,11,10,0.03522634506225586,0.02408146858215332,0.002014636993408203,0.06132245063781738,386,9,386,100,4374,1017,15594
all/randm12.02.02.18.020_0030.04.aba.beta,True,11,10,0.05222821235656738,0.031999826431274414,0.0015382766723632812,0.08576631546020508,460,9,478,157,5038,990,14909
all/randm12.02.02.18.020_0030.05.aba.beta,True,9,10,0.04626107215881348,0.02913665771484375,0.001550912857055664,0.07694864273071289,418,7,425,132,3940,1004,15461
all/randm12.02.02.19.020_0030.01.aba.beta,True,2,10,0.006970882415771484,0.003130197525024414,0.0008134841918945312,0.01091456413269043,130,2,131,62,754,573,9090
all/randm12.02.02.19.020_0030.02.aba.beta,True,7,10,0.02067255973815918,0.013628959655761719,0.0007653236389160156,0.035066843032836914,362,5,363,107,2751,611,9305
all/randm12.02.02.19.020_0030.03.aba.beta,True,4,10,0.010991096496582031,0.0066280364990234375,0.0007638931274414062,0.018383026123046875,214,3,221,86,1344,607,9574
all/randm12.02.02.19.020_0030.04.aba.beta,True,2,10,0.012621164321899414,0.004354000091552734,0.001104593276977539,0.018079757690429688,154,2,156,63,917,602,9512
all/randm12.02.02.19.020_0030.05.aba.beta,True,3,10,0.011337041854858398,0.00763249397277832,0.0011594295501708984,0.020128965377807617,308,1,310,79,2006,534,8586
all/randm13.02.02.01.020_0030.01.aba.beta,True,7,9,0.01851344108581543,0.009157896041870117,0.0021567344665527344,0.02982807159423828,233,6,233,122,2575,1266,19955
all/randm13.02.02.01.020_0030.02.aba.beta,True,14,9,0.05239582061767578,0.04054713249206543,0.002622365951538086,0.0955653190612793,332,12,337,135,2751,1478,22539
all/randm13.02.02.01.020_0030.03.aba.beta,True,12,9,0.04755353927612305,0.02445840835571289,0.0030031204223632812,0.07501506805419922,290,9,291,138,3476,1369,21209
all/randm13.02.02.01.020_0030.04.aba.beta,True,7,9,0.01685619354248047,0.008245706558227539,0.0010135173797607422,0.02611541748046875,203,6,205,94,1442,803,12215
all/randm13.02.02.01.020_0030.05.aba.beta,True,11,9,0.049553632736206055,0.02927541732788086,0.0013785362243652344,0.08020758628845215,366,9,368,142,3554,912,13646
all/randm13.02.02.02.020_0030.01.aba.beta,True,4,8,0.009050130844116211,0.005965471267700195,0.001157999038696289,0.016173601150512695,163,3,163,87,1170,612,9551
all/randm13.02.02.02.020_0030.02.aba.beta,True,3,8,0.008371353149414062,0.006332874298095703,0.0021555423736572266,0.016859769821166992,152,2,152,74,926,988,15641
all/randm13.02.02.02.020_0030.03.aba.beta,True,5,8,0.016017436981201172,0.010428428649902344,0.0013048648834228516,0.027750730514526367,185,3,186,91,1366,598,9484
all/randm13.02.02.02.020_0030.04.aba.beta,True,8,8,0.021898746490478516,0.015537261962890625,0.0012962818145751953,0.038732290267944336,285,5,286,109,2143,632,9776
all/randm13.02.02.02.020_0030.05.aba.beta,True,5,8,0.015654325485229492,0.008029460906982422,0.0014123916625976562,0.02509617805480957,179,4,181,82,1905,651,10025
all/randm13.02.02.03.020_0030.01.aba.beta,True,10,11,0.04963803291320801,0.030164241790771484,0.002360105514526367,0.08216238021850586,468,8,473,148,4686,1157,17542
all/randm13.02.02.03.020_0030.02.aba.beta,True,13,11,0.08191657066345215,0.05756664276123047,0.0014009475708007812,0.1408841609954834,705,9,705,159,8872,932,14151
all/randm13.02.02.03.020_0030.03.aba.beta,True,13,11,0.05818009376525879,0.048566579818725586,0.005979061126708984,0.11272573471069336,300,12,329,153,3298,3335,52648
all/randm13.02.02.03.020_0030.04.aba.beta,True,17,11,0.08669590950012207,0.06217360496520996,0.0022563934326171875,0.15112590789794922,444,14,447,152,4630,1615,24093
all/randm13.02.02.03.020_0030.05.aba.beta,True,13,11,0.06115365028381348,0.046700477600097656,0.002100229263305664,0.1099543571472168,466,10,472,151,5750,1056,16140
all/randm13.02.02.04.020_0030.01.aba.beta,True,23,12,0.21097111701965332,0.22826409339904785,0.0034513473510742188,0.4426865577697754,1041,16,1056,200,14976,2007,30696
all/randm13.02.02.04.020_0030.02.aba.beta,True,26,12,0.15166664123535156,0.1068570613861084,0.002655029296875,0.26117873191833496,547,20,547,137,8461,1674,24929
all/randm13.02.02.04.020_0030.03.aba.beta,True,12,12,0.049651384353637695,0.027396202087402344,0.0011157989501953125,0.07816338539123535,474,10,474,98,4124,824,12086
all/randm13.02.02.04.020_0030.04.aba.beta,True,14,12,0.06363892555236816,0.043637990951538086,0.002223968505859375,0.10950088500976562,361,13,400,151,3470,1194,17653
all/randm13.02.02.04.020_0030.05.aba.beta,True,17,12,0.09268975257873535,0.06198525428771973,0.0032553672790527344,0.1579303741455078,432,14,440,136,3714,1860,28049
all/randm13.02.02.05.020_0030.01.aba.beta,True,11,12,0.05043530464172363,0.03543281555175781,0.001814126968383789,0.08768224716186523,290,9,290,124,2552,998,14931
all/randm13.02.02.05.020_0030.02.aba.beta,True,9,12,0.04601144790649414,0.026844501495361328,0.0014619827270507812,0.07431793212890625,349,8,391,154,2940,1093,17104
all/randm13.02.02.05.020_0030.03.aba.beta,True,9,12,0.0439910888671875,0.025054216384887695,0.0010156631469726562,0.07006096839904785,276,8,285,95,2036,724,10915
all/randm13.02.02.05.020_0030.04.aba.beta,True,12,12,0.06883454322814941,0.037796974182128906,0.0018906593322753906,0.10852217674255371,553,10,555,115,5432,1140,17296
all/randm13.02.02.05.020_0030.05.aba.beta,True,14,12,0.07604479789733887,0.05761837959289551,0.0017108917236328125,0.1353740692138672,425,11,428,121,3204,1157,17256
all/randm13.02.02.06.020_0030.01.aba.beta,True,4,9,0.013386964797973633,0.004471302032470703,0.0008652210235595703,0.018723487854003906,203,3,203,57,1277,599,9487
all/randm13.02.02.06.020_0030.02.aba.beta,True,5,9,0.01494288444519043,0.0075566768646240234,0.0008893013000488281,0.02338886260986328,236,4,236,112,1954,680,10687
all/randm13.02.02.06.020_0030.03.aba.beta,True,9,9,0.025485515594482422,0.010376691818237305,0.0011034011840820312,0.03696560859680176,279,7,284,94,2805,849,13007
all/randm13.02.02.06.020_0030.04.aba.beta,True,8,9,0.026496171951293945,0.010952472686767578,0.0016467571258544922,0.039095401763916016,236,7,246,114,2201,961,14804
all/randm13.02.02.06.020_0030.05.aba.beta,True,5,9,0.01578354835510254,0.006785154342651367,0.0008685588836669922,0.0234372615814209,183,5,183,84,1588,641,9878
all/randm13.02.02.07.020_0030.01.aba.beta,True,6,11,0.03355216979980469,0.023694515228271484,0.0015377998352050781,0.05878448486328125,359,3,361,101,2607,707,11163
all/randm13.02.02.07.020_0030.02.aba.beta,True,11,11,0.04601645469665527,0.020410537719726562,0.001443624496459961,0.0678706169128418,289,9,312,117,2297,774,11560
all/randm13.02.02.07.020_0030.03.aba.beta,True,6,11,0.020493030548095703,0.009284019470214844,0.0007724761962890625,0.03054952621459961,239,4,247,83,1655,571,8868
all/randm13.02.02.07.020_0030.04.aba.beta,True,12,11,0.043118953704833984,0.025705337524414062,0.001251220703125,0.07007551193237305,265,9,275,102,2132,909,13502
all/randm13.02.02.07.020_0030.05.aba.beta,True,5,11,0.02608799934387207,0.015580415725708008,0.0008287429809570312,0.04249715805053711,241,3,250,87,1516,586,9158
all/randm13.02.02.08.020_0030.01.aba.beta,True,16,11,0.06915903091430664,0.0471341609954834,0.00141143798828125,0.11770462989807129,443,12,443,140,3966,1045,15914
all/randm13.02.02.08.020_0030.02.aba.beta,True,12,11,0.05676150321960449,0.04378557205200195,0.0017571449279785156,0.10230422019958496,406,9,406,108,3180,899,13417
all/randm13.02.02.08.020_0030.03.aba.beta,True,18,11,0.10809636116027832,0.0664072036743164,0.0021467208862304688,0.1766502857208252,1112,13,1115,152,9608,1472,22519
all/randm13.02.02.08.020_0030.04.aba.beta,True,7,11,0.023276567459106445,0.018731355667114258,0.0013370513916015625,0.043344974517822266,383,4,383,107,2955,665,10470
all/randm13.02.02.08.020_0030.05.aba.beta,True,8,11,0.036200523376464844,0.023157596588134766,0.0016584396362304688,0.06101655960083008,422,4,429,122,3406,875,13596
all/randm13.02.02.09.020_0030.01.aba.beta,True,18,11,0.0902562141418457,0.06233406066894531,0.0023627281188964844,0.1549530029296875,718,13,718,166,8209,1561,24432
all/randm13.02.02.09.020_0030.02.aba.beta,True,10,11,0.05265188217163086,0.03235888481140137,0.0019071102142333984,0.08691787719726562,453,7,467,128,4824,938,14285
all/randm13.02.02.09.020_0030.03.aba.beta,True,18,11,0.09467506408691406,0.059165000915527344,0.002611875534057617,0.15645194053649902,446,14,450,132,4940,1543,23432
all/randm13.02.02.09.020_0030.04.aba.beta,True,14,11,0.09190940856933594,0.04593825340270996,0.004144906997680664,0.14199256896972656,852,9,855,144,9550,2364,37073
all/randm13.02.02.09.020_0030.05.aba.beta,True,13,11,0.06542229652404785,0.04832959175109863,0.0027077198028564453,0.11645960807800293,744,9,744,146,6513,1858,29012
all/randm13.02.02.10.020_0030.01.aba.beta,True,7,11,0.029319047927856445,0.024753570556640625,0.0014591217041015625,0.05553174018859863,371,5,372,117,2640,705,10824
all/randm13.02.02.10.020_0030.02.aba.beta,True,12,12,0.04825162887573242,0.03448987007141113,0.0034236907958984375,0.08616518974304199,295,11,300,129,2203,2262,35320
all/randm13.02.02.10.020_0030.03.aba.beta,True,4,10,0.01391911506652832,0.010447263717651367,0.0013065338134765625,0.02567291259765625,206,3,207,81,1390,569,8902
all/randm13.02.02.10.020_0030.04.aba.beta,True,10,12,0.04716157913208008,0.037647247314453125,0.0013117790222167969,0.08612060546875,736,7,737,150,6189,994,15595
all/randm13.02.02.10.020_0030.05.aba.beta,True,10,12,0.046703338623046875,0.031805992126464844,0.0029306411743164062,0.08143997192382812,405,8,407,131,3051,1677,26179
all/randm13.02.02.11.020_0030.01.aba.beta,True,10,11,0.03966927528381348,0.03018021583557129,0.00091552734375,0.07076501846313477,361,8,367,124,2755,726,10989
all/randm13.02.02.11.020_0030.02.aba.beta,True,8,11,0.038295745849609375,0.021735429763793945,0.001672983169555664,0.061704158782958984,427,5,435,125,3261,747,11467
all/randm13.02.02.11.020_0030.03.aba.beta,True,13,11,0.05084061622619629,0.04329252243041992,0.001950979232788086,0.0960841178894043,404,10,410,149,3325,1166,17929
all/randm13.02.02.11.020_0030.04.aba.beta,True,6,11,0.027516603469848633,0.019271135330200195,0.0012674331665039062,0.048055171966552734,361,3,364,99,2437,590,9155
all/randm13.02.02.11.020_0030.05.aba.beta,True,7,11,0.04031205177307129,0.028177499771118164,0.001119852066040039,0.06960940361022949,598,4,599,116,4505,871,13634
all/randm13.02.02.12.020_0030.01.aba.beta,True,4,7,0.007925033569335938,0.003704547882080078,0.000865936279296875,0.01249551773071289,114,4,114,73,1306,649,10162
all/randm13.02.02.12.020_0030.02.aba.beta,True,1,7,0.00397944450378418,0.0006673336029052734,0.0006866455078125,0.005333423614501953,81,1,85,50,378,533,8556
all/randm13.02.02.12.020_0030.03.aba.beta,True,1,7,0.003907680511474609,0.0011258125305175781,0.0012433528900146484,0.006276845932006836,74,1,76,46,336,532,8543
all/randm13.02.02.12.020_0030.04.aba.beta,True,1,7,0.004233121871948242,0.0010120868682861328,0.001115560531616211,0.006360769271850586,85,1,86,39,409,526,8531
all/randm13.02.02.12.020_0030.05.aba.beta,True,3,7,0.0072743892669677734,0.004099369049072266,0.0008692741394042969,0.012243032455444336,144,2,145,73,1011,614,9841
all/randm13.02.02.13.020_0030.01.aba.beta,True,22,12,0.11808371543884277,0.0910489559173584,0.002602100372314453,0.21173477172851562,834,16,834,187,7649,1502,22280
all/randm13.02.02.13.020_0030.02.aba.beta,True,28,12,0.4114198684692383,0.7919485569000244,0.004662752151489258,1.208031177520752,2429,22,2448,271,27701,3189,48670
all/randm13.02.02.13.020_0030.03.aba.beta,True,17,12,0.12143969535827637,0.15587139129638672,0.0023708343505859375,0.279681921005249,835,10,838,169,13132,1421,21855
all/randm13.02.02.13.020_0030.04.aba.beta,True,17,12,0.20709824562072754,0.1961226463317871,0.002595186233520508,0.40581607818603516,1585,11,1585,202,16739,1518,23665
all/randm13.02.02.13.020_0030.05.aba.beta,True,17,12,0.07363080978393555,0.07732391357421875,0.002298116683959961,0.15325284004211426,781,12,781,165,7883,1567,24585
all/randm13.02.02.14.020_0030.01.aba.beta,True,15,9,0.059884071350097656,0.03705763816833496,0.0023577213287353516,0.09929943084716797,383,13,387,133,4007,1692,26314
all/randm13.02.02.14.020_0030.02.aba.beta,True,11,9,0.042720794677734375,0.025356531143188477,0.0013992786407470703,0.06947660446166992,372,7,376,109,3474,921,14156
all/randm13.02.02.14.020_0030.03.aba.beta,True,17,9,0.07388997077941895,0.0486297607421875,0.0017244815826416016,0.12424421310424805,674,13,674,123,7697,1325,19925
all/randm13.02.02.14.020_0030.04.aba.beta,True,11,9,0.03873896598815918,0.0203244686126709,0.001796722412109375,0.06086015701293945,281,10,285,125,2829,1213,18644
all/randm13.02.02.14.020_0030.05.aba.beta,True,12,9,0.043473005294799805,0.028807401657104492,0.0013303756713867188,0.07361078262329102,345,9,347,110,3940,973,14589
all/randm13.02.02.15.020_0030.01.aba.beta,True,16,11,0.09421086311340332,0.10819292068481445,0.003148794174194336,0.2055525779724121,737,11,737,174,9377,1712,27241
all/randm13.02.02.15.020_0030.02.aba.beta,True,19,11,0.12066936492919922,0.11581039428710938,0.00446772575378418,0.24094748497009277,823,16,839,232,10301,2774,42526
all/randm13.02.02.15.020_0030.03.aba.beta,True,13,11,0.058692216873168945,0.04243016242980957,0.0013971328735351562,0.10251951217651367,694,8,697,150,5984,984,15152
all/randm13.02.02.15.020_0030.04.aba.beta,True,20,11,0.12427449226379395,0.09390950202941895,0.004565238952636719,0.2227492332458496,744,15,755,201,7837,2812,43583
all/randm13.02.02.15.020_0030.05.aba.beta,True,12,11,0.060075998306274414,0.0411832332611084,0.0014719963073730469,0.10273122787475586,674,7,674,125,5629,729,11046
all/randm13.02.02.16.020_0030.01.aba.beta,True,13,11,0.042887210845947266,0.02994513511657715,0.0013663768768310547,0.07419872283935547,431,11,445,158,3697,1054,16294
all/randm13.02.02.16.020_0030.02.aba.beta,True,11,11,0.041906118392944336,0.03103947639465332,0.0018527507781982422,0.0747983455657959,433,9,439,130,3674,1068,16166
all/randm13.02.02.16.020_0030.03.aba.beta,True,5,11,0.022474288940429688,0.012322425842285156,0.0007441043853759766,0.03554081916809082,201,3,201,78,1275,571,8834
all/randm13.02.02.16.020_0030.04.aba.beta,True,7,11,0.02616429328918457,0.01474618911743164,0.00133514404296875,0.04224562644958496,375,5,393,126,2718,705,10775
all/randm13.02.02.16.020_0030.05.aba.beta,True,6,11,0.0236814022064209,0.012175798416137695,0.0008444786071777344,0.03670167922973633,385,3,385,106,2850,660,10487
all/randm13.02.02.17.020_0030.01.aba.beta,True,7,9,0.017795085906982422,0.008627891540527344,0.0013773441314697266,0.027800321578979492,182,6,182,72,1111,719,10961
all/randm13.02.02.17.020_0030.02.aba.beta,True,6,9,0.018314123153686523,0.009979486465454102,0.0008597373962402344,0.02915334701538086,194,4,202,83,1335,591,9193
all/randm13.02.02.17.020_0030.03.aba.beta,True,5,9,0.018639564514160156,0.008850812911987305,0.0009362697601318359,0.028426647186279297,177,3,179,86,1210,590,9155
all/randm13.02.02.17.020_0030.04.aba.beta,True,6,9,0.014470338821411133,0.007741451263427734,0.000885009765625,0.023096799850463867,206,4,206,88,1501,681,10594
all/randm13.02.02.17.020_0030.05.aba.beta,True,7,9,0.02309274673461914,0.013372659683227539,0.0007770061492919922,0.03724241256713867,198,5,198,83,1361,600,9164
all/randm13.02.02.18.020_0030.01.aba.beta,True,9,10,0.034113168716430664,0.026675701141357422,0.0012390613555908203,0.062027931213378906,246,7,248,145,2159,899,13908
all/randm13.02.02.18.020_0030.02.aba.beta,True,12,10,0.03643536567687988,0.027048349380493164,0.0013701915740966797,0.06485390663146973,233,10,239,115,1831,1093,16463
all/randm13.02.02.18.020_0030.03.aba.beta,True,7,10,0.03513646125793457,0.022878646850585938,0.0020737648010253906,0.0600888729095459,236,6,237,139,2057,1254,19544
all/randm13.02.02.18.020_0030.04.aba.beta,True,14,10,0.09016537666320801,0.05112600326538086,0.0023245811462402344,0.1436159610748291,429,10,429,159,4583,1291,20478
all/randm13.02.02.18.020_0030.05.aba.beta,True,13,10,0.05365180969238281,0.034152984619140625,0.002002716064453125,0.08980751037597656,260,12,263,116,2386,1230,18599
all/randm13.02.02.19.020_0030.01.aba.beta,True,9,12,0.042310476303100586,0.0323033332824707,0.00107574462890625,0.07568955421447754,798,6,809,146,6699,833,12828
all/randm13.02.02.19.020_0030.02.aba.beta,True,8,12,0.04703354835510254,0.0413820743560791,0.0007574558258056641,0.0891730785369873,1245,3,1245,136,10585,571,8908
all/randm13.02.02.19.020_0030.03.aba.beta,True,11,12,0.05675196647644043,0.029387712478637695,0.0012564659118652344,0.08739614486694336,489,7,507,163,3996,919,14047
all/randm13.02.02.19.020_0030.04.aba.beta,True,10,12,0.13352179527282715,0.09299349784851074,0.0008344650268554688,0.22734975814819336,2743,3,2753,158,29097,630,10053
all/randm13.02.02.19.020_0030.05.aba.beta,True,12,12,0.0955345630645752,0.053798675537109375,0.0019457340240478516,0.15127897262573242,571,10,575,169,7047,1395,21304
all/randm14.02.02.01.020_0030.01.aba.beta,True,1,3,0.0008718967437744141,0.0005576610565185547,0.001394510269165039,0.002824068069458008,31,1,31,27,106,535,8574
all/randm14.02.02.01.020_0030.02.aba.beta,True,1,3,0.00045371055603027344,0.00034880638122558594,0.0006761550903320312,0.0014786720275878906,31,1,31,26,106,532,8565
all/randm14.02.02.01.020_0030.03.aba.beta,True,1,3,0.0004947185516357422,0.0003209114074707031,0.0007092952728271484,0.0015249252319335938,35,1,35,25,130,532,8568
all/randm14.02.02.01.020_0030.04.aba.beta,True,1,3,0.0007727146148681641,0.0004975795745849609,0.001226663589477539,0.002496957778930664,38,1,38,21,149,528,8550
all/randm14.02.02.01.020_0030.05.aba.beta,True,1,3,0.0011484622955322266,0.0005602836608886719,0.0012941360473632812,0.0030028820037841797,32,1,32,28,112,529,8529
all/randm14.02.02.02.020_0030.01.aba.beta,True,6,9,0.03229379653930664,0.0157320499420166,0.0012316703796386719,0.049257516860961914,553,3,567,114,4973,622,9675
all/randm14.02.02.02.020_0030.02.aba.beta,True,4,9,0.012427568435668945,0.006055355072021484,0.0012965202331542969,0.019779443740844727,225,3,228,75,2050,581,9090
all/randm14.02.02.02.020_0030.03.aba.beta,True,3,9,0.008526086807250977,0.003742218017578125,0.0010488033294677734,0.013317108154296875,290,1,293,70,2048,537,8595
all/randm14.02.02.02.020_0030.04.aba.beta,True,5,9,0.013571739196777344,0.008350133895874023,0.001087188720703125,0.023009061813354492,308,2,313,99,2353,555,8780
all/randm14.02.02.02.020_0030.05.aba.beta,True,7,9,0.03185081481933594,0.010498046875,0.0008513927459716797,0.04320025444030762,329,5,331,88,2449,641,9850
all/randm14.02.02.03.020_0030.01.aba.beta,True,11,12,0.051935672760009766,0.0475611686706543,0.0014638900756835938,0.10096073150634766,739,8,739,140,8205,1055,16212
all/randm14.02.02.03.020_0030.02.aba.beta,True,18,12,0.09974002838134766,0.08780813217163086,0.0022780895233154297,0.18982625007629395,483,14,495,154,4805,1307,19706
all/randm14.02.02.03.020_0030.03.aba.beta,True,16,12,0.12912249565124512,0.14941906929016113,0.0028829574584960938,0.28142452239990234,1445,12,1452,219,13782,1757,27178
all/randm14.02.02.03.020_0030.04.aba.beta,True,10,12,0.05641531944274902,0.051720619201660156,0.001596689224243164,0.10973262786865234,714,7,714,163,6069,1017,15966
all/randm14.02.02.03.020_0030.05.aba.beta,True,9,12,0.05186796188354492,0.047644853591918945,0.0011234283447265625,0.10063624382019043,672,5,672,132,5335,736,11328
all/randm14.02.02.04.020_0030.01.aba.beta,True,15,12,0.052878379821777344,0.03712916374206543,0.0017917156219482422,0.09179925918579102,424,13,426,115,3319,1259,18974
all/randm14.02.02.04.020_0030.02.aba.beta,True,12,12,0.06087231636047363,0.036357879638671875,0.0017151832580566406,0.09894537925720215,494,8,508,168,5227,1167,17850
all/randm14.02.02.04.020_0030.03.aba.beta,True,11,12,0.04332375526428223,0.02494502067565918,0.001422882080078125,0.06969165802001953,280,10,300,106,2092,718,10483
all/randm14.02.02.04.020_0030.04.aba.beta,True,8,12,0.032198190689086914,0.01878666877746582,0.001897573471069336,0.05288243293762207,265,7,270,118,2305,1475,23040
all/randm14.02.02.04.020_0030.05.aba.beta,True,18,12,0.16202616691589355,0.10821294784545898,0.002354145050048828,0.27259325981140137,1677,12,1677,169,20524,1571,24155
all/randm14.02.02.05.020_0030.01.aba.beta,True,11,12,0.07790517807006836,0.028752803802490234,0.0010251998901367188,0.10768318176269531,913,5,913,148,11312,727,11483
all/randm14.02.02.05.020_0030.02.aba.beta,True,12,12,0.07311367988586426,0.059827566146850586,0.0024640560150146484,0.1354053020477295,730,9,732,160,6198,1577,24548
all/randm14.02.02.05.020_0030.03.aba.beta,True,21,12,0.08923888206481934,0.07091331481933594,0.0018930435180664062,0.16204524040222168,525,19,531,156,5806,1408,20737
all/randm14.02.02.05.020_0030.04.aba.beta,True,11,12,0.050209760665893555,0.03498101234436035,0.0014717578887939453,0.08666253089904785,402,8,403,116,3128,739,11124
all/randm14.02.02.05.020_0030.05.aba.beta,True,14,12,0.050897836685180664,0.028158903121948242,0.001817941665649414,0.08087468147277832,369,13,372,112,3539,982,14404
all/randm14.02.02.06.020_0030.01.aba.beta,True,27,11,0.22775006294250488,0.2214498519897461,0.006338357925415039,0.455538272857666,835,21,852,230,8547,4114,65386
all/randm14.02.02.06.020_0030.02.aba.beta,True,21,11,0.1361255645751953,0.13928914070129395,0.0042302608489990234,0.2796449661254883,763,17,774,210,12448,2624,40836
all/randm14.02.02.06.020_0030.03.aba.beta,True,20,11,0.1435871124267578,0.10266685485839844,0.005488157272338867,0.2517421245574951,810,16,820,218,8950,3507,55230
all/randm14.02.02.06.020_0030.04.aba.beta,True,19,11,0.14592814445495605,0.151076078414917,0.0025589466094970703,0.2995631694793701,1342,13,1342,185,16424,1658,25736
all/randm14.02.02.06.020_0030.05.aba.beta,True,24,11,0.15787601470947266,0.20110440254211426,0.0041277408599853516,0.36310815811157227,1248,18,1248,202,12771,2877,44181
all/randm14.02.02.07.020_0030.01.aba.beta,True,17,12,0.1423327922821045,0.09479260444641113,0.0020165443420410156,0.23914194107055664,1481,10,1481,159,14530,1043,15910
all/randm14.02.02.07.020_0030.02.aba.beta,True,19,12,0.15649819374084473,0.17525386810302734,0.002436399459838867,0.33418846130371094,1562,12,1562,200,20811,1636,25489
all/randm14.02.02.07.020_0030.03.aba.beta,True,15,12,0.08577513694763184,0.08315825462341309,0.001695394515991211,0.17062878608703613,719,11,726,151,6525,1269,19709
all/randm14.02.02.07.020_0030.04.aba.beta,True,29,12,0.3876032829284668,0.39514803886413574,0.005203723907470703,0.7879550457000732,2597,23,2604,237,32702,3070,48624
all/randm14.02.02.07.020_0030.05.aba.beta,True,13,12,0.06839299201965332,0.05019521713256836,0.0019109249114990234,0.1204991340637207,749,8,749,141,7043,1311,20589
all/randm14.02.02.08.020_0030.01.aba.beta,True,10,10,0.04223012924194336,0.03254556655883789,0.0009391307830810547,0.0757148265838623,609,6,609,127,7082,720,10882
all/randm14.02.02.08.020_0030.02.aba.beta,True,15,10,0.05479073524475098,0.03221940994262695,0.0017406940460205078,0.08875083923339844,493,12,494,147,6094,1272,19673
all/randm14.02.02.08.020_0030.03.aba.beta,True,12,10,0.04484248161315918,0.022471189498901367,0.0019350051879882812,0.06924867630004883,264,12,281,147,3624,1396,21550
all/randm14.02.02.08.020_0030.04.aba.beta,True,9,10,0.028438091278076172,0.022043466567993164,0.0011975765228271484,0.051679134368896484,353,7,353,122,2783,903,13816
all/randm14.02.02.08.020_0030.05.aba.beta,True,11,10,0.03431820869445801,0.0223696231842041,0.0016345977783203125,0.05832242965698242,264,9,264,102,2809,1213,18676
all/randm14.02.02.09.020_0030.01.aba.beta,True,13,12,0.07103872299194336,0.06023406982421875,0.0011887550354003906,0.1324615478515625,744,8,748,140,6989,954,14486
all/randm14.02.02.09.020_0030.02.aba.beta,True,14,12,0.0598142147064209,0.048699378967285156,0.0015790462493896484,0.1100926399230957,480,10,491,141,5469,1129,17685
all/randm14.02.02.09.020_0030.03.aba.beta,True,13,12,0.06050610542297363,0.042969703674316406,0.0028901100158691406,0.10636591911315918,504,9,518,180,4763,1764,27515
all/randm14.02.02.09.020_0030.04.aba.beta,True,12,12,0.039571285247802734,0.026364564895629883,0.0015916824340820312,0.06752753257751465,428,9,433,143,3468,1180,17918
all/randm14.02.02.09.020_0030.05.aba.beta,True,8,12,0.03203845024108887,0.02115607261657715,0.0009779930114746094,0.054172515869140625,446,5,457,124,3721,765,11831
all/randm14.02.02.10.020_0030.01.aba.beta,True,4,5,0.005640983581542969,0.003541231155395508,0.0015864372253417969,0.010768651962280273,108,3,109,58,618,738,11750
all/randm14.02.02.10.020_0030.02.aba.beta,True,4,5,0.007249355316162109,0.0036649703979492188,0.0013928413391113281,0.012307167053222656,107,3,109,69,622,674,10527
all/randm14.02.02.10.020_0030.03.aba.beta,True,3,5,0.005079984664916992,0.0027816295623779297,0.0007472038269042969,0.008608818054199219,108,2,109,61,722,552,8866
all/randm14.02.02.10.020_0030.04.aba.beta,True,2,5,0.0041882991790771484,0.0011911392211914062,0.0007426738739013672,0.006122112274169922,76,2,82,54,437,582,9193
all/randm14.02.02.10.020_0030.05.aba.beta,True,5,5,0.012123584747314453,0.0053863525390625,0.0009109973907470703,0.018420934677124023,123,4,125,79,882,647,10043
all/randm14.02.02.11.020_0030.01.aba.beta,True,5,10,0.03074479103088379,0.011132240295410156,0.0014128684997558594,0.043289899826049805,287,4,289,94,3435,639,9967
all/randm14.02.02.11.020_0030.02.aba.beta,True,7,10,0.028387069702148438,0.012116432189941406,0.0018405914306640625,0.042344093322753906,227,6,237,104,1752,808,12686
all/randm14.02.02.11.020_0030.03.aba.beta,True,10,10,0.030868053436279297,0.015265226364135742,0.0015475749969482422,0.04768085479736328,306,7,308,95,2995,850,13141
all/randm14.02.02.11.020_0030.04.aba.beta,True,14,10,0.058851003646850586,0.04087066650390625,0.002443075180053711,0.10216474533081055,466,12,470,148,5023,1659,25335
all/randm14.02.02.11.020_0030.05.aba.beta,True,7,10,0.026690006256103516,0.015202045440673828,0.0008382797241210938,0.04273033142089844,355,4,357,93,3279,623,9768
all/randm14.02.02.12.020_0030.01.aba.beta,True,15,11,0.08697319030761719,0.05196332931518555,0.0013210773468017578,0.1402575969696045,757,10,761,139,7730,935,13686
all/randm14.02.02.12.020_0030.02.aba.beta,True,16,11,0.0772705078125,0.06560325622558594,0.0020360946655273438,0.14490985870361328,702,12,702,151,6208,1362,20743
all/randm14.02.02.12.020_0030.03.aba.beta,True,25,11,0.13669252395629883,0.12829160690307617,0.0032973289489746094,0.2682814598083496,519,21,519,167,5868,2041,30685
all/randm14.02.02.12.020_0030.04.aba.beta,True,17,11,0.05643653869628906,0.0878760814666748,0.0016319751739501953,0.14594459533691406,762,14,766,152,8763,1209,17760
all/randm14.02.02.12.020_0030.05.aba.beta,True,15,11,0.03893256187438965,0.026938915252685547,0.0016579627990722656,0.06752943992614746,436,12,436,125,4134,946,14267
all/randm14.02.02.13.020_0030.01.aba.beta,True,16,13,0.19203519821166992,0.12475943565368652,0.0019283294677734375,0.3187229633331299,2734,10,2735,191,29986,1438,22511
all/randm14.02.02.13.020_0030.02.aba.beta,True,16,13,0.10370469093322754,0.0754384994506836,0.0013318061828613281,0.18047499656677246,902,12,907,165,9599,1025,15185
all/randm14.02.02.13.020_0030.03.aba.beta,True,16,13,0.08876895904541016,0.06957769393920898,0.002413034439086914,0.16075968742370605,523,13,532,147,4875,1592,24439
all/randm14.02.02.13.020_0030.04.aba.beta,True,17,13,0.06708908081054688,0.05359363555908203,0.0013005733489990234,0.12198328971862793,832,12,832,136,8423,972,14734
all/randm14.02.02.13.020_0030.05.aba.beta,True,19,13,0.15586042404174805,0.15928983688354492,0.0032465457916259766,0.31839680671691895,962,15,966,173,10222,1809,27662
all/randm14.02.02.14.020_0030.01.aba.beta,True,19,11,0.09350061416625977,0.056394338607788086,0.0026679039001464844,0.15256285667419434,728,16,731,155,6240,1598,24146
all/randm14.02.02.14.020_0030.02.aba.beta,True,5,11,0.022552013397216797,0.010182380676269531,0.0008759498596191406,0.03361034393310547,175,5,182,88,1198,694,10703
all/randm14.02.02.14.020_0030.03.aba.beta,True,9,11,0.029766321182250977,0.017763614654541016,0.0009591579437255859,0.04848909378051758,264,8,267,89,1833,772,11503
all/randm14.02.02.14.020_0030.04.aba.beta,True,5,11,0.022292375564575195,0.010502099990844727,0.0007810592651367188,0.03357553482055664,272,3,279,93,2500,577,9065
all/randm14.02.02.14.020_0030.05.aba.beta,True,6,11,0.018728256225585938,0.013453483581542969,0.0009322166442871094,0.033113956451416016,201,6,207,78,1499,745,11541
all/randm14.02.02.15.020_0030.01.aba.beta,True,9,12,0.03745126724243164,0.02426934242248535,0.0009758472442626953,0.06269645690917969,415,6,416,135,3339,757,11785
all/randm14.02.02.15.020_0030.02.aba.beta,True,11,12,0.04791069030761719,0.041674137115478516,0.001363992691040039,0.09094882011413574,699,7,702,149,5813,1009,15630
all/randm14.02.02.15.020_0030.03.aba.beta,True,17,12,0.10301709175109863,0.06783819198608398,0.002900838851928711,0.17375612258911133,782,12,784,158,6636,1379,20756
all/randm14.02.02.15.020_0030.04.aba.beta,True,15,12,0.09752368927001953,0.07978701591491699,0.0023076534271240234,0.17961835861206055,764,11,765,159,7817,1490,22967
all/randm14.02.02.15.020_0030.05.aba.beta,True,12,12,0.06055712699890137,0.04360508918762207,0.0018229484558105469,0.10598516464233398,470,8,472,157,3961,1248,19537
all/randm14.02.02.16.020_0030.01.aba.beta,True,17,10,0.08625245094299316,0.0648953914642334,0.0015759468078613281,0.1527237892150879,454,11,460,151,5018,1131,17084
all/randm14.02.02.16.020_0030.02.aba.beta,True,19,10,0.10695028305053711,0.09844326972961426,0.00429081916809082,0.2096843719482422,767,13,773,178,8130,2555,39362
all/randm14.02.02.16.020_0030.03.aba.beta,True,15,10,0.07814240455627441,0.05178117752075195,0.003051280975341797,0.13297486305236816,474,9,476,153,7597,1948,30340
all/randm14.02.02.16.020_0030.04.aba.beta,True,20,11,0.12550044059753418,0.14462542533874512,0.003016233444213867,0.27314209938049316,1309,15,1309,179,15495,2140,33092
all/randm14.02.02.16.020_0030.05.aba.beta,True,17,10,0.09497737884521484,0.09937500953674316,0.0020902156829833984,0.1964426040649414,712,12,712,166,9052,1523,23286
all/randm14.02.02.17.020_0030.01.aba.beta,True,20,11,0.10178494453430176,0.06766319274902344,0.0020132064819335938,0.1714613437652588,506,16,515,179,4890,1512,22667
all/randm14.02.02.17.020_0030.02.aba.beta,True,17,11,0.09159302711486816,0.06254935264587402,0.002766847610473633,0.15690922737121582,497,13,504,167,4829,2076,32285
all/randm14.02.02.17.020_0030.03.aba.beta,True,15,11,0.31613636016845703,0.21818232536315918,0.0012671947479248047,0.535585880279541,2916,7,2916,162,44271,875,13642
all/randm14.02.02.17.020_0030.04.aba.beta,True,21,11,0.12973737716674805,0.0978384017944336,0.0018842220306396484,0.2294600009918213,827,17,827,157,8417,1354,19799
all/randm14.02.02.17.020_0030.05.aba.beta,True,12,11,0.1478557586669922,0.3566572666168213,0.0014777183532714844,0.505990743637085,2059,7,2059,142,22246,752,11245
all/randm14.02.02.18.020_0030.01.aba.beta,True,16,13,0.14286208152770996,0.11965632438659668,0.0016753673553466797,0.2641937732696533,1569,11,1569,180,19899,1056,15967
all/randm14.02.02.18.020_0030.02.aba.beta,True,18,13,0.14319562911987305,0.1181480884552002,0.0027964115142822266,0.26414012908935547,1039,13,1051,215,13700,1983,30902
all/randm14.02.02.18.020_0030.03.aba.beta,True,10,13,0.0640876293182373,0.05389976501464844,0.002013683319091797,0.12000107765197754,513,8,516,159,4542,1508,23639
all/randm14.02.02.18.020_0030.04.aba.beta,True,20,13,0.2122659683227539,0.1610856056213379,0.0024764537811279297,0.3758280277252197,890,15,893,188,8446,1562,24176
all/randm14.02.02.18.020_0030.05.aba.beta,True,16,13,0.08005905151367188,0.05689859390258789,0.002677440643310547,0.1396350860595703,399,13,405,152,4343,1507,23950
all/randm14.02.02.19.020_0030.01.aba.beta,True,5,13,0.01881718635559082,0.014141559600830078,0.0010867118835449219,0.03404545783996582,263,4,268,101,1791,842,13200
all/randm14.02.02.19.020_0030.02.aba.beta,True,13,13,0.05310821533203125,0.03772115707397461,0.0012645721435546875,0.09209394454956055,465,10,467,112,3687,957,14231
all/randm14.02.02.19.020_0030.03.aba.beta,True,5,13,0.03360295295715332,0.0175628662109375,0.0008404254913330078,0.05200624465942383,440,3,445,118,3137,659,10192
all/randm14.02.02.19.020_0030.04.aba.beta,True,8,13,0.036147356033325195,0.022486448287963867,0.0008771419525146484,0.05951094627380371,304,6,311,102,2202,656,10020
all/randm14.02.02.19.020_0030.05.aba.beta,True,7,13,0.04051804542541504,0.024765729904174805,0.0009107589721679688,0.06619453430175781,465,5,469,118,3571,668,10214
all/randm15.02.02.01.020_0030.01.aba.beta,True,21,13,0.19231271743774414,0.21321535110473633,0.004545688629150391,0.41007375717163086,938,17,951,199,11811,2746,42236
all/randm15.02.02.01.020_0030.02.aba.beta,True,18,13,0.15753579139709473,0.12797808647155762,0.0032520294189453125,0.28876590728759766,831,13,831,160,8506,1976,30635
all/randm15.02.02.01.020_0030.03.aba.beta,True,25,13,0.24692344665527344,0.264354944229126,0.002549886703491211,0.5138282775878906,1717,19,1723,218,23227,1800,26797
all/randm15.02.02.01.020_0030.04.aba.beta,True,16,13,0.12509536743164062,0.09055614471435547,0.0035190582275390625,0.21917057037353516,551,14,554,194,5243,2161,33688
all/randm15.02.02.01.020_0030.05.aba.beta,True,30,13,0.186417818069458,0.17410039901733398,0.004622459411621094,0.3651406764984131,889,25,893,211,9765,3329,51500
all/randm15.02.02.02.020_0030.01.aba.beta,True,17,10,0.1445474624633789,0.08654046058654785,0.0016753673553466797,0.23276329040527344,1303,11,1308,155,18141,1268,19215
all/randm15.02.02.02.020_0030.02.aba.beta,True,14,10,0.06316041946411133,0.03783464431762695,0.001926422119140625,0.1029214859008789,391,10,398,129,3968,1001,14885
all/randm15.02.02.02.020_0030.03.aba.beta,True,15,10,0.06533598899841309,0.047904253005981445,0.0010209083557128906,0.11426115036010742,1047,11,1047,122,10670,794,11678
all/randm15.02.02.02.020_0030.04.aba.beta,True,10,10,0.05110430717468262,0.02575373649597168,0.0010998249053955078,0.0779578685760498,422,8,428,109,4288,756,11369
all/randm15.02.02.02.020_0030.05.aba.beta,True,16,10,0.0831460952758789,0.06067633628845215,0.0015301704406738281,0.14535260200500488,1241,10,1241,159,16745,1078,16296
all/randm15.02.02.03.020_0030.01.aba.beta,True,27,12,0.22357988357543945,0.20267534255981445,0.003712177276611328,0.42996740341186523,970,20,970,187,15257,2500,38708
all/randm15.02.02.03.020_0030.02.aba.beta,True,17,11,0.09398269653320312,0.07262325286865234,0.004109859466552734,0.1707158088684082,512,12,533,211,5315,2368,36829
all/randm15.02.02.03.020_0030.03.aba.beta,True,16,12,0.07771658897399902,0.07148909568786621,0.0015010833740234375,0.15070676803588867,825,12,829,165,8319,1049,15499
all/randm15.02.02.03.020_0030.04.aba.beta,True,13,12,0.07151055335998535,0.04593300819396973,0.0011627674102783203,0.1186063289642334,459,9,467,130,3875,818,12188
all/randm15.02.02.03.020_0030.05.aba.beta,True,17,12,0.1302659511566162,0.1197214126586914,0.0030150413513183594,0.253002405166626,980,11,985,197,14458,1988,30842
all/randm15.02.02.04.020_0030.01.aba.beta,True,12,12,0.08977270126342773,0.08815956115722656,0.002012491226196289,0.17994475364685059,1340,8,1340,165,18790,1191,18520
all/randm15.02.02.04.020_0030.02.aba.beta,True,20,12,0.0897364616394043,0.0807027816772461,0.002527475357055664,0.17296671867370605,823,14,823,130,7820,1512,23243
all/randm15.02.02.04.020_0030.03.aba.beta,True,14,12,0.07604146003723145,0.07123541831970215,0.0011868476867675781,0.14846372604370117,1289,9,1290,155,11336,942,14200
all/randm15.02.02.04.020_0030.04.aba.beta,True,22,12,0.22448396682739258,0.4942185878753662,0.004324674606323242,0.723027229309082,1031,16,1031,231,14255,2492,39155
all/randm15.02.02.04.020_0030.05.aba.beta,True,15,12,0.08483481407165527,0.057309627532958984,0.002263784408569336,0.1444082260131836,498,11,498,146,6163,1191,18292
all/randm15.02.02.05.020_0030.01.aba.beta,True,17,11,0.08209872245788574,0.04897952079772949,0.002339601516723633,0.13341784477233887,539,14,570,189,5199,1651,26002
all/randm15.02.02.05.020_0030.02.aba.beta,True,15,11,0.06880855560302734,0.03882956504821777,0.001575469970703125,0.10921359062194824,460,11,462,124,4672,1106,16845
all/randm15.02.02.05.020_0030.03.aba.beta,True,10,11,0.04951643943786621,0.026686906814575195,0.0014297962188720703,0.07763314247131348,415,7,431,114,3431,660,9909
all/randm15.02.02.05.020_0030.04.aba.beta,True,13,11,0.0648963451385498,0.039002418518066406,0.002208232879638672,0.10610699653625488,501,10,514,155,5611,1271,19454
all/randm15.02.02.05.020_0030.05.aba.beta,True,10,11,0.033814430236816406,0.02644824981689453,0.001561880111694336,0.06182456016540527,376,8,378,113,2925,1171,18070
all/randm15.02.02.06.020_0030.01.aba.beta,True,21,11,0.20294809341430664,0.1777801513671875,0.001720428466796875,0.382448673248291,2093,15,2093,188,21458,1236,18503
all/randm15.02.02.06.020_0030.02.aba.beta,True,18,11,0.08553934097290039,0.09641575813293457,0.0018146038055419922,0.18376970291137695,1319,13,1319,156,18624,1392,20857
all/randm15.02.02.06.020_0030.03.aba.beta,True,24,11,0.16271686553955078,0.12883973121643066,0.004207611083984375,0.2957642078399658,973,18,973,183,15799,2827,43513
all/randm15.02.02.06.020_0030.04.aba.beta,True,19,11,0.1020660400390625,0.11274003982543945,0.003056049346923828,0.21786212921142578,817,15,817,199,11366,2174,33728
all/randm15.02.02.06.020_0030.05.aba.beta,True,18,11,0.09048962593078613,0.06805086135864258,0.002767324447631836,0.16130781173706055,768,13,768,183,10111,2035,31076
all/randm15.02.02.07.020_0030.01.aba.beta,True,15,13,0.07177495956420898,0.05484294891357422,0.0017180442810058594,0.12833595275878906,514,11,523,170,5070,1327,20221
all/randm15.02.02.07.020_0030.02.aba.beta,True,13,13,0.0724949836730957,0.04470109939575195,0.001950979232788086,0.11914706230163574,431,11,445,178,4325,1417,21961
all/randm15.02.02.07.020_0030.03.aba.beta,True,17,13,0.12118315696716309,0.11987972259521484,0.004274606704711914,0.24533748626708984,823,12,825,204,7340,2731,43294
all/randm15.02.02.07.020_0030.04.aba.beta,True,14,13,0.07537388801574707,0.04945731163024902,0.002970457077026367,0.12780165672302246,877,9,883,145,8283,1697,26245
all/randm15.02.02.07.020_0030.05.aba.beta,True,12,13,0.06677365303039551,0.02924799919128418,0.0018329620361328125,0.0978546142578125,338,11,370,171,2789,1417,21476
all/randm15.02.02.08.020_0030.01.aba.beta,True,13,11,0.0498814582824707,0.03933310508728027,0.0011398792266845703,0.09035444259643555,420,11,427,137,3425,915,13381
all/randm15.02.02.08.020_0030.02.aba.beta,True,13,11,0.07010245323181152,0.0479276180267334,0.0019066333770751953,0.11993670463562012,425,10,427,132,4054,1336,20337
all/randm15.02.02.08.020_0030.03.aba.beta,True,19,11,0.14503860473632812,0.1392967700958252,0.0022211074829101562,0.2865564823150635,1290,12,1290,159,14519,1175,17533
all/randm15.02.02.08.020_0030.04.aba.beta,True,14,11,0.06244611740112305,0.03787064552307129,0.0016372203826904297,0.10195398330688477,465,11,476,144,4530,1216,18110
all/randm15.02.02.08.020_0030.05.aba.beta,True,11,11,0.06722378730773926,0.0411982536315918,0.0016946792602539062,0.11011672019958496,306,9,325,131,2483,1166,17964
all/randm15.02.02.09.020_0030.01.aba.beta,True,18,11,0.18685674667358398,1.3193304538726807,0.0027780532836914062,1.508965253829956,2323,12,2323,179,30287,1572,24106
all/randm15.02.02.09.020_0030.02.aba.beta,True,15,11,0.12677383422851562,0.19336795806884766,0.0016837120056152344,0.3218255043029785,1844,9,1844,182,17558,885,13494
all/randm15.02.02.09.020_0030.03.aba.beta,True,21,11,0.31748437881469727,3.2728068828582764,0.0021479129791259766,3.5924391746520996,3133,14,3133,184,32406,1376,21190
all/randm15.02.02.09.020_0030.04.aba.beta,True,27,11,0.25551438331604004,0.3483428955078125,0.004531145095825195,0.6083884239196777,1242,20,1242,230,12890,2608,39660
all/randm15.02.02.09.020_0030.05.aba.beta,True,26,11,0.29419684410095215,3.1277709007263184,0.003683328628540039,3.4256510734558105,2146,21,2146,224,25391,2621,40078
all/randm15.02.02.10.020_0030.01.aba.beta,True,1,4,0.0014417171478271484,0.0006244182586669922,0.0012850761413574219,0.0033512115478515625,48,1,48,25,217,540,8607
all/randm15.02.02.10.020_0030.02.aba.beta,True,1,4,0.0009918212890625,0.0003991127014160156,0.0007195472717285156,0.0021104812622070312,42,1,42,30,175,536,8598
all/randm15.02.02.10.020_0030.03.aba.beta,True,1,4,0.0007920265197753906,0.0003921985626220703,0.0007045269012451172,0.0018887519836425781,44,1,45,25,190,538,8606
all/randm15.02.02.10.020_0030.04.aba.beta,True,1,4,0.0012881755828857422,0.0005848407745361328,0.0011396408081054688,0.0030126571655273438,46,1,46,26,205,534,8587
all/randm15.02.02.10.020_0030.05.aba.beta,True,1,4,0.0010590553283691406,0.0003666877746582031,0.0006809234619140625,0.0021066665649414062,53,1,53,25,255,530,8547
all/randm15.02.02.11.020_0030.01.aba.beta,True,9,12,0.04191422462463379,0.02697896957397461,0.0015673637390136719,0.07046055793762207,255,7,257,117,1854,1038,15917
all/randm15.02.02.11.020_0030.02.aba.beta,True,8,12,0.03542447090148926,0.02065753936767578,0.0010881423950195312,0.05717015266418457,310,6,315,130,2542,864,13298
all/randm15.02.02.11.020_0030.03.aba.beta,True,12,12,0.06441998481750488,0.05029129981994629,0.001249074935913086,0.11596035957336426,443,10,445,143,3558,926,14072
all/randm15.02.02.11.020_0030.04.aba.beta,True,15,12,0.11960363388061523,0.10169196128845215,0.0013425350189208984,0.22263813018798828,770,10,776,158,10095,1017,15518
all/randm15.02.02.11.020_0030.05.aba.beta,True,10,12,0.05393528938293457,0.033060550689697266,0.0012874603271484375,0.08828330039978027,316,7,329,139,2531,935,14251
all/randm15.02.02.12.020_0030.01.aba.beta,True,20,14,0.12624812126159668,0.09149408340454102,0.0016224384307861328,0.21936464309692383,945,15,950,184,8780,1265,18637
all/randm15.02.02.12.020_0030.02.aba.beta,True,18,14,0.2955896854400635,0.8461267948150635,0.0017192363739013672,1.1434357166290283,3069,10,3069,197,33314,1171,17925
all/randm15.02.02.12.020_0030.03.aba.beta,True,18,14,0.16845321655273438,0.142578125,0.002615213394165039,0.3136465549468994,1759,11,1763,207,17382,1437,21862
all/randm15.02.02.12.020_0030.04.aba.beta,True,11,14,0.07863426208496094,0.05021214485168457,0.0008466243743896484,0.12969303131103516,916,5,924,138,8206,658,10098
all/randm15.02.02.12.020_0030.05.aba.beta,True,18,14,0.13080453872680664,0.08993005752563477,0.002101898193359375,0.22283649444580078,573,14,578,150,5913,1366,20342
all/randm15.02.02.13.020_0030.01.aba.beta,True,34,10,0.6666505336761475,10.189164161682129,0.0062372684478759766,10.862051963806152,3537,27,3537,267,43305,4157,65188
all/randm15.02.02.13.020_0030.02.aba.beta,True,24,10,0.3726644515991211,2.1671526432037354,0.0052356719970703125,2.5450527667999268,2596,17,2596,267,37735,3395,53030
all/randm15.02.02.13.020_0030.03.aba.beta,True,28,10,0.49034619331359863,8.305110216140747,0.004949331283569336,8.800405740737915,3960,21,3960,253,70440,3322,51596
all/randm15.02.02.13.020_0030.04.aba.beta,True,22,10,0.2588226795196533,0.47791600227355957,0.003717660903930664,0.7404563426971436,1485,15,1501,239,25103,2271,35795
all/randm15.02.02.13.020_0030.05.aba.beta,True,28,10,0.908618688583374,43.70969533920288,0.006745100021362305,44.62505912780762,4125,21,4125,298,101546,3829,59462
all/randm15.02.02.14.020_0030.01.aba.beta,True,6,12,0.026482343673706055,0.012812614440917969,0.0008702278137207031,0.04016518592834473,249,5,259,90,1693,647,9826
all/randm15.02.02.14.020_0030.02.aba.beta,True,10,12,0.056183815002441406,0.03282880783081055,0.0010695457458496094,0.09008216857910156,364,8,418,155,3376,792,11982
all/randm15.02.02.14.020_0030.03.aba.beta,True,8,12,0.040053367614746094,0.01935434341430664,0.001318216323852539,0.06072592735290527,468,6,477,133,3930,840,12796
all/randm15.02.02.14.020_0030.04.aba.beta,True,15,12,0.07023930549621582,0.042466163635253906,0.00339508056640625,0.11610054969787598,473,12,482,135,3928,2615,41131
all/randm15.02.02.14.020_0030.05.aba.beta,True,9,12,0.03768491744995117,0.025751590728759766,0.0009963512420654297,0.06443285942077637,251,8,251,100,1836,799,11864
all/randm15.02.02.15.020_0030.01.aba.beta,True,6,11,0.02447509765625,0.013687610626220703,0.0013897418975830078,0.03955245018005371,227,4,227,93,1732,654,10124
all/randm15.02.02.15.020_0030.02.aba.beta,True,10,11,0.04534101486206055,0.02579522132873535,0.0012960433959960938,0.07243227958679199,479,6,483,91,4328,845,13175
all/randm15.02.02.15.020_0030.03.aba.beta,True,6,11,0.02672553062438965,0.017861604690551758,0.0008168220520019531,0.04540395736694336,378,4,380,93,2948,640,9844
all/randm15.02.02.15.020_0030.04.aba.beta,True,14,11,0.057206153869628906,0.03324151039123535,0.002397298812866211,0.09284496307373047,477,9,487,102,4588,1442,22355
all/randm15.02.02.15.020_0030.05.aba.beta,True,11,11,0.08915019035339355,0.04246878623962402,0.0014789104461669922,0.13309788703918457,1477,5,1477,152,15011,935,14600
all/randm15.02.02.16.020_0030.01.aba.beta,True,20,14,0.28223252296447754,0.1361854076385498,0.0030007362365722656,0.4214186668395996,1783,15,1787,210,23008,2093,32950
all/randm15.02.02.16.020_0030.02.aba.beta,True,13,14,0.07560038566589355,0.05162334442138672,0.0010752677917480469,0.12829899787902832,838,10,839,138,7260,850,12783
all/randm15.02.02.16.020_0030.03.aba.beta,True,26,14,0.26920342445373535,0.2823660373687744,0.0057833194732666016,0.5573527812957764,1784,20,1784,243,22412,4079,64425
all/randm15.02.02.16.020_0030.04.aba.beta,True,19,14,0.14608430862426758,0.1217958927154541,0.0022482872009277344,0.2701284885406494,1099,15,1122,183,16173,1670,25711
all/randm15.02.02.16.020_0030.05.aba.beta,True,8,14,0.045531511306762695,0.02879500389099121,0.0010466575622558594,0.07537317276000977,523,4,527,116,4780,804,12663
all/randm15.02.02.17.020_0030.01.aba.beta,True,4,7,0.0058820247650146484,0.00365447998046875,0.000797271728515625,0.010333776473999023,145,3,147,70,873,630,10047
all/randm15.02.02.17.020_0030.02.aba.beta,True,5,7,0.01107645034790039,0.006844997406005859,0.0015327930450439453,0.019454240798950195,167,4,167,103,1358,826,12868
all/randm15.02.02.17.020_0030.03.aba.beta,True,4,7,0.007950544357299805,0.00386810302734375,0.0007660388946533203,0.012584686279296875,147,3,148,70,941,589,9303
all/randm15.02.02.17.020_0030.04.aba.beta,True,4,7,0.00876760482788086,0.004790067672729492,0.0012705326080322266,0.014828205108642578,144,3,145,86,991,685,10757
all/randm15.02.02.17.020_0030.05.aba.beta,True,5,7,0.011847257614135742,0.006918430328369141,0.0010418891906738281,0.01980757713317871,163,4,165,91,1246,772,12189
all/randm15.02.02.18.020_0030.01.aba.beta,True,25,13,0.1704111099243164,0.18031716346740723,0.00272369384765625,0.3534519672393799,958,19,999,250,9878,2154,32664
all/randm15.02.02.18.020_0030.02.aba.beta,True,17,13,0.17226958274841309,0.2644655704498291,0.0021975040435791016,0.4389326572418213,1607,11,1607,216,16318,1677,26103
all/randm15.02.02.18.020_0030.03.aba.beta,True,30,13,0.6417877674102783,1.2703871726989746,0.0049245357513427734,1.9170994758605957,3437,23,3437,259,56696,3460,53416
all/randm15.02.02.18.020_0030.04.aba.beta,True,18,13,0.0962364673614502,0.0796506404876709,0.001592397689819336,0.17747950553894043,531,14,531,180,6442,1232,18282
all/randm15.02.02.18.020_0030.05.aba.beta,True,27,13,0.44123005867004395,0.6894328594207764,0.0037331581115722656,1.1343960762023926,3150,19,3150,219,49159,2281,35210
all/randm15.02.02.19.020_0030.01.aba.beta,True,18,15,0.15599536895751953,0.11253523826599121,0.003432035446166992,0.27196264266967773,684,12,684,216,9163,2203,34000
all/randm15.02.02.19.020_0030.02.aba.beta,True,14,13,0.09056591987609863,0.06202530860900879,0.0015263557434082031,0.15411758422851562,810,10,810,142,7682,992,15040
all/randm15.02.02.19.020_0030.03.aba.beta,True,15,13,0.12327051162719727,0.0673832893371582,0.002068042755126953,0.19272184371948242,897,11,901,184,7716,1601,24453
all/randm15.02.02.19.020_0030.04.aba.beta,True,21,15,0.15244841575622559,0.11288785934448242,0.003713846206665039,0.26905012130737305,644,18,650,193,5793,2773,43134
all/randm15.02.02.19.020_0030.05.aba.beta,True,16,13,0.1301898956298828,0.10682940483093262,0.0029463768005371094,0.23996567726135254,829,12,841,177,7134,1686,26177
all/randm16.02.02.01.020_0030.01.aba.beta,True,29,12,0.49500012397766113,0.5134637355804443,0.004908323287963867,1.0133721828460693,2768,22,2770,228,36808,3510,53403
all/randm16.02.02.01.020_0030.02.aba.beta,True,27,12,0.2431354522705078,0.2787895202636719,0.006043434143066406,0.5279684066772461,1496,20,1496,245,17419,4196,66927
all/randm16.02.02.01.020_0030.03.aba.beta,True,25,11,0.36011457443237305,0.49456310272216797,0.003761768341064453,0.8584394454956055,2414,20,2417,249,32981,2527,39787
all/randm16.02.02.01.020_0030.04.aba.beta,True,26,12,0.20867180824279785,0.23519539833068848,0.007158994674682617,0.45102620124816895,1060,21,1065,259,16859,4498,70986
all/randm16.02.02.01.020_0030.05.aba.beta,True,27,12,0.5377457141876221,2.231783628463745,0.005888700485229492,2.7754180431365967,4744,21,4759,287,68131,3641,56696
all/randm16.02.02.02.020_0030.01.aba.beta,True,27,15,0.2842555046081543,0.24737882614135742,0.0027365684509277344,0.5343708992004395,1217,20,1232,204,14807,1725,26096
all/randm16.02.02.02.020_0030.02.aba.beta,True,26,15,0.4587571620941162,0.49959421157836914,0.004159688949584961,0.9625110626220703,3687,17,3691,268,47724,2674,41609
all/randm16.02.02.02.020_0030.03.aba.beta,True,25,15,1.7933387756347656,2.13584303855896,0.0033071041107177734,3.9324889183044434,14982,13,14982,240,254184,1875,28804
all/randm16.02.02.02.020_0030.04.aba.beta,True,21,15,0.24857258796691895,0.21842575073242188,0.004151821136474609,0.47115015983581543,1888,14,1888,183,21575,2398,36676
all/randm16.02.02.02.020_0030.05.aba.beta,True,30,15,0.42337942123413086,0.3637888431549072,0.004264354705810547,0.7914326190948486,3623,22,3623,230,54372,2514,38181
all/randm16.02.02.03.020_0030.01.aba.beta,True,9,11,0.0375363826751709,0.021355867385864258,0.0023801326751708984,0.061272382736206055,329,8,331,140,2760,1409,21997
all/randm16.02.02.03.020_0030.02.aba.beta,True,18,11,0.08675050735473633,0.08648514747619629,0.0016124248504638672,0.17484807968139648,704,14,704,167,7357,1252,18962
all/randm16.02.02.03.020_0030.03.aba.beta,True,11,11,0.049657583236694336,0.039762258529663086,0.0012047290802001953,0.09062457084655762,607,8,607,130,4632,877,13348
all/randm16.02.02.03.020_0030.04.aba.beta,True,10,11,0.03493905067443848,0.02886509895324707,0.002065420150756836,0.06586956977844238,420,7,420,146,3970,1610,24878
all/randm16.02.02.03.020_0030.05.aba.beta,True,11,11,0.0735464096069336,0.048742055892944336,0.0022017955780029297,0.12449026107788086,745,8,755,161,6911,1111,17432
all/randm16.02.02.04.020_0030.01.aba.beta,True,9,13,0.04321575164794922,0.035277605056762695,0.0018699169158935547,0.08036327362060547,300,8,308,122,2310,1178,18320
all/randm16.02.02.04.020_0030.02.aba.beta,True,17,13,0.09526801109313965,0.06720161437988281,0.0026247501373291016,0.16509437561035156,558,13,576,177,5538,1478,23031
all/randm16.02.02.04.020_0030.03.aba.beta,True,9,13,0.0823371410369873,0.03662919998168945,0.0011255741119384766,0.12009191513061523,843,5,862,170,9091,880,13832
all/randm16.02.02.04.020_0030.04.aba.beta,True,9,13,0.03999972343444824,0.02316737174987793,0.0014269351959228516,0.06459403038024902,318,7,331,92,2408,776,11874
all/randm16.02.02.04.020_0030.05.aba.beta,True,13,13,0.07468104362487793,0.0493922233581543,0.0031070709228515625,0.1271803379058838,546,9,546,146,5224,2127,33820
all/randm16.02.02.05.020_0030.01.aba.beta,True,25,13,0.3227500915527344,0.21200013160705566,0.003935337066650391,0.5386855602264404,1760,19,1761,212,26728,2616,40963
all/randm16.02.02.05.020_0030.02.aba.beta,True,23,13,0.21045207977294922,0.27686595916748047,0.0038182735443115234,0.4911363124847412,1636,16,1642,197,18658,2549,40500
all/randm16.02.02.05.020_0030.03.aba.beta,True,23,13,0.22678923606872559,0.24377083778381348,0.004869699478149414,0.4754297733306885,1062,18,1088,246,16145,3022,46620
all/randm16.02.02.05.020_0030.04.aba.beta,True,26,13,0.384845495223999,0.34903979301452637,0.0032854080200195312,0.7371706962585449,2868,20,2868,191,40046,2293,34693
all/randm16.02.02.05.020_0030.05.aba.beta,True,19,13,0.17325997352600098,0.11588191986083984,0.003682374954223633,0.29282426834106445,883,15,899,203,9784,2624,41223
all/randm16.02.02.06.020_0030.01.aba.beta,True,10,12,0.047637939453125,0.03063368797302246,0.001806497573852539,0.080078125,334,8,355,159,3089,1228,19071
all/randm16.02.02.06.020_0030.02.aba.beta,True,12,12,0.04825091361999512,0.025359392166137695,0.0009744167327880859,0.0745847225189209,370,10,391,131,3610,756,11220
all/randm16.02.02.06.020_0030.03.aba.beta,True,21,12,0.11266088485717773,0.0651090145111084,0.002017974853515625,0.17978787422180176,523,15,527,149,7763,1370,21200
all/randm16.02.02.06.020_0030.04.aba.beta,True,9,12,0.04559326171875,0.02348804473876953,0.001214742660522461,0.07029604911804199,269,7,285,127,1970,814,12340
all/randm16.02.02.06.020_0030.05.aba.beta,True,10,12,0.05511331558227539,0.03309297561645508,0.0023818016052246094,0.09058809280395508,297,9,313,121,2234,1380,21431
all/randm16.02.02.07.020_0030.01.aba.beta,True,16,11,0.06482768058776855,0.0397791862487793,0.002294778823852539,0.10690164566040039,421,12,423,146,4444,1709,26094
all/randm16.02.02.07.020_0030.02.aba.beta,True,9,10,0.034975528717041016,0.01900506019592285,0.0016052722930908203,0.05558586120605469,270,6,270,120,2897,1151,17777
all/randm16.02.02.07.020_0030.03.aba.beta,True,13,11,0.04903268814086914,0.03669905662536621,0.0019271373748779297,0.08765888214111328,425,10,428,150,4851,1115,16965
all/randm16.02.02.07.020_0030.04.aba.beta,True,13,10,0.06530642509460449,0.04323744773864746,0.0033447742462158203,0.11188864707946777,671,10,674,144,6990,1828,29126
all/randm16.02.02.07.020_0030.05.aba.beta,True,19,11,0.10444331169128418,0.08773183822631836,0.004163503646850586,0.19633865356445312,711,15,720,194,6256,2804,43763
all/randm16.02.02.08.020_0030.01.aba.beta,True,20,14,0.2865030765533447,0.44500041007995605,0.002604246139526367,0.7341077327728271,2622,15,2622,200,26166,1675,25202
all/randm16.02.02.08.020_0030.02.aba.beta,True,16,14,0.26859068870544434,0.1759340763092041,0.0012042522430419922,0.44572901725769043,1799,10,1799,167,27957,959,14082
all/randm16.02.02.08.020_0030.03.aba.beta,True,21,14,0.23641300201416016,0.262127161026001,0.0033605098724365234,0.5019006729125977,1675,15,1675,179,16295,2199,33790
all/randm16.02.02.08.020_0030.04.aba.beta,True,16,14,0.20267391204833984,0.15380644798278809,0.002567291259765625,0.35904765129089355,1696,10,1696,169,23490,1861,28374
all/randm16.02.02.08.020_0030.05.aba.beta,True,22,14,0.2055063247680664,0.6534678936004639,0.002199888229370117,0.8611741065979004,1574,17,1579,194,14944,1601,23728
all/randm16.02.02.09.020_0030.01.aba.beta,True,14,12,0.0693655014038086,0.04513049125671387,0.0009398460388183594,0.11543583869934082,851,9,852,128,7823,739,10971
all/randm16.02.02.09.020_0030.02.aba.beta,True,12,12,0.04737424850463867,0.030261993408203125,0.0011909008026123047,0.0788271427154541,464,8,477,134,4046,841,12567
all/randm16.02.02.09.020_0030.03.aba.beta,True,4,12,0.021378517150878906,0.012621879577636719,0.0007500648498535156,0.03475046157836914,418,2,425,114,3162,569,8994
all/randm16.02.02.09.020_0030.04.aba.beta,True,9,12,0.04884004592895508,0.022658348083496094,0.0011751651763916016,0.07267355918884277,453,7,471,135,4604,913,13867
all/randm16.02.02.09.020_0030.05.aba.beta,True,12,12,0.09628653526306152,0.04611992835998535,0.0010979175567626953,0.14350438117980957,886,7,895,134,8269,783,11921
all/randm16.02.02.10.020_0030.01.aba.beta,True,8,9,0.02864551544189453,0.018213272094726562,0.0016455650329589844,0.04850435256958008,307,6,313,106,2209,896,13877
all/randm16.02.02.10.020_0030.02.aba.beta,True,10,9,0.03188467025756836,0.019215106964111328,0.0012753009796142578,0.052375078201293945,246,7,266,126,2057,867,13166
all/randm16.02.02.10.020_0030.03.aba.beta,True,13,9,0.05921649932861328,0.03307008743286133,0.0017452239990234375,0.09403181076049805,396,8,405,142,3907,1282,19667
all/randm16.02.02.10.020_0030.04.aba.beta,True,7,9,0.023108482360839844,0.015245914459228516,0.001384735107421875,0.039739131927490234,306,4,306,108,2294,697,10782
all/randm16.02.02.10.020_0030.05.aba.beta,True,9,9,0.026612520217895508,0.02621936798095703,0.0017056465148925781,0.05453753471374512,307,7,307,122,2420,1147,18093
all/randm16.02.02.11.020_0030.01.aba.beta,True,14,13,0.09561634063720703,0.08560919761657715,0.0018744468688964844,0.18309998512268066,772,11,772,158,6680,1158,17459
all/randm16.02.02.11.020_0030.02.aba.beta,True,10,13,0.12160181999206543,0.06010103225708008,0.0012364387512207031,0.1829392910003662,1589,4,1590,145,15961,696,10746
all/randm16.02.02.11.020_0030.03.aba.beta,True,20,13,0.1617741584777832,0.1404712200164795,0.003059864044189453,0.30530524253845215,888,15,888,160,8563,1856,28541
all/randm16.02.02.11.020_0030.04.aba.beta,True,20,13,0.15605545043945312,0.1398026943206787,0.0023872852325439453,0.2982454299926758,889,15,900,157,10565,1704,25827
all/randm16.02.02.11.020_0030.05.aba.beta,True,16,13,0.08912515640258789,0.11172318458557129,0.0019383430480957031,0.20278668403625488,847,11,847,141,8661,1129,16971
all/randm16.02.02.12.020_0030.01.aba.beta,True,12,14,0.11078596115112305,0.10620403289794922,0.0016734600067138672,0.21866345405578613,1537,7,1539,167,13933,1241,19692
all/randm16.02.02.12.020_0030.02.aba.beta,True,7,14,0.0431058406829834,0.0263059139251709,0.0010640621185302734,0.07047581672668457,496,4,501,106,3690,831,13067
all/randm16.02.02.12.020_0030.03.aba.beta,True,10,14,0.07767724990844727,0.04769706726074219,0.0011224746704101562,0.1264967918395996,901,3,907,139,8112,830,13311
all/randm16.02.02.12.020_0030.04.aba.beta,True,11,14,0.10239076614379883,0.055692195892333984,0.001356363296508789,0.1594393253326416,909,5,910,116,7810,637,9728
all/randm16.02.02.12.020_0030.05.aba.beta,True,11,14,0.07854795455932617,0.062191009521484375,0.0016460418701171875,0.14238500595092773,609,7,615,162,6888,983,15092
all/randm16.02.02.13.020_0030.01.aba.beta,True,8,11,0.03421950340270996,0.023621797561645508,0.0010294914245605469,0.058870792388916016,384,5,385,115,2872,639,9804
all/randm16.02.02.13.020_0030.02.aba.beta,True,8,11,0.06226348876953125,0.03445577621459961,0.0020384788513183594,0.09875774383544922,740,4,742,140,6734,1110,17492
all/randm16.02.02.13.020_0030.03.aba.beta,True,10,11,0.03221631050109863,0.0181581974029541,0.0010662078857421875,0.05144071578979492,298,9,301,128,2485,845,12540
all/randm16.02.02.13.020_0030.04.aba.beta,True,7,11,0.0233917236328125,0.011499404907226562,0.0009868144989013672,0.03587794303894043,286,6,301,96,1998,777,11882
all/randm16.02.02.13.020_0030.05.aba.beta,True,7,11,0.03613996505737305,0.02054882049560547,0.0009062290191650391,0.057595014572143555,375,5,386,123,2755,654,9988
all/randm16.02.02.14.020_0030.01.aba.beta,True,5,6,0.005590200424194336,0.004058837890625,0.0012066364288330078,0.010855674743652344,114,4,114,54,689,582,8964
all/randm16.02.02.14.020_0030.02.aba.beta,True,1,6,0.0022203922271728516,0.0006113052368164062,0.0007011890411376953,0.003532886505126953,79,1,80,44,404,543,8626
all/randm16.02.02.14.020_0030.03.aba.beta,True,1,6,0.0020263195037841797,0.0005154609680175781,0.0006983280181884766,0.0032401084899902344,85,1,85,32,449,535,8590
all/randm16.02.02.14.020_0030.04.aba.beta,True,2,6,0.0027883052825927734,0.0010528564453125,0.0006659030914306641,0.0045070648193359375,83,2,83,49,500,542,8668
all/randm16.02.02.14.020_0030.05.aba.beta,True,1,6,0.001783132553100586,0.0004928112030029297,0.0006918907165527344,0.00296783447265625,72,1,72,32,361,532,8571
all/randm16.02.02.15.020_0030.01.aba.beta,True,23,15,0.2275376319885254,0.2148895263671875,0.0031936168670654297,0.4456207752227783,1125,16,1141,227,12418,2278,34899
all/randm16.02.02.15.020_0030.02.aba.beta,True,20,15,0.22329449653625488,0.5248017311096191,0.0024764537811279297,0.750572681427002,1629,16,1629,175,14985,1753,26409
all/randm16.02.02.15.020_0030.03.aba.beta,True,17,15,0.14864301681518555,0.1022489070892334,0.0024318695068359375,0.2533237934112549,993,13,997,191,9185,1536,23334
all/randm16.02.02.15.020_0030.04.aba.beta,True,20,15,0.23494195938110352,0.20777153968811035,0.003000497817993164,0.44571399688720703,2138,12,2139,229,26109,1664,26366
all/randm16.02.02.15.020_0030.05.aba.beta,True,16,15,0.17866158485412598,0.16706371307373047,0.0023860931396484375,0.3481113910675049,978,10,980,179,8864,1578,24667
all/randm16.02.02.16.020_0030.01.aba.beta,True,11,11,0.05385088920593262,0.03631997108459473,0.0019121170043945312,0.09208297729492188,361,10,363,138,4418,1206,18534
all/randm16.02.02.16.020_0030.02.aba.beta,True,17,11,0.07392549514770508,0.04024195671081543,0.0019266605377197266,0.11609411239624023,430,12,435,127,4848,1347,20432
all/randm16.02.02.16.020_0030.03.aba.beta,True,13,11,0.05277442932128906,0.030903100967407227,0.0013420581817626953,0.08501958847045898,459,10,476,123,4943,926,14252
all/randm16.02.02.16.020_0030.04.aba.beta,True,9,11,0.0411372184753418,0.02718210220336914,0.0008509159088134766,0.06917023658752441,690,5,696,131,6369,648,9939
all/randm16.02.02.16.020_0030.05.aba.beta,True,13,11,0.04927635192871094,0.02854132652282715,0.0013272762298583984,0.07914495468139648,459,10,468,155,4137,1032,15569
all/randm16.02.02.17.020_0030.01.aba.beta,True,14,13,0.0868375301361084,0.05744314193725586,0.002010822296142578,0.14629149436950684,594,10,601,172,7633,1371,21564
all/randm16.02.02.17.020_0030.02.aba.beta,True,17,14,0.17209887504577637,0.19578123092651367,0.002472400665283203,0.37035250663757324,1490,13,1490,184,13808,1772,27203
all/randm16.02.02.17.020_0030.03.aba.beta,True,21,14,0.20598196983337402,0.13193893432617188,0.0042345523834228516,0.34215545654296875,715,16,723,192,9387,2725,42178
all/randm16.02.02.17.020_0030.04.aba.beta,True,16,13,0.09630584716796875,0.07006382942199707,0.0019292831420898438,0.16829895973205566,882,12,889,165,7840,1376,20803
all/randm16.02.02.17.020_0030.05.aba.beta,True,21,13,0.13419532775878906,0.10467743873596191,0.0031740665435791016,0.24204683303833008,619,18,627,187,7283,2175,33379
all/randm16.02.02.18.020_0030.01.aba.beta,True,23,10,0.17499780654907227,0.13426542282104492,0.004709959030151367,0.31397318840026855,573,18,573,191,10457,2806,43213
all/randm16.02.02.18.020_0030.02.aba.beta,True,23,10,0.1642141342163086,0.17074990272521973,0.003246307373046875,0.3382103443145752,864,17,864,188,10346,1889,28632
all/randm16.02.02.18.020_0030.03.aba.beta,True,21,10,0.10254454612731934,0.12445783615112305,0.0038306713104248047,0.2308330535888672,690,17,690,201,9161,2739,42005
all/randm16.02.02.18.020_0030.04.aba.beta,True,17,10,0.07048606872558594,0.0617060661315918,0.002468109130859375,0.1346602439880371,484,13,488,187,5164,1868,28475
all/randm16.02.02.18.020_0030.05.aba.beta,True,20,10,0.09429717063903809,0.07960271835327148,0.0026476383209228516,0.17654752731323242,1109,16,1109,171,16181,2058,31508
all/randm16.02.02.19.020_0030.01.aba.beta,True,20,13,0.22156572341918945,0.31240296363830566,0.004528045654296875,0.538496732711792,1788,14,1797,274,20101,2435,38335
all/randm16.02.02.19.020_0030.02.aba.beta,True,18,13,0.14612030982971191,0.18015241622924805,0.00189208984375,0.32816481590270996,2373,11,2373,200,22701,1415,21899
all/randm16.02.02.19.020_0030.03.aba.beta,True,29,13,0.3193995952606201,0.3979814052581787,0.008468389511108398,0.7258493900299072,985,24,989,316,10613,5037,78846
all/randm16.02.02.19.020_0030.04.aba.beta,True,22,13,0.1536860466003418,0.1363515853881836,0.0032460689544677734,0.29328370094299316,989,18,995,179,12107,1819,27555
all/randm16.02.02.19.020_0030.05.aba.beta,True,31,13,0.4125368595123291,0.37653374671936035,0.00556492805480957,0.794635534286499,1810,26,1814,286,22000,3944,60456
all/randm17.02.02.01.020_0030.01.aba.beta,True,16,14,0.12126278877258301,0.15839028358459473,0.0014979839324951172,0.28115105628967285,903,12,909,170,8263,1178,17619
all/randm17.02.02.01.020_0030.02.aba.beta,True,24,14,0.3260314464569092,0.2717461585998535,0.0054111480712890625,0.6031887531280518,1843,19,1864,276,23523,3298,50981
all/randm17.02.02.01.020_0030.03.aba.beta,True,19,13,0.20421934127807617,0.25452518463134766,0.002835988998413086,0.4615805149078369,1612,13,1612,194,17387,1762,27772
all/randm17.02.02.01.020_0030.04.aba.beta,True,20,14,0.21622729301452637,0.182661771774292,0.006595134735107422,0.4054841995239258,1076,15,1076,235,12089,3705,58120
all/randm17.02.02.01.020_0030.05.aba.beta,True,17,13,0.12568449974060059,0.09539413452148438,0.0013837814331054688,0.22246241569519043,1555,11,1555,144,19773,1054,15840
all/randm17.02.02.02.020_0030.01.aba.beta,True,11,12,0.0507354736328125,0.03789520263671875,0.0022125244140625,0.09084320068359375,444,9,444,166,3760,1445,22587
all/randm17.02.02.02.020_0030.02.aba.beta,True,9,12,0.038631439208984375,0.021234989166259766,0.0012247562408447266,0.06109118461608887,433,7,433,121,3238,765,11480
all/randm17.02.02.02.020_0030.03.aba.beta,True,27,12,0.19075512886047363,0.1617743968963623,0.0041599273681640625,0.356689453125,894,20,897,202,10228,3030,47067
all/randm17.02.02.02.020_0030.04.aba.beta,True,16,12,0.07928633689880371,0.05100440979003906,0.001965045928955078,0.13225579261779785,507,13,507,156,5447,1337,20510
all/randm17.02.02.02.020_0030.05.aba.beta,True,17,12,0.07990884780883789,0.0627739429473877,0.0038836002349853516,0.14656639099121094,485,14,488,183,4922,2481,38533
all/randm17.02.02.03.020_0030.01.aba.beta,True,15,14,0.11289596557617188,0.08789229393005371,0.004858255386352539,0.20564651489257812,1055,11,1067,202,11808,2687,42169
all/randm17.02.02.03.020_0030.02.aba.beta,True,14,14,0.0789792537689209,0.05758213996887207,0.0019927024841308594,0.13855409622192383,561,11,566,165,5523,1449,22341
all/randm17.02.02.03.020_0030.03.aba.beta,True,14,13,0.11865854263305664,0.0749044418334961,0.003737211227416992,0.19730019569396973,904,10,910,152,7910,2051,32129
all/randm17.02.02.03.020_0030.04.aba.beta,True,17,13,0.12183976173400879,0.1371898651123047,0.00462651252746582,0.2636561393737793,779,13,779,184,6581,2677,41336
all/randm17.02.02.03.020_0030.05.aba.beta,True,16,14,0.11673474311828613,0.09325575828552246,0.003001689910888672,0.21299219131469727,933,12,939,184,9093,1697,26724
all/randm17.02.02.04.020_0030.01.aba.beta,True,27,16,0.7850947380065918,8.414844751358032,0.002984762191772461,9.202924251556396,6956,18,6956,212,103212,1580,24452
all/randm17.02.02.04.020_0030.02.aba.beta,True,29,16,0.5899770259857178,1.3581392765045166,0.002312898635864258,1.9504292011260986,3891,21,3891,193,57512,1715,25133
all/randm17.02.02.04.020_0030.03.aba.beta,True,26,16,0.6159951686859131,1.4564456939697266,0.0043354034423828125,2.0767762660980225,3654,18,3657,212,42408,2376,36167
all/randm17.02.02.04.020_0030.04.aba.beta,True,27,16,0.9663331508636475,0.9006185531616211,0.003495454788208008,1.8704471588134766,7420,18,7420,255,97647,2040,31127
all/randm17.02.02.04.020_0030.05.aba.beta,True,31,16,0.5817670822143555,1.4150779247283936,0.004873752593994141,2.001718759536743,6439,24,6439,261,79650,3068,46664
all/randm17.02.02.05.020_0030.01.aba.beta,True,10,10,0.041848182678222656,0.022317171096801758,0.0009450912475585938,0.06511044502258301,668,5,676,121,5899,724,11177
all/randm17.02.02.05.020_0030.02.aba.beta,True,8,10,0.024428844451904297,0.0169374942779541,0.001068115234375,0.0424344539642334,362,5,364,103,2709,793,12295
all/randm17.02.02.05.020_0030.03.aba.beta,True,6,10,0.020656108856201172,0.009621858596801758,0.0014128684997558594,0.03169083595275879,219,5,225,95,2156,666,10185
all/randm17.02.02.05.020_0030.04.aba.beta,True,9,10,0.03172612190246582,0.018091678619384766,0.0016331672668457031,0.05145096778869629,252,6,290,138,1874,829,12615
all/randm17.02.02.05.020_0030.05.aba.beta,True,7,10,0.017000198364257812,0.012127399444580078,0.00096893310546875,0.03009653091430664,316,5,316,91,2137,647,9869
all/randm17.02.02.06.020_0030.01.aba.beta,True,36,14,1.056581974029541,2.5410516262054443,0.006957530975341797,3.604591131210327,10235,28,10235,286,151493,4586,71846
all/randm17.02.02.06.020_0030.02.aba.beta,True,27,14,0.5350489616394043,0.4387950897216797,0.003926277160644531,0.9777703285217285,3882,18,3882,251,52566,2645,41365
all/randm17.02.02.06.020_0030.03.aba.beta,True,28,14,0.3606126308441162,0.4486398696899414,0.004748344421386719,0.8140008449554443,1765,22,1765,236,21962,3213,48657
all/randm17.02.02.06.020_0030.04.aba.beta,True,19,13,0.20554542541503906,0.1820356845855713,0.0021507740020751953,0.38973188400268555,1549,13,1551,195,17363,1644,24394
all/randm17.02.02.06.020_0030.05.aba.beta,True,21,13,0.19000935554504395,0.2282559871673584,0.0032100677490234375,0.4214754104614258,1498,17,1498,195,17790,2237,34238
all/randm17.02.02.07.020_0030.01.aba.beta,True,12,17,0.6299524307250977,0.8337178230285645,0.0011386871337890625,1.4648089408874512,13193,3,13193,194,163747,802,12759
all/randm17.02.02.07.020_0030.02.aba.beta,True,18,17,0.17850446701049805,0.2288830280303955,0.0026884078979492188,0.4100759029388428,1872,14,1876,182,18633,1835,27831
all/randm17.02.02.07.020_0030.03.aba.beta,True,20,17,0.4023914337158203,0.4242231845855713,0.0014979839324951172,0.8281126022338867,3755,13,3755,190,41994,1157,17411
all/randm17.02.02.07.020_0030.04.aba.beta,True,29,17,0.3721799850463867,0.29183268547058105,0.003475189208984375,0.6674878597259521,1245,21,1255,203,15308,2686,40775
all/randm17.02.02.07.020_0030.05.aba.beta,True,24,17,0.5900866985321045,1.3141584396362305,0.0038704872131347656,1.9081156253814697,6482,18,6484,249,73189,2408,37195
all/randm17.02.02.08.020_0030.01.aba.beta,True,14,14,0.0946507453918457,0.06601548194885254,0.0010325908660888672,0.1616988182067871,1593,9,1600,175,15652,766,11436
all/randm17.02.02.08.020_0030.02.aba.beta,True,14,14,0.13577914237976074,0.09654617309570312,0.0015857219696044922,0.23391103744506836,1017,8,1017,163,9065,1156,18089
all/randm17.02.02.08.020_0030.03.aba.beta,True,11,14,0.08145380020141602,0.05417037010192871,0.001331329345703125,0.13695549964904785,633,8,640,157,5742,994,15043
all/randm17.02.02.08.020_0030.04.aba.beta,True,15,14,0.18088722229003906,0.10992717742919922,0.0015337467193603516,0.29234814643859863,3114,9,3114,176,35887,982,15046
all/randm17.02.02.08.020_0030.05.aba.beta,True,17,14,0.12537765502929688,0.09884190559387207,0.0022597312927246094,0.22647929191589355,961,11,973,173,9144,1321,20093
all/randm17.02.02.09.020_0030.01.aba.beta,True,12,13,0.11434173583984375,0.09959959983825684,0.0016088485717773438,0.21555018424987793,2617,7,2617,189,26781,1166,18125
all/randm17.02.02.09.020_0030.02.aba.beta,True,18,14,0.09426069259643555,0.11055135726928711,0.0015442371368408203,0.20635628700256348,2607,13,2607,177,25418,1192,18021
all/randm17.02.02.09.020_0030.03.aba.beta,True,16,14,0.09741735458374023,0.05984973907470703,0.002306222915649414,0.15957331657409668,475,13,476,148,7327,1590,24171
all/randm17.02.02.09.020_0030.04.aba.beta,True,23,14,0.18280982971191406,0.13355302810668945,0.0035216808319091797,0.3198845386505127,673,19,705,213,7849,2346,36592
all/randm17.02.02.09.020_0030.05.aba.beta,True,13,14,0.1675252914428711,0.10973882675170898,0.002685070037841797,0.2799491882324219,1865,7,1865,187,27171,1681,26602
all/randm17.02.02.10.020_0030.01.aba.beta,True,8,10,0.0336456298828125,0.014014959335327148,0.0015094280242919922,0.04917001724243164,268,7,268,78,2872,1136,17749
all/randm17.02.02.10.020_0030.02.aba.beta,True,6,10,0.03365468978881836,0.01418924331665039,0.0014531612396240234,0.04929709434509277,318,5,338,148,3719,936,14877
all/randm17.02.02.10.020_0030.03.aba.beta,True,11,11,0.056110382080078125,0.027749300003051758,0.0014331340789794922,0.08529281616210938,490,7,534,185,4771,922,14200
all/randm17.02.02.10.020_0030.04.aba.beta,True,4,11,0.01503610610961914,0.0068285465240478516,0.0008463859558105469,0.02271103858947754,218,3,223,90,1423,647,10130
all/randm17.02.02.10.020_0030.05.aba.beta,True,6,11,0.019139766693115234,0.010712623596191406,0.001234292984008789,0.03108668327331543,228,4,229,85,1510,619,9591
all/randm17.02.02.11.020_0030.01.aba.beta,True,13,13,0.06972336769104004,0.0738837718963623,0.001127004623413086,0.14473414421081543,857,9,863,148,8443,843,12723
all/randm17.02.02.11.020_0030.02.aba.beta,True,10,13,0.06891775131225586,0.0484774112701416,0.0008442401885986328,0.1182394027709961,788,5,788,124,6443,615,9439
all/randm17.02.02.11.020_0030.03.aba.beta,True,16,13,0.10026907920837402,0.11997413635253906,0.001522064208984375,0.22176527976989746,762,13,763,151,6555,1187,17637
all/randm17.02.02.11.020_0030.04.aba.beta,True,11,13,0.058734893798828125,0.0400547981262207,0.0009186267852783203,0.09970831871032715,850,5,850,114,8459,683,10573
all/randm17.02.02.11.020_0030.05.aba.beta,True,9,13,0.05022907257080078,0.03087139129638672,0.0009396076202392578,0.08204007148742676,846,5,846,149,7297,696,10954
all/randm17.02.02.12.020_0030.01.aba.beta,True,25,15,0.2570192813873291,0.4071695804595947,0.004278421401977539,0.6684672832489014,1033,20,1039,230,12007,2804,42764
all/randm17.02.02.12.020_0030.02.aba.beta,True,19,15,0.27228331565856934,0.35232090950012207,0.0025627613067626953,0.6271669864654541,1700,14,1701,220,15960,2001,30523
all/randm17.02.02.12.020_0030.03.aba.beta,True,15,15,0.4531829357147217,1.714989423751831,0.003568887710571289,2.171741247177124,5640,8,5640,183,63733,1631,25980
all/randm17.02.02.12.020_0030.04.aba.beta,True,29,15,0.33703064918518066,1.0167925357818604,0.0039958953857421875,1.3578190803527832,2937,24,2937,258,29350,2832,44025
all/randm17.02.02.12.020_0030.05.aba.beta,True,19,14,0.15370726585388184,0.15097784996032715,0.0020623207092285156,0.3067474365234375,911,14,913,179,12112,1560,23619
all/randm17.02.02.13.020_0030.01.aba.beta,True,33,16,0.5424649715423584,0.9109845161437988,0.010380268096923828,1.463829755783081,3389,27,3389,257,36647,6827,105792
all/randm17.02.02.13.020_0030.02.aba.beta,True,29,16,0.7569084167480469,1.1377475261688232,0.004437446594238281,1.8990933895111084,3877,21,3877,227,52374,2717,41233
all/randm17.02.02.13.020_0030.03.aba.beta,True,35,16,0.6495015621185303,0.653383731842041,0.004479885101318359,1.3073651790618896,2196,28,2196,246,33929,3016,45815
all/randm17.02.02.13.020_0030.04.aba.beta,True,35,16,0.6764276027679443,0.46211695671081543,0.007414340972900391,1.1459589004516602,2212,26,2215,274,30401,4478,69562
all/randm17.02.02.13.020_0030.05.aba.beta,True,30,16,0.512711763381958,1.408395528793335,0.00706028938293457,1.9281675815582275,2133,22,2133,211,28470,4758,73903
all/randm17.02.02.14.020_0030.01.aba.beta,True,19,12,0.17898344993591309,0.18457889556884766,0.0030846595764160156,0.36664700508117676,1497,12,1507,225,15855,2132,33013
all/randm17.02.02.14.020_0030.02.aba.beta,True,19,12,0.13635563850402832,0.15410566329956055,0.003245830535888672,0.29370713233947754,885,14,885,183,12499,2035,31192
all/randm17.02.02.14.020_0030.03.aba.beta,True,19,12,0.10610580444335938,0.08835196495056152,0.00275421142578125,0.19721198081970215,724,15,727,152,6563,2022,30518
all/randm17.02.02.14.020_0030.04.aba.beta,True,15,12,0.08524823188781738,0.08166670799255371,0.0014870166778564453,0.16840195655822754,864,11,864,129,11094,1140,17175
all/randm17.02.02.14.020_0030.05.aba.beta,True,22,11,0.10907649993896484,0.09110426902770996,0.0032684803009033203,0.20344924926757812,811,18,820,183,9585,2064,31654
all/randm17.02.02.15.020_0030.01.aba.beta,True,5,8,0.014959573745727539,0.008174419403076172,0.0011332035064697266,0.024267196655273438,178,3,190,75,1148,552,8709
all/randm17.02.02.15.020_0030.02.aba.beta,True,5,8,0.013794898986816406,0.005873680114746094,0.0007729530334472656,0.020441532135009766,173,4,174,81,1091,606,9347
all/randm17.02.02.15.020_0030.03.aba.beta,True,9,8,0.016050100326538086,0.010585546493530273,0.0015828609466552734,0.028218507766723633,156,8,156,68,1007,931,14344
all/randm17.02.02.15.020_0030.04.aba.beta,True,4,8,0.01328277587890625,0.005639553070068359,0.0014302730560302734,0.020352602005004883,135,4,145,79,928,664,10187
all/randm17.02.02.15.020_0030.05.aba.beta,True,4,8,0.015717029571533203,0.009806394577026367,0.0012712478637695312,0.0267946720123291,167,3,168,82,1153,595,9378
all/randm17.02.02.16.020_0030.01.aba.beta,True,24,14,0.3263840675354004,1.1166682243347168,0.0017964839935302734,1.4448487758636475,3368,17,3369,182,47598,1233,18187
all/randm17.02.02.16.020_0030.02.aba.beta,True,21,14,0.17220473289489746,0.10126185417175293,0.002683877944946289,0.2761504650115967,1022,15,1058,237,10431,1899,29695
all/randm17.02.02.16.020_0030.03.aba.beta,True,22,14,0.25322675704956055,0.3935666084289551,0.002599477767944336,0.64939284324646,3116,16,3116,208,34845,1770,27095
all/randm17.02.02.16.020_0030.04.aba.beta,True,22,14,0.44356846809387207,0.6053733825683594,0.004145383834838867,1.0530872344970703,3667,14,3671,244,56491,2053,31690
all/randm17.02.02.16.020_0030.05.aba.beta,True,19,14,0.18491697311401367,0.17403197288513184,0.001451253890991211,0.3604001998901367,1585,12,1588,183,15580,1148,17161
all/randm17.02.02.17.020_0030.01.aba.beta,True,31,16,1.7739150524139404,16.096964120864868,0.005892276763916016,17.876771450042725,12833,20,12833,281,226449,3549,54653
all/randm17.02.02.17.020_0030.02.aba.beta,True,31,16,1.9294686317443848,6.229940176010132,0.005105733871459961,8.164514541625977,12374,24,12374,266,177765,3156,48318
all/randm17.02.02.17.020_0030.03.aba.beta,True,31,16,1.603592872619629,18.42072582244873,0.003652334213256836,20.027971029281616,16094,18,16094,239,288937,2454,38137
all/randm17.02.02.17.020_0030.04.aba.beta,True,29,15,1.0443787574768066,9.116092681884766,0.007778644561767578,10.16825008392334,6754,20,6754,269,131856,4597,71963
all/randm17.02.02.17.020_0030.05.aba.beta,True,29,16,0.8892676830291748,2.414108991622925,0.006827116012573242,3.310203790664673,4317,20,4317,253,59856,4451,69394
all/randm17.02.02.18.020_0030.01.aba.beta,True,9,12,0.032175540924072266,0.021970510482788086,0.0009431838989257812,0.05508923530578613,450,7,450,109,3578,747,11538
all/randm17.02.02.18.020_0030.02.aba.beta,True,17,12,0.09159660339355469,0.062009334564208984,0.0020394325256347656,0.15564537048339844,543,13,550,160,6348,1273,19553
all/randm17.02.02.18.020_0030.03.aba.beta,True,8,12,0.043966054916381836,0.0265350341796875,0.0007903575897216797,0.07129144668579102,404,5,405,102,2867,593,9039
all/randm17.02.02.18.020_0030.04.aba.beta,True,7,12,0.036217689514160156,0.01792597770690918,0.0009539127349853516,0.05509757995605469,532,5,539,126,5203,747,11573
all/randm17.02.02.18.020_0030.05.aba.beta,True,11,12,0.06157946586608887,0.036607980728149414,0.000865936279296875,0.09905338287353516,739,7,743,122,5948,679,10306
all/randm17.02.02.19.020_0030.01.aba.beta,True,19,14,0.12359881401062012,0.09889912605285645,0.0036907196044921875,0.22618865966796875,624,14,642,169,7242,2817,43627
all/randm17.02.02.19.020_0030.02.aba.beta,True,19,14,0.12155652046203613,0.12751126289367676,0.0054323673248291016,0.254500150680542,997,14,1018,188,9792,3671,57691
all/randm17.02.02.19.020_0030.03.aba.beta,True,18,14,0.16991734504699707,0.23626160621643066,0.00795435905456543,0.41413331031799316,2592,13,2592,176,24855,5016,79149
all/randm17.02.02.19.020_0030.04.aba.beta,True,12,13,0.06327652931213379,0.06007742881774902,0.0019233226776123047,0.12527728080749512,747,9,747,142,6024,1408,21355
all/randm17.02.02.19.020_0030.05.aba.beta,True,13,14,0.09966921806335449,0.08723926544189453,0.0023238658905029297,0.18923234939575195,1010,8,1018,156,10366,1634,25656
all/randm18.02.02.01.020_0030.01.aba.beta,True,19,18,0.4837026596069336,0.47399449348449707,0.0036439895629882812,0.961341142654419,3929,13,3930,258,43083,2069,31940
all/randm18.02.02.01.020_0030.02.aba.beta,True,24,16,0.5239517688751221,4.351915597915649,0.0047130584716796875,4.880580425262451,3640,17,3640,205,43254,3297,52838
all/randm18.02.02.01.020_0030.03.aba.beta,True,15,18,0.22507691383361816,0.15277957916259766,0.001178741455078125,0.37903523445129395,2250,8,2250,190,22215,906,13779
all/randm18.02.02.01.020_0030.04.aba.beta,True,19,18,0.41046571731567383,3.420302152633667,0.0020749568939208984,3.8328428268432617,3890,13,3890,214,45449,1485,22414
all/randm18.02.02.01.020_0030.05.aba.beta,True,23,18,0.7334587574005127,1.1954345703125,0.0025136470794677734,1.9314069747924805,7816,15,7816,209,92523,1579,23608
all/randm18.02.02.02.020_0030.01.aba.beta,True,14,16,0.229569673538208,0.17051291465759277,0.002317190170288086,0.40239977836608887,2045,7,2047,182,20147,1457,22969
all/randm18.02.02.02.020_0030.02.aba.beta,True,9,16,0.08984780311584473,0.05153799057006836,0.001468658447265625,0.1428544521331787,967,5,970,134,8906,1111,17268
all/randm18.02.02.02.020_0030.03.aba.beta,True,15,16,0.12772083282470703,0.09160494804382324,0.002260923385620117,0.2215867042541504,651,13,656,145,6974,1513,23897
all/randm18.02.02.02.020_0030.04.aba.beta,True,25,16,0.22631001472473145,0.18757247924804688,0.0029163360595703125,0.41679883003234863,676,19,692,158,7956,2146,32199
all/randm18.02.02.02.020_0030.05.aba.beta,True,18,16,0.48995256423950195,0.25089478492736816,0.001569509506225586,0.7424168586730957,3956,12,3976,214,49282,1198,17947
all/randm18.02.02.03.020_0030.01.aba.beta,True,18,13,0.27719545364379883,0.18698883056640625,0.0020232200622558594,0.46620750427246094,1668,12,1668,191,26087,1242,18860
all/randm18.02.02.03.020_0030.02.aba.beta,True,24,13,0.18848180770874023,0.14376115798950195,0.004587650299072266,0.33683061599731445,981,18,990,190,9812,2758,42802
all/randm18.02.02.03.020_0030.03.aba.beta,True,14,13,0.0660085678100586,0.040883779525756836,0.00142669677734375,0.10831904411315918,544,9,555,149,5354,1125,17301
all/randm18.02.02.03.020_0030.04.aba.beta,True,17,13,0.0953986644744873,0.060034990310668945,0.0015668869018554688,0.15700054168701172,543,11,548,160,5490,1184,17755
all/randm18.02.02.03.020_0030.05.aba.beta,True,25,13,0.2281947135925293,0.14645624160766602,0.0029425621032714844,0.3775935173034668,1594,20,1597,201,17602,2048,30508
all/randm18.02.02.04.020_0030.01.aba.beta,True,23,16,0.26052117347717285,0.22982072830200195,0.0028264522552490234,0.49316835403442383,1160,17,1176,177,14176,2026,31890
all/randm18.02.02.04.020_0030.02.aba.beta,True,12,16,0.08007168769836426,0.06082034111022949,0.0016527175903320312,0.14254474639892578,383,10,395,156,3233,1236,18797
all/randm18.02.02.04.020_0030.03.aba.beta,True,11,16,0.08987736701965332,0.08054828643798828,0.001852273941040039,0.17227792739868164,1031,6,1032,154,9101,1093,16896
all/randm18.02.02.04.020_0030.04.aba.beta,True,14,16,0.1212003231048584,0.15727448463439941,0.0010175704956054688,0.2794923782348633,1808,7,1810,172,17625,779,11945
all/randm18.02.02.04.020_0030.05.aba.beta,True,15,16,0.2443103790283203,0.5591785907745361,0.0015461444854736328,0.8050351142883301,3556,8,3556,180,43248,1070,16730
all/randm18.02.02.05.020_0030.01.aba.beta,True,16,14,0.14936041831970215,0.09401345252990723,0.001950979232788086,0.24532485008239746,1169,10,1181,236,15101,1391,21679
all/randm18.02.02.05.020_0030.02.aba.beta,True,24,14,0.3766489028930664,0.3693838119506836,0.0033321380615234375,0.7493648529052734,3097,18,3097,242,33312,1939,29371
all/randm18.02.02.05.020_0030.03.aba.beta,True,17,14,0.11962389945983887,0.06738996505737305,0.0018534660339355469,0.18886733055114746,420,15,426,158,4180,1333,20024
all/randm18.02.02.05.020_0030.04.aba.beta,True,22,14,0.19724392890930176,0.1997823715209961,0.0026526451110839844,0.39967894554138184,1595,16,1602,186,16031,1933,30074
all/randm18.02.02.05.020_0030.05.aba.beta,True,26,14,0.32335376739501953,0.4922208786010742,0.003124237060546875,0.8186988830566406,1990,18,1990,196,32395,2151,32129
all/randm18.02.02.06.020_0030.01.aba.beta,True,18,14,0.7258176803588867,4.885147571563721,0.0016608238220214844,5.612626075744629,6139,9,6152,235,87725,1207,18601
all/randm18.02.02.06.020_0030.02.aba.beta,True,17,14,0.2726881504058838,0.8370616436004639,0.0016620159149169922,1.1114118099212646,2983,10,2983,190,30606,1180,18142
all/randm18.02.02.06.020_0030.03.aba.beta,True,15,14,0.1393730640411377,0.07136249542236328,0.001049041748046875,0.21178460121154785,811,8,816,151,6952,771,11608
all/randm18.02.02.06.020_0030.04.aba.beta,True,17,14,0.29456353187561035,0.5253152847290039,0.0015227794647216797,0.8214015960693359,3001,10,3001,200,30700,1074,16501
all/randm18.02.02.06.020_0030.05.aba.beta,True,23,14,0.2544887065887451,0.9033336639404297,0.0033729076385498047,1.1611952781677246,1793,14,1797,201,24589,2097,32165
all/randm18.02.02.07.020_0030.01.aba.beta,True,26,16,0.41687703132629395,0.4434671401977539,0.0028679370880126953,0.8632121086120605,3698,16,3698,230,41101,2021,30406
all/randm18.02.02.07.020_0030.02.aba.beta,True,22,16,1.4256038665771484,4.702383279800415,0.005529880523681641,6.133517026901245,10821,13,10821,246,151841,2770,43925
all/randm18.02.02.07.020_0030.03.aba.beta,True,25,16,2.3004233837127686,15.210573673248291,0.006943464279174805,17.517940521240234,11376,16,11376,315,172179,4270,67572
all/randm18.02.02.07.020_0030.04.aba.beta,True,25,16,0.456052303314209,1.5218167304992676,0.005571842193603516,1.98344087600708,3367,17,3374,243,36036,3808,59851
all/randm18.02.02.07.020_0030.05.aba.beta,True,35,16,4.230905055999756,26.048818111419678,0.00816202163696289,30.287885189056396,22555,25,22555,286,301075,5171,80892
all/randm18.02.02.08.020_0030.01.aba.beta,True,14,17,0.21686816215515137,0.1930081844329834,0.001445770263671875,0.41132211685180664,4036,7,4036,182,45027,764,11527
all/randm18.02.02.08.020_0030.02.aba.beta,True,18,17,0.31583642959594727,1.54732084274292,0.0010981559753417969,1.864255428314209,6673,10,6673,182,97610,809,12124
all/randm18.02.02.08.020_0030.03.aba.beta,True,20,17,0.351909875869751,1.1635973453521729,0.001981973648071289,1.5174891948699951,3516,13,3520,193,35667,1349,20592
all/randm18.02.02.08.020_0030.04.aba.beta,True,15,17,0.8152711391448975,2.0426671504974365,0.0013575553894042969,2.8592958450317383,12770,7,12770,222,159652,836,12875
all/randm18.02.02.08.020_0030.05.aba.beta,True,19,17,0.2605876922607422,0.22195005416870117,0.0018231868743896484,0.484360933303833,1212,13,1225,203,13604,1279,19494
all/randm18.02.02.09.020_0030.01.aba.beta,True,21,12,0.14736008644104004,0.19259905815124512,0.00272369384765625,0.3426828384399414,1317,17,1317,157,14106,1833,27779
all/randm18.02.02.09.020_0030.02.aba.beta,True,20,12,0.11558914184570312,0.06773161888122559,0.004163265228271484,0.1874840259552002,596,16,596,179,10119,2566,40503
all/randm18.02.02.09.020_0030.03.aba.beta,True,16,12,0.08529424667358398,0.05092430114746094,0.0020749568939208984,0.13829350471496582,541,12,565,155,6582,1435,21411
all/randm18.02.02.09.020_0030.04.aba.beta,True,21,12,0.1201632022857666,0.09753537178039551,0.0025072097778320312,0.22020578384399414,891,15,891,163,12362,1870,28685
all/randm18.02.02.09.020_0030.05.aba.beta,True,12,11,0.04368138313293457,0.028855085372924805,0.0014777183532714844,0.07401418685913086,698,7,698,115,5702,782,11806
all/randm18.02.02.10.020_0030.01.aba.beta,True,16,14,0.16057181358337402,0.11364626884460449,0.0020432472229003906,0.2762613296508789,938,12,940,213,8646,1440,21844
all/randm18.02.02.10.020_0030.02.aba.beta,True,19,14,0.28943538665771484,0.685004472732544,0.0012636184692382812,0.9757034778594971,2990,12,2990,190,31822,950,13964
all/randm18.02.02.10.020_0030.03.aba.beta,True,23,14,0.20502758026123047,0.22777390480041504,0.0031468868255615234,0.43594837188720703,935,18,935,207,9613,1947,29463
all/randm18.02.02.10.020_0030.04.aba.beta,True,27,14,0.2503485679626465,0.27945613861083984,0.003484487533569336,0.5332891941070557,989,22,989,215,11269,2459,38133
all/randm18.02.02.10.020_0030.05.aba.beta,True,21,14,0.45452117919921875,1.513143539428711,0.0014605522155761719,1.9691252708435059,3342,13,3342,194,42058,1048,15332
all/randm18.02.02.11.020_0030.01.aba.beta,True,23,15,0.17969679832458496,0.11756229400634766,0.003350496292114258,0.3006095886230469,649,17,652,174,8602,1894,28416
all/randm18.02.02.11.020_0030.02.aba.beta,True,18,14,0.1753242015838623,0.15487051010131836,0.00220489501953125,0.3323996067047119,1097,12,1113,185,12630,1651,25521
all/randm18.02.02.11.020_0030.03.aba.beta,True,28,14,0.27016758918762207,0.20490193367004395,0.005462646484375,0.480532169342041,1071,22,1076,229,15065,3950,61900
all/randm18.02.02.11.020_0030.04.aba.beta,True,25,15,0.47760748863220215,0.5185492038726807,0.002957582473754883,0.9991142749786377,3661,18,3663,218,62508,2083,31646
all/randm18.02.02.11.020_0030.05.aba.beta,True,25,15,0.43998193740844727,0.844923734664917,0.002983570098876953,1.2878892421722412,3584,17,3584,224,50980,1865,28158
all/randm18.02.02.12.020_0030.01.aba.beta,True,14,11,0.06644129753112793,0.04064297676086426,0.0017199516296386719,0.10880422592163086,450,10,463,148,4081,1198,18142
all/randm18.02.02.12.020_0030.02.aba.beta,True,23,11,0.11759567260742188,0.09365582466125488,0.003052949905395508,0.21430444717407227,888,17,888,175,11479,2208,33790
all/randm18.02.02.12.020_0030.03.aba.beta,True,20,11,0.11659669876098633,0.0716853141784668,0.002490997314453125,0.19077301025390625,835,15,835,156,9701,1745,26203
all/randm18.02.02.12.020_0030.04.aba.beta,True,15,11,0.0645294189453125,0.03928518295288086,0.0033104419708251953,0.10712504386901855,344,12,386,181,3263,1766,27426
all/randm18.02.02.12.020_0030.05.aba.beta,True,17,11,0.08028292655944824,0.047864675521850586,0.0015251636505126953,0.12967276573181152,540,12,553,140,5690,1148,17375
all/randm18.02.02.13.020_0030.01.aba.beta,True,9,8,0.023831844329833984,0.01459813117980957,0.001817941665649414,0.04024791717529297,233,7,247,116,2809,957,14933
all/randm18.02.02.13.020_0030.02.aba.beta,True,3,8,0.01101374626159668,0.0030624866485595703,0.0009448528289794922,0.015021085739135742,169,3,170,91,2528,735,11500
all/randm18.02.02.13.020_0030.03.aba.beta,True,5,8,0.010942459106445312,0.008442401885986328,0.0016808509826660156,0.021065711975097656,180,4,181,83,1245,740,11509
all/randm18.02.02.13.020_0030.04.aba.beta,True,7,8,0.016852140426635742,0.009766578674316406,0.001161336898803711,0.02778005599975586,233,6,240,119,2841,888,14087
all/randm18.02.02.13.020_0030.05.aba.beta,True,3,8,0.006168365478515625,0.003744363784790039,0.0008301734924316406,0.010742902755737305,166,2,166,74,1704,637,10168
all/randm18.02.02.14.020_0030.01.aba.beta,True,27,15,0.30572509765625,0.6044514179229736,0.003513813018798828,0.9136903285980225,1968,22,1982,224,21462,2474,36788
all/randm18.02.02.14.020_0030.02.aba.beta,True,17,15,0.14381980895996094,0.17704510688781738,0.00380706787109375,0.32467198371887207,973,11,973,225,9285,2553,40062
all/randm18.02.02.14.020_0030.03.aba.beta,True,18,15,0.13509488105773926,0.12288451194763184,0.0052547454833984375,0.26323413848876953,644,14,657,202,6395,3180,49758
all/randm18.02.02.14.020_0030.04.aba.beta,True,27,15,0.41990017890930176,0.8703188896179199,0.005625247955322266,1.295844316482544,1934,20,1934,240,24138,3706,58045
all/randm18.02.02.14.020_0030.05.aba.beta,True,16,15,0.11210227012634277,0.11635160446166992,0.0024840831756591797,0.23093795776367188,980,13,980,204,9007,1782,27085
all/randm18.02.02.15.020_0030.01.aba.beta,True,25,15,0.32146453857421875,0.35073280334472656,0.0031156539916992188,0.6753129959106445,1977,17,1977,214,22199,2217,34072
all/randm18.02.02.15.020_0030.02.aba.beta,True,19,14,0.21276497840881348,0.27272796630859375,0.0041315555572509766,0.4896245002746582,3032,13,3032,222,33978,2532,39505
all/randm18.02.02.15.020_0030.03.aba.beta,True,25,15,0.3983919620513916,0.6356675624847412,0.005444765090942383,1.0395042896270752,1875,18,1875,211,19353,3503,54740
all/randm18.02.02.15.020_0030.04.aba.beta,True,28,15,0.29847049713134766,0.866675853729248,0.004158973693847656,1.1693053245544434,1770,22,1770,224,19624,2453,37069
all/randm18.02.02.15.020_0030.05.aba.beta,True,24,15,0.38948750495910645,0.49795031547546387,0.0059092044830322266,0.8933470249176025,3081,18,3081,262,33570,3709,58758
all/randm18.02.02.16.020_0030.01.aba.beta,True,11,14,0.0824744701385498,0.10259079933166504,0.0014307498931884766,0.18649601936340332,896,6,896,146,8249,726,11110
all/randm18.02.02.16.020_0030.02.aba.beta,True,20,14,0.16637516021728516,0.24249482154846191,0.0023691654205322266,0.4112391471862793,944,16,944,180,8848,1710,25681
all/randm18.02.02.16.020_0030.03.aba.beta,True,23,14,0.28953981399536133,0.3523743152618408,0.004080295562744141,0.6459944248199463,1632,18,1639,214,16978,2762,42077
all/randm18.02.02.16.020_0030.04.aba.beta,True,12,14,0.062131643295288086,0.04285597801208496,0.0011949539184570312,0.10618257522583008,368,8,379,154,4788,888,13548
all/randm18.02.02.16.020_0030.05.aba.beta,True,16,14,0.22317790985107422,1.0288784503936768,0.0013463497161865234,1.2534027099609375,3103,10,3103,194,36720,972,14542
all/randm18.02.02.17.020_0030.01.aba.beta,True,12,15,0.11969184875488281,0.0890512466430664,0.0009837150573730469,0.20972681045532227,930,7,930,151,8133,723,10964
all/randm18.02.02.17.020_0030.02.aba.beta,True,22,15,0.20126843452453613,0.18777680397033691,0.0027761459350585938,0.39182138442993164,1089,18,1091,233,10886,1713,25810
all/randm18.02.02.17.020_0030.03.aba.beta,True,18,15,0.13491368293762207,0.11245536804199219,0.0020105838775634766,0.24937963485717773,649,12,685,202,6465,1198,17673
all/randm18.02.02.17.020_0030.04.aba.beta,True,17,15,0.13668179512023926,0.13666391372680664,0.0013380050659179688,0.27468371391296387,910,14,912,149,7767,1017,14996
all/randm18.02.02.17.020_0030.05.aba.beta,True,15,15,0.11213922500610352,0.1245872974395752,0.001825094223022461,0.23855161666870117,941,10,941,173,8329,1086,16376
all/randm18.02.02.18.020_0030.01.aba.beta,True,4,7,0.006882905960083008,0.0033731460571289062,0.0007278919219970703,0.010983943939208984,180,3,187,83,1528,579,9056
all/randm18.02.02.18.020_0030.02.aba.beta,True,2,7,0.003679990768432617,0.0013201236724853516,0.0007791519165039062,0.005779266357421875,82,2,84,45,407,598,9484
all/randm18.02.02.18.020_0030.03.aba.beta,True,7,7,0.012666940689086914,0.008718252182006836,0.0012044906616210938,0.022589683532714844,151,6,151,72,992,842,13052
all/randm18.02.02.18.020_0030.04.aba.beta,True,4,7,0.010309219360351562,0.004904031753540039,0.0012900829315185547,0.016503334045410156,205,3,210,98,1906,614,9604
all/randm18.02.02.18.020_0030.05.aba.beta,True,3,7,0.005731344223022461,0.0025806427001953125,0.0007543563842773438,0.009066343307495117,115,3,121,70,1129,591,9226
all/randm18.02.02.19.020_0030.01.aba.beta,True,21,15,0.5052769184112549,0.3432328701019287,0.002547025680541992,0.8510568141937256,3448,13,3448,196,38735,1687,25845
all/randm18.02.02.19.020_0030.02.aba.beta,True,16,15,0.18524980545043945,0.3803105354309082,0.0014193058013916016,0.5669796466827393,1767,11,1767,179,17604,1064,16090
all/randm18.02.02.19.020_0030.03.aba.beta,True,25,15,0.30918359756469727,0.32667040824890137,0.003512144088745117,0.6393661499023438,1732,20,1743,214,17370,2216,32926
all/randm18.02.02.19.020_0030.04.aba.beta,True,15,15,0.23513078689575195,0.15804529190063477,0.0008831024169921875,0.3940591812133789,3672,6,3673,164,39762,693,10480
all/randm18.02.02.19.020_0030.05.aba.beta,True,13,15,0.10012555122375488,0.06120109558105469,0.0011014938354492188,0.1624281406402588,600,9,608,134,6337,809,12193
all/randm19.02.02.01.020_0030.01.aba.beta,True,21,16,0.16861963272094727,0.12795138359069824,0.003064870834350586,0.2996358871459961,1169,15,1169,198,11217,2051,31811
all/randm19.02.02.01.020_0030.02.aba.beta,True,18,16,0.15703511238098145,0.1902761459350586,0.0024280548095703125,0.34973931312561035,2008,11,2008,191,20675,1413,21453
all/randm19.02.02.01.020_0030.03.aba.beta,True,13,16,0.19114422798156738,0.13535213470458984,0.0011417865753173828,0.3276381492614746,3633,7,3640,199,39022,767,11641
all/randm19.02.02.01.020_0030.04.aba.beta,True,13,16,0.13927841186523438,0.14398717880249023,0.003008604049682617,0.2862741947174072,1033,8,1057,175,9708,2084,33272
all/randm19.02.02.01.020_0030.05.aba.beta,True,28,16,0.6909284591674805,2.5923516750335693,0.0033097267150878906,3.2865898609161377,3897,18,3931,251,53756,2281,35309
all/randm19.02.02.02.020_0030.01.aba.beta,True,24,15,0.4483065605163574,9.10802960395813,0.004515171051025391,9.560851335525513,3299,17,3299,253,43468,2806,43293
all/randm19.02.02.02.020_0030.02.aba.beta,True,24,15,0.6672928333282471,6.51111626625061,0.0031926631927490234,7.1816017627716064,5952,16,5952,224,66168,2004,30575
all/randm19.02.02.02.020_0030.03.aba.beta,True,16,15,1.094641923904419,73.05411338806152,0.0017910003662109375,74.15054631233215,18462,7,18462,228,283168,1198,18742
all/randm19.02.02.02.020_0030.04.aba.beta,True,35,15,0.7548980712890625,17.700936794281006,0.005896091461181641,18.46173095703125,5520,28,5520,307,61407,3861,59207
all/randm19.02.02.02.020_0030.05.aba.beta,True,24,15,1.3659515380859375,14.608529806137085,0.0028421878814697266,15.977323532104492,20016,13,20016,235,263591,2071,31824
all/randm19.02.02.03.020_0030.01.aba.beta,True,10,11,0.043968915939331055,0.02705693244934082,0.0019352436065673828,0.07296109199523926,447,8,447,146,5252,1512,23320
all/randm19.02.02.03.020_0030.02.aba.beta,True,4,11,0.018053531646728516,0.007995128631591797,0.0009088516235351562,0.02695751190185547,225,4,235,118,1714,701,10909
all/randm19.02.02.03.020_0030.03.aba.beta,True,7,11,0.024013280868530273,0.012427806854248047,0.0010745525360107422,0.03751564025878906,336,5,340,117,4368,814,12634
all/randm19.02.02.03.020_0030.04.aba.beta,True,6,11,0.02641749382019043,0.012154340744018555,0.0011744499206542969,0.03974628448486328,243,6,251,123,2334,795,12611
all/randm19.02.02.03.020_0030.05.aba.beta,True,12,11,0.04418349266052246,0.0385279655456543,0.0017321109771728516,0.08444356918334961,731,8,731,155,7272,1310,20274
all/randm19.02.02.04.020_0030.01.aba.beta,True,14,10,0.044342041015625,0.04120469093322754,0.002196788787841797,0.08774352073669434,614,11,614,146,5207,1694,26299
all/randm19.02.02.04.020_0030.02.aba.beta,True,11,10,0.03767681121826172,0.0212399959564209,0.000997304916381836,0.05991411209106445,401,8,401,99,3503,751,11147
all/randm19.02.02.04.020_0030.03.aba.beta,True,10,10,0.04994344711303711,0.038419485092163086,0.0012707710266113281,0.08963370323181152,741,6,742,145,8224,998,15488
all/randm19.02.02.04.020_0030.04.aba.beta,True,13,10,0.0568079948425293,0.05184221267700195,0.0012519359588623047,0.10990214347839355,605,9,610,169,5258,905,13857
all/randm19.02.02.04.020_0030.05.aba.beta,True,15,10,0.07019877433776855,0.05260348320007324,0.0011093616485595703,0.12391161918640137,923,11,923,137,7945,870,13206
all/randm19.02.02.05.020_0030.01.aba.beta,True,18,13,0.15518879890441895,0.20960640907287598,0.0019373893737792969,0.3667325973510742,898,13,898,180,9695,1446,21902
all/randm19.02.02.05.020_0030.02.aba.beta,True,15,13,0.12151288986206055,0.11591887474060059,0.0023844242095947266,0.23981618881225586,855,10,862,169,7216,1265,19130
all/randm19.02.02.05.020_0030.03.aba.beta,True,9,13,0.1346893310546875,0.1379542350769043,0.0007805824279785156,0.2734241485595703,2700,4,2703,169,27750,613,9409
all/randm19.02.02.05.020_0030.04.aba.beta,True,15,13,0.08460044860839844,0.14548349380493164,0.0012629032135009766,0.23134684562683105,1322,10,1322,167,11583,921,13797
all/randm19.02.02.05.020_0030.05.aba.beta,True,12,13,0.07461190223693848,0.11310672760009766,0.0012886524200439453,0.18900728225708008,739,7,742,146,5926,973,15051
all/randm19.02.02.06.020_0030.01.aba.beta,True,13,15,0.10880565643310547,0.08230352401733398,0.0016126632690429688,0.19272184371948242,689,10,701,169,6083,1116,17096
all/randm19.02.02.06.020_0030.02.aba.beta,True,11,15,0.0979301929473877,0.06366467475891113,0.0009207725524902344,0.16251564025878906,1041,6,1048,134,9522,728,11192
all/randm19.02.02.06.020_0030.03.aba.beta,True,14,15,0.07400822639465332,0.06474423408508301,0.0008490085601806641,0.139601469039917,980,9,1010,152,8534,666,9777
all/randm19.02.02.06.020_0030.04.aba.beta,True,6,15,0.05528616905212402,0.030279159545898438,0.0007343292236328125,0.08629965782165527,937,2,955,147,7944,555,8838
all/randm19.02.02.06.020_0030.05.aba.beta,True,12,15,0.07197093963623047,0.048880815505981445,0.0011327266693115234,0.12198448181152344,590,9,610,132,5532,778,11741
all/randm19.02.02.07.020_0030.01.aba.beta,True,21,14,0.25084686279296875,0.64646315574646,0.0031337738037109375,0.9004437923431396,2644,15,2644,214,25782,2253,34830
all/randm19.02.02.07.020_0030.02.aba.beta,True,13,13,0.1374378204345703,0.2080526351928711,0.0022029876708984375,0.34769344329833984,2364,8,2364,204,22805,1421,21793
all/randm19.02.02.07.020_0030.03.aba.beta,True,21,14,0.23367857933044434,1.3921499252319336,0.0032165050506591797,1.629045009613037,4692,15,4692,240,49184,2191,33302
all/randm19.02.02.07.020_0030.04.aba.beta,True,20,13,0.2448139190673828,0.5796287059783936,0.0040569305419921875,0.8284995555877686,2431,15,2431,266,24086,2579,39789
all/randm19.02.02.07.020_0030.05.aba.beta,True,18,13,0.13525652885437012,0.10725879669189453,0.003186941146850586,0.24570226669311523,586,15,590,239,6464,2350,36818
all/randm19.02.02.08.020_0030.01.aba.beta,True,12,10,0.052516937255859375,0.048616647720336914,0.0015368461608886719,0.10267043113708496,630,9,630,128,6265,862,13094
all/randm19.02.02.08.020_0030.02.aba.beta,True,12,10,0.0487370491027832,0.03879976272583008,0.0014944076538085938,0.08903121948242188,273,9,276,143,2433,1129,17327
all/randm19.02.02.08.020_0030.03.aba.beta,True,9,10,0.043972015380859375,0.03138422966003418,0.0008382797241210938,0.07619452476501465,608,5,608,138,4809,659,10127
all/randm19.02.02.08.020_0030.04.aba.beta,True,11,10,0.03839111328125,0.029989242553710938,0.0012409687042236328,0.06962132453918457,352,9,355,131,2914,932,14221
all/randm19.02.02.08.020_0030.05.aba.beta,True,10,10,0.0427098274230957,0.03531837463378906,0.002936840057373047,0.08096504211425781,358,8,359,149,2910,1917,29911
all/randm19.02.02.09.020_0030.01.aba.beta,True,24,16,0.17197871208190918,0.23196196556091309,0.004904747009277344,0.4088454246520996,1985,17,1985,177,26258,3671,56411
all/randm19.02.02.09.020_0030.02.aba.beta,True,24,17,0.2893412113189697,0.3328120708465576,0.005053043365478516,0.6272063255310059,1285,18,1315,240,15353,3532,55796
all/randm19.02.02.09.020_0030.03.aba.beta,True,21,17,0.4869229793548584,0.3474280834197998,0.004968404769897461,0.8393194675445557,2403,13,2420,233,30702,2775,43280
all/randm19.02.02.09.020_0030.04.aba.beta,True,22,17,0.18932461738586426,0.1473376750946045,0.0052013397216796875,0.34186363220214844,790,18,802,203,8539,3376,52374
all/randm19.02.02.09.020_0030.05.aba.beta,True,23,17,0.1654372215270996,0.1113288402557373,0.0031058788299560547,0.27987194061279297,589,19,621,169,7535,2218,33511
all/randm19.02.02.10.020_0030.01.aba.beta,True,14,13,0.14774179458618164,0.15534424781799316,0.0019481182098388672,0.30503416061401367,1630,8,1630,182,16912,1225,19129
all/randm19.02.02.10.020_0030.02.aba.beta,True,17,13,0.09928536415100098,0.06977248191833496,0.002089262008666992,0.17114710807800293,354,14,354,145,3204,1345,20504
all/randm19.02.02.10.020_0030.03.aba.beta,True,14,13,0.10953044891357422,0.11330842971801758,0.0015985965728759766,0.22443747520446777,839,8,842,174,7413,1228,18677
all/randm19.02.02.10.020_0030.04.aba.beta,True,20,13,0.27269625663757324,0.44963765144348145,0.0020956993103027344,0.7244296073913574,2734,14,2736,186,29769,1510,23529
all/randm19.02.02.10.020_0030.05.aba.beta,True,25,13,0.2852134704589844,0.40577054023742676,0.004617214202880859,0.695601224899292,1501,19,1501,220,16984,3047,46870
all/randm19.02.02.11.020_0030.01.aba.beta,True,29,16,0.7130484580993652,2.269901990890503,0.004857063293457031,2.987807512283325,6272,21,6272,288,87382,2816,42656
all/randm19.02.02.11.020_0030.02.aba.beta,True,21,15,0.22159028053283691,0.3469669818878174,0.003524303436279297,0.5720815658569336,1794,16,1794,210,28014,2389,37045
all/randm19.02.02.11.020_0030.03.aba.beta,True,20,16,0.24388337135314941,0.2636559009552002,0.0027375221252441406,0.5102767944335938,1976,15,1976,181,27147,1932,29170
all/randm19.02.02.11.020_0030.04.aba.beta,True,37,16,0.5860331058502197,0.7107317447662354,0.005054950714111328,1.3018198013305664,1391,27,1401,228,18915,3352,49756
all/randm19.02.02.11.020_0030.05.aba.beta,True,26,16,0.42920398712158203,0.5359864234924316,0.003666400909423828,0.9688568115234375,2035,18,2035,236,24998,2246,34496
all/randm19.02.02.12.020_0030.01.aba.beta,True,8,13,0.05547618865966797,0.03357243537902832,0.0009615421295166016,0.09001016616821289,841,3,854,133,7058,678,10668
all/randm19.02.02.12.020_0030.02.aba.beta,True,9,13,0.04470562934875488,0.03816652297973633,0.0010013580322265625,0.08387351036071777,749,6,756,131,6170,650,9987
all/randm19.02.02.12.020_0030.03.aba.beta,True,12,13,0.06036043167114258,0.042911529541015625,0.0011403560638427734,0.10441231727600098,484,10,487,120,4049,815,12241
all/randm19.02.02.12.020_0030.04.aba.beta,True,20,13,0.1496291160583496,0.11046290397644043,0.003765106201171875,0.2638571262359619,846,16,852,172,7977,2372,37281
all/randm19.02.02.12.020_0030.05.aba.beta,True,5,13,0.03427290916442871,0.01659393310546875,0.0007641315460205078,0.05163097381591797,778,2,780,110,6207,544,8638
all/randm19.02.02.13.020_0030.01.aba.beta,True,1,3,0.00043201446533203125,0.0003058910369873047,0.0006594657897949219,0.0013973712921142578,32,1,32,24,112,536,8593
all/randm19.02.02.13.020_0030.02.aba.beta,True,1,3,0.0004324913024902344,0.0002989768981933594,0.0007190704345703125,0.0014505386352539062,31,1,31,24,106,525,8523
all/randm19.02.02.13.020_0030.03.aba.beta,True,1,3,0.0004062652587890625,0.0002911090850830078,0.0007033348083496094,0.0014007091522216797,31,1,31,23,106,542,8617
all/randm19.02.02.13.020_0030.04.aba.beta,True,1,3,0.0004184246063232422,0.00031256675720214844,0.0007050037384033203,0.001435995101928711,31,1,31,26,106,535,8591
all/randm19.02.02.13.020_0030.05.aba.beta,True,1,3,0.0004258155822753906,0.0003142356872558594,0.0007009506225585938,0.0014410018920898438,31,1,31,26,106,542,8621
all/randm19.02.02.14.020_0030.01.aba.beta,True,16,11,0.052498817443847656,0.055115699768066406,0.001863241195678711,0.10947775840759277,668,13,671,155,5713,1421,21823
all/randm19.02.02.14.020_0030.02.aba.beta,True,9,11,0.026794910430908203,0.015596628189086914,0.0010590553283691406,0.04345059394836426,298,7,304,111,2931,850,12811
all/randm19.02.02.14.020_0030.03.aba.beta,True,8,11,0.038689613342285156,0.024630308151245117,0.0010905265808105469,0.06441044807434082,762,4,762,130,9327,746,11695
all/randm19.02.02.14.020_0030.04.aba.beta,True,11,11,0.04085588455200195,0.020304441452026367,0.0013561248779296875,0.06251645088195801,439,8,453,120,3477,957,14491
all/randm19.02.02.14.020_0030.05.aba.beta,True,11,11,0.035111188888549805,0.023454666137695312,0.001674652099609375,0.06024050712585449,266,10,268,91,2223,880,13230
all/randm19.02.02.15.020_0030.01.aba.beta,True,29,16,1.5077426433563232,20.052124738693237,0.004563570022583008,21.564430952072144,7489,20,7489,269,131097,2870,45303
all/randm19.02.02.15.020_0030.02.aba.beta,True,20,16,0.6039655208587646,3.8334357738494873,0.00125885009765625,4.438660144805908,6642,12,6642,177,89673,925,13669
all/randm19.02.02.15.020_0030.03.aba.beta,True,18,16,1.0071358680725098,3.1232967376708984,0.002450704574584961,4.132883310317993,11817,9,11817,227,145663,1654,25472
all/randm19.02.02.15.020_0030.04.aba.beta,True,19,16,0.4363529682159424,0.5613937377929688,0.0018362998962402344,0.9995830059051514,3396,11,3396,206,36997,1324,20777
all/randm19.02.02.15.020_0030.05.aba.beta,True,31,16,1.4444117546081543,2.2839269638061523,0.0076045989990234375,3.73594331741333,7378,22,7378,265,96730,4507,70453
all/randm19.02.02.16.020_0030.01.aba.beta,True,25,16,0.30095958709716797,0.81624436378479,0.0033669471740722656,1.1205708980560303,1982,18,1992,211,24703,2155,33937
all/randm19.02.02.16.020_0030.02.aba.beta,True,24,16,0.3159780502319336,0.3129923343658447,0.003232240676879883,0.6322026252746582,2053,17,2053,184,27162,2202,33420
all/randm19.02.02.16.020_0030.03.aba.beta,True,21,16,0.5066535472869873,0.8987245559692383,0.0035462379455566406,1.4089243412017822,3395,14,3397,212,35336,2050,32483
all/randm19.02.02.16.020_0030.04.aba.beta,True,21,16,0.2526285648345947,0.1956801414489746,0.003995656967163086,0.4523043632507324,1094,15,1094,214,10153,2390,36827
all/randm19.02.02.16.020_0030.05.aba.beta,True,22,16,0.19517803192138672,0.18662071228027344,0.0033190250396728516,0.385117769241333,1845,16,1845,179,17971,2265,34972
all/randm19.02.02.17.020_0030.01.aba.beta,True,24,17,0.38007068634033203,0.8933825492858887,0.004471778869628906,1.2779250144958496,3431,19,3431,245,36448,3041,46831
all/randm19.02.02.17.020_0030.02.aba.beta,True,26,16,0.31199216842651367,0.49344682693481445,0.005201816558837891,0.810640811920166,2096,18,2096,227,23168,3163,48900
all/randm19.02.02.17.020_0030.03.aba.beta,True,29,17,1.9118154048919678,19.95962142944336,0.005013704299926758,21.876450538635254,12367,21,12367,257,170406,3297,51519
all/randm19.02.02.17.020_0030.04.aba.beta,True,34,16,1.789973497390747,12.793783903121948,0.005157470703125,14.58891487121582,11826,24,11826,268,144170,3169,49116
all/randm19.02.02.17.020_0030.05.aba.beta,True,29,17,0.2956235408782959,0.4861130714416504,0.0048732757568359375,0.7866098880767822,2269,20,2283,237,26733,3086,48420
all/randm19.02.02.18.020_0030.01.aba.beta,True,5,5,0.003962993621826172,0.0021626949310302734,0.0011408329010009766,0.007266521453857422,79,5,81,54,595,898,14066
all/randm19.02.02.18.020_0030.02.aba.beta,True,3,5,0.0026826858520507812,0.0013272762298583984,0.0007023811340332031,0.004712343215942383,60,3,61,41,352,557,8756
all/randm19.02.02.18.020_0030.03.aba.beta,True,4,5,0.004364013671875,0.0031423568725585938,0.0015790462493896484,0.009085416793823242,128,3,128,79,1328,610,9585
all/randm19.02.02.18.020_0030.04.aba.beta,True,6,5,0.005938291549682617,0.0031881332397460938,0.0009160041809082031,0.010042428970336914,86,6,86,56,908,733,11082
all/randm19.02.02.18.020_0030.05.aba.beta,True,5,5,0.005135297775268555,0.0026645660400390625,0.0013332366943359375,0.009133100509643555,98,5,99,72,1082,1011,15919
all/randm19.02.02.19.020_0030.01.aba.beta,True,33,17,0.5988836288452148,4.38946795463562,0.003355264663696289,4.991706848144531,3977,23,3977,235,44494,2506,37613
all/randm19.02.02.19.020_0030.02.aba.beta,True,24,17,0.8353986740112305,10.74418020248413,0.0021653175354003906,11.581744194030762,11318,15,11318,236,133095,1427,21710
all/randm19.02.02.19.020_0030.03.aba.beta,True,26,17,0.483837366104126,0.4462618827819824,0.003008127212524414,0.9331073760986328,3700,19,3703,266,42633,2184,32952
all/randm19.02.02.19.020_0030.04.aba.beta,True,20,17,0.5143768787384033,0.6344177722930908,0.0030667781829833984,1.1518614292144775,4080,11,4081,219,47217,1695,26254
all/randm19.02.02.19.020_0030.05.aba.beta,True,26,17,1.0178744792938232,4.679772853851318,0.0035829544067382812,5.70123028755188,4078,16,4078,267,46222,2373,36591
all/randm20.02.02.01.020_0030.01.aba.beta,True,19,18,0.2286984920501709,0.2841451168060303,0.0029134750366210938,0.5157570838928223,1349,12,1364,207,13536,1761,27376
all/randm20.02.02.01.020_0030.02.aba.beta,True,30,18,1.3948512077331543,11.811052322387695,0.0036482810974121094,13.209551811218262,14137,22,14138,249,195079,2442,36859
all/randm20.02.02.01.020_0030.03.aba.beta,True,20,18,0.2825946807861328,0.660444974899292,0.0019245147705078125,0.9449641704559326,2346,13,2354,205,25000,1482,22063
all/randm20.02.02.01.020_0030.04.aba.beta,True,17,18,0.852064847946167,3.799757719039917,0.002062082290649414,4.653884649276733,7215,9,7217,223,94605,1379,21073
all/randm20.02.02.01.020_0030.05.aba.beta,True,24,18,0.3221137523651123,0.21229910850524902,0.002871990203857422,0.5372848510742188,1373,17,1379,205,17965,1789,27075
all/randm20.02.02.02.020_0030.01.aba.beta,True,22,18,0.5218400955200195,2.8279757499694824,0.0031468868255615234,3.3529627323150635,4031,15,4031,203,43224,1837,28091
all/randm20.02.02.02.020_0030.02.aba.beta,True,19,17,0.5197818279266357,0.9957029819488525,0.0020112991333007812,1.517496109008789,3975,11,3975,192,43335,1062,16181
all/randm20.02.02.02.020_0030.03.aba.beta,True,24,18,0.4815387725830078,1.4082133769989014,0.003821134567260742,1.89357328414917,2286,18,2291,216,24900,2411,37594
all/randm20.02.02.02.020_0030.04.aba.beta,True,20,18,0.33959317207336426,0.31016969680786133,0.002180337905883789,0.6519432067871094,2246,14,2246,219,23729,1491,22606
all/randm20.02.02.02.020_0030.05.aba.beta,True,11,18,0.33082079887390137,0.6063849925994873,0.0007593631744384766,0.9379651546478271,4208,3,4208,165,47158,565,8781
all/randm20.02.02.03.020_0030.01.aba.beta,True,25,16,0.7488555908203125,0.9734838008880615,0.0053255558013916016,1.7276649475097656,3938,17,3939,273,51051,3609,56059
all/randm20.02.02.03.020_0030.02.aba.beta,True,23,16,0.751457929611206,1.6568708419799805,0.005425691604614258,2.413754463195801,3985,15,3985,221,50603,3657,57561
all/randm20.02.02.03.020_0030.03.aba.beta,True,20,15,0.6278736591339111,2.27988338470459,0.0023856163024902344,2.910142660140991,9273,13,9273,221,111773,1363,20695
all/randm20.02.02.03.020_0030.04.aba.beta,True,28,16,0.8994119167327881,0.8235301971435547,0.0059757232666015625,1.7289178371429443,7436,20,7436,259,100890,4116,63478
all/randm20.02.02.03.020_0030.05.aba.beta,True,23,16,0.6744246482849121,3.663987398147583,0.001962900161743164,4.340374946594238,7421,14,7421,231,113436,1435,21789
all/randm20.02.02.04.020_0030.01.aba.beta,True,13,13,0.11591339111328125,0.09676933288574219,0.0017735958099365234,0.21445631980895996,1509,7,1509,130,14288,789,12096
all/randm20.02.02.04.020_0030.02.aba.beta,True,13,13,0.10841917991638184,0.055863380432128906,0.0009953975677490234,0.16527795791625977,943,6,951,128,9132,763,11787
all/randm20.02.02.04.020_0030.03.aba.beta,True,11,13,0.04294562339782715,0.03178668022155762,0.0012657642364501953,0.07599806785583496,753,6,753,126,6314,671,10089
all/randm20.02.02.04.020_0030.04.aba.beta,True,13,13,0.14825010299682617,0.06224226951599121,0.001430511474609375,0.21192288398742676,1562,6,1571,184,16908,1059,16558
all/randm20.02.02.04.020_0030.05.aba.beta,True,16,13,0.11689901351928711,0.10219097137451172,0.0017673969268798828,0.2208573818206787,900,12,900,177,10839,1309,19620
all/randm20.02.02.05.020_0030.01.aba.beta,True,34,16,0.3388359546661377,0.5285642147064209,0.0046329498291015625,0.8720331192016602,2102,28,2125,217,27605,3216,48881
all/randm20.02.02.05.020_0030.02.aba.beta,True,19,15,0.2711482048034668,0.3971402645111084,0.002302408218383789,0.670590877532959,1812,14,1815,215,17861,1694,26588
all/randm20.02.02.05.020_0030.03.aba.beta,True,29,16,0.5861904621124268,0.6779935359954834,0.002925395965576172,1.2671093940734863,3989,21,3990,191,54083,2107,32484
all/randm20.02.02.05.020_0030.04.aba.beta,True,32,16,0.2650754451751709,0.24982142448425293,0.006185770034790039,0.5210826396942139,819,28,826,238,10659,4365,67118
all/randm20.02.02.05.020_0030.05.aba.beta,True,22,16,0.32656311988830566,0.8650898933410645,0.0022125244140625,1.1938655376434326,3141,17,3147,199,32493,1570,23370
all/randm20.02.02.06.020_0030.01.aba.beta,True,23,17,0.4185969829559326,0.3765106201171875,0.004528522491455078,0.7996361255645752,2291,15,2297,228,32094,3018,47574
all/randm20.02.02.06.020_0030.02.aba.beta,True,22,17,0.3180656433105469,0.3458113670349121,0.0028429031372070312,0.666719913482666,1435,16,1459,237,16061,2047,31597
all/randm20.02.02.06.020_0030.03.aba.beta,True,26,17,0.6221630573272705,0.7804439067840576,0.0037183761596679688,1.406325340270996,2223,18,2229,204,23164,2797,42545
all/randm20.02.02.06.020_0030.04.aba.beta,True,26,17,0.4209871292114258,0.42406201362609863,0.0054056644439697266,0.8504548072814941,2253,18,2259,239,32861,3129,48400
all/randm20.02.02.06.020_0030.05.aba.beta,True,16,17,0.46706223487854004,1.2847425937652588,0.0015749931335449219,1.7533798217773438,6682,9,6682,214,77403,1065,15970
all/randm20.02.02.07.020_0030.01.aba.beta,True,23,17,0.32489466667175293,0.25274085998535156,0.002789020538330078,0.5804245471954346,2257,15,2258,240,25053,2110,32556
all/randm20.02.02.07.020_0030.02.aba.beta,True,27,17,0.38478851318359375,0.9576816558837891,0.0032935142517089844,1.3457636833190918,2199,21,2211,212,22535,1812,27095
all/randm20.02.02.07.020_0030.03.aba.beta,True,19,17,0.2693939208984375,0.19180774688720703,0.004082202911376953,0.4652838706970215,1254,13,1265,212,15044,2883,44843
all/randm20.02.02.07.020_0030.04.aba.beta,True,18,17,0.34060144424438477,0.2639186382293701,0.0013883113861083984,0.6059083938598633,2213,10,2254,202,24018,974,14997
all/randm20.02.02.07.020_0030.05.aba.beta,True,23,17,0.4312312602996826,1.2286128997802734,0.0033998489379882812,1.6632440090179443,3899,16,3899,210,43975,2310,35693
all/randm20.02.02.08.020_0030.01.aba.beta,True,21,15,0.16379380226135254,0.10898494720458984,0.002155780792236328,0.2749345302581787,677,15,680,163,8059,1608,24687
all/randm20.02.02.08.020_0030.02.aba.beta,True,10,15,0.08251810073852539,0.06107759475708008,0.0011894702911376953,0.14478516578674316,930,6,934,161,7939,934,14410
all/randm20.02.02.08.020_0030.03.aba.beta,True,14,15,0.0853273868560791,0.05973625183105469,0.0023813247680664062,0.1474449634552002,605,11,617,173,6844,1477,22670
all/randm20.02.02.08.020_0030.04.aba.beta,True,21,15,0.13849711418151855,0.12749791145324707,0.0034990310668945312,0.26949405670166016,708,19,726,213,8663,2340,35695
all/randm20.02.02.08.020_0030.05.aba.beta,True,20,15,0.16256189346313477,0.11727237701416016,0.0038194656372070312,0.28365373611450195,584,18,603,232,5686,2724,41866
all/randm20.02.02.09.020_0030.01.aba.beta,True,28,16,1.0360455513000488,8.038021564483643,0.004834175109863281,9.078901290893555,7686,19,7686,219,134259,2933,45571
all/randm20.02.02.09.020_0030.02.aba.beta,True,24,16,0.5853161811828613,1.4441146850585938,0.005457162857055664,2.0348880290985107,3527,16,3527,218,36768,3164,49648
all/randm20.02.02.09.020_0030.03.aba.beta,True,27,16,0.28063440322875977,0.23720169067382812,0.004334688186645508,0.5221707820892334,1164,20,1170,213,12906,3406,52764
all/randm20.02.02.09.020_0030.04.aba.beta,True,27,17,0.6960535049438477,1.2687325477600098,0.0028259754180908203,1.9676120281219482,4482,18,4482,231,61435,1895,29156
all/randm20.02.02.09.020_0030.05.aba.beta,True,36,17,0.5886023044586182,1.854050874710083,0.007730722427368164,2.4503839015960693,4138,27,4146,282,51197,4702,73995
all/randm20.02.02.10.020_0030.01.aba.beta,True,11,12,0.04808473587036133,0.030956745147705078,0.002166748046875,0.0812082290649414,443,9,445,128,3835,1066,16268
all/randm20.02.02.10.020_0030.02.aba.beta,True,14,12,0.06201457977294922,0.04055023193359375,0.0025835037231445312,0.1051483154296875,336,12,337,132,3943,1391,21936
all/randm20.02.02.10.020_0030.03.aba.beta,True,10,12,0.0515446662902832,0.028716325759887695,0.001220703125,0.0814816951751709,480,7,483,122,5504,864,13282
all/randm20.02.02.10.020_0030.04.aba.beta,True,11,12,0.049823760986328125,0.03185272216796875,0.0010869503021240234,0.0827634334564209,402,8,403,116,3078,750,11308
all/randm20.02.02.10.020_0030.05.aba.beta,True,12,12,0.06712460517883301,0.03578329086303711,0.001245737075805664,0.10415363311767578,466,10,472,134,4038,919,13513
all/randm20.02.02.11.020_0030.01.aba.beta,True,17,19,0.8951215744018555,2.508925199508667,0.0021674633026123047,3.4062142372131348,8011,10,8024,241,93332,1073,16093
all/randm20.02.02.11.020_0030.02.aba.beta,True,23,19,0.4453575611114502,1.3497159481048584,0.002169370651245117,1.7972428798675537,3899,15,3903,205,40216,1491,22504
all/randm20.02.02.11.020_0030.03.aba.beta,True,15,18,0.1586439609527588,0.12622666358947754,0.0015902519226074219,0.28646087646484375,1436,9,1475,226,14020,1117,17112
all/randm20.02.02.11.020_0030.04.aba.beta,True,23,19,0.5709164142608643,1.6121366024017334,0.0036592483520507812,2.1867122650146484,3934,16,3934,235,41229,2654,41578
all/randm20.02.02.11.020_0030.05.aba.beta,True,13,19,0.1410079002380371,0.13702106475830078,0.001302480697631836,0.2793314456939697,2215,7,2222,166,20999,647,9575
all/randm20.02.02.12.020_0030.01.aba.beta,True,19,16,1.249321460723877,5.177147388458252,0.0045969486236572266,6.431065797805786,12181,10,12181,231,160843,2687,42100
all/randm20.02.02.12.020_0030.02.aba.beta,True,28,16,0.3037116527557373,0.4484260082244873,0.0034389495849609375,0.7555766105651855,1226,22,1226,226,16460,2691,40604
all/randm20.02.02.12.020_0030.03.aba.beta,True,19,16,0.2753334045410156,0.3805229663848877,0.0014870166778564453,0.6573433876037598,3907,11,3924,188,43826,823,12090
all/randm20.02.02.12.020_0030.04.aba.beta,True,15,16,0.7053582668304443,0.7405009269714355,0.0015327930450439453,1.4473919868469238,11563,7,11565,219,143973,1126,17542
all/randm20.02.02.12.020_0030.05.aba.beta,True,22,16,0.3652927875518799,1.1882867813110352,0.0022470951080322266,1.5558266639709473,3464,16,3464,207,38350,1656,24746
all/randm20.02.02.13.020_0030.01.aba.beta,True,30,15,0.9385673999786377,4.305257558822632,0.004487276077270508,5.24831223487854,6500,22,6500,260,100696,2954,46628
all/randm20.02.02.13.020_0030.02.aba.beta,True,29,15,0.31121206283569336,0.30158066749572754,0.004091501235961914,0.6168842315673828,1271,20,1271,222,17404,2885,45100
all/randm20.02.02.13.020_0030.03.aba.beta,True,33,14,0.3530759811401367,1.1585805416107178,0.0048656463623046875,1.5165221691131592,1903,27,1920,242,26219,2775,43809
all/randm20.02.02.13.020_0030.04.aba.beta,True,25,14,0.29920148849487305,0.25939083099365234,0.0045623779296875,0.5631546974182129,1739,20,1742,238,19777,3248,50693
all/randm20.02.02.13.020_0030.05.aba.beta,True,14,14,0.1718735694885254,0.19038629531860352,0.0020241737365722656,0.36428403854370117,2868,7,2868,203,29613,1451,22731
all/randm20.02.02.14.020_0030.01.aba.beta,True,14,15,0.12205672264099121,0.09834146499633789,0.0012028217315673828,0.22160100936889648,994,8,994,145,9870,927,14129
all/randm20.02.02.14.020_0030.02.aba.beta,True,25,15,0.2934863567352295,0.6999189853668213,0.003561735153198242,0.996967077255249,1769,18,1772,214,19664,2384,36683
all/randm20.02.02.14.020_0030.03.aba.beta,True,20,15,0.15763282775878906,0.16396164894104004,0.0017328262329101562,0.32332730293273926,1792,15,1792,178,18365,1262,18592
all/randm20.02.02.14.020_0030.04.aba.beta,True,25,15,0.30323266983032227,0.5476589202880859,0.003622770309448242,0.8545143604278564,1917,18,1921,212,22956,2089,31579
all/randm20.02.02.14.020_0030.05.aba.beta,True,23,15,0.27260851860046387,0.2682950496673584,0.0021407604217529297,0.5430443286895752,1862,16,1865,201,19291,1528,22708
all/randm20.02.02.15.020_0030.01.aba.beta,True,13,15,0.0775909423828125,0.07359933853149414,0.0011734962463378906,0.15236377716064453,923,9,923,149,7824,830,12306
all/randm20.02.02.15.020_0030.02.aba.beta,True,15,16,0.09429645538330078,0.0761263370513916,0.0017116069793701172,0.1721343994140625,620,11,620,145,5421,1220,18446
all/randm20.02.02.15.020_0030.03.aba.beta,True,16,16,0.12326669692993164,0.09097623825073242,0.0020635128021240234,0.21630644798278809,654,11,683,169,5482,1386,20821
all/randm20.02.02.15.020_0030.04.aba.beta,True,22,16,0.2910137176513672,0.9203479290008545,0.002154827117919922,1.2135164737701416,3137,16,3137,207,30778,1521,22974
all/randm20.02.02.15.020_0030.05.aba.beta,True,21,16,0.41915273666381836,0.5891728401184082,0.0034661293029785156,1.011791706085205,3540,14,3543,243,37269,2152,33775
all/randm20.02.02.16.020_0030.01.aba.beta,True,19,13,0.23080062866210938,0.3998441696166992,0.0023031234741210938,0.6329479217529297,2736,14,2736,184,31890,1282,19212
all/randm20.02.02.16.020_0030.02.aba.beta,True,27,13,0.29654908180236816,0.6133735179901123,0.0048406124114990234,0.9147632122039795,1800,20,1814,214,25520,2970,45707
all/randm20.02.02.16.020_0030.03.aba.beta,True,18,13,0.4472222328186035,0.28722715377807617,0.0014355182647705078,0.7358849048614502,5500,10,5502,216,68852,1000,15184
all/randm20.02.02.16.020_0030.04.aba.beta,True,16,13,0.12007474899291992,0.13623523712158203,0.0015017986297607422,0.2578117847442627,1574,11,1574,152,21606,909,13406
all/randm20.02.02.16.020_0030.05.aba.beta,True,15,13,0.112945556640625,0.09476995468139648,0.0018367767333984375,0.20955228805541992,1540,10,1540,183,15868,1262,19375
all/randm20.02.02.17.020_0030.01.aba.beta,True,23,18,1.3489456176757812,8.559180974960327,0.0035810470581054688,9.911707639694214,13880,13,13880,237,175125,2208,34169
all/randm20.02.02.17.020_0030.02.aba.beta,True,26,18,0.832282304763794,6.912452936172485,0.003697633743286133,7.748432874679565,7744,18,7744,241,106831,2393,36187
all/randm20.02.02.17.020_0030.03.aba.beta,True,22,18,1.033034324645996,14.74874234199524,0.003275632858276367,15.785052299499512,14661,12,14661,268,184148,1705,26200
all/randm20.02.02.17.020_0030.04.aba.beta,True,26,18,0.5881268978118896,2.470456600189209,0.004481077194213867,3.0630645751953125,4041,19,4048,265,50113,3144,48343
all/randm20.02.02.17.020_0030.05.aba.beta,True,25,18,0.7649829387664795,3.1374828815460205,0.002921581268310547,3.9053874015808105,4224,16,4224,227,51818,2013,31133
all/randm20.02.02.18.020_0030.01.aba.beta,True,23,16,0.19843792915344238,0.17115354537963867,0.0031964778900146484,0.3727879524230957,1182,18,1182,205,14065,2429,37293
all/randm20.02.02.18.020_0030.02.aba.beta,True,25,16,0.4888453483581543,2.2573304176330566,0.004927396774291992,2.751103162765503,4008,18,4014,316,61128,3257,50855
all/randm20.02.02.18.020_0030.03.aba.beta,True,19,16,0.49096155166625977,2.3978159427642822,0.00208282470703125,2.8908603191375732,6148,11,6151,225,70685,1409,21303
all/randm20.02.02.18.020_0030.04.aba.beta,True,21,16,0.34801626205444336,0.6524088382720947,0.0031974315643310547,1.0036225318908691,3964,13,3964,212,47226,1857,28177
all/randm20.02.02.18.020_0030.05.aba.beta,True,34,16,0.4938960075378418,0.9570960998535156,0.005476713180541992,1.4564688205718994,3640,28,3640,236,43092,3639,55916
all/randm20.02.02.19.020_0030.01.aba.beta,True,20,14,0.17880892753601074,0.16405558586120605,0.0044176578521728516,0.34728217124938965,1000,14,1000,238,9623,2547,39724
all/randm20.02.02.19.020_0030.02.aba.beta,True,15,13,0.09027314186096191,0.07723546028137207,0.0013167858123779297,0.16882538795471191,883,10,886,168,8106,973,14699
all/randm20.02.02.19.020_0030.03.aba.beta,True,12,14,0.08337736129760742,0.06791448593139648,0.002636432647705078,0.15392827987670898,561,10,561,182,4847,1606,24413
all/randm20.02.02.19.020_0030.04.aba.beta,True,18,14,0.10299468040466309,0.08287405967712402,0.0016756057739257812,0.1875443458557129,557,13,567,170,4789,1301,19332
all/randm20.02.02.19.020_0030.05.aba.beta,True,16,14,0.09838104248046875,0.08009052276611328,0.0035674571990966797,0.1820390224456787,387,12,403,144,3344,1999,30842
all/randm21.02.02.01.020_0030.01.aba.beta,True,23,14,0.3697524070739746,0.2910435199737549,0.002642393112182617,0.6634383201599121,2739,15,2757,229,29987,1738,26932
all/randm21.02.02.01.020_0030.02.aba.beta,True,17,14,0.1624436378479004,0.08790040016174316,0.001962900161743164,0.2523069381713867,981,11,981,177,10950,1310,20293
all/randm21.02.02.01.020_0030.03.aba.beta,True,25,14,0.19875526428222656,0.18587327003479004,0.003950834274291992,0.3885793685913086,974,20,974,205,9634,2427,37504
all/randm21.02.02.01.020_0030.04.aba.beta,True,25,14,0.40990114212036133,0.3830299377441406,0.002483367919921875,0.7954144477844238,3471,18,3471,230,38867,1874,28378
all/randm21.02.02.01.020_0030.05.aba.beta,True,34,14,0.46381330490112305,0.5172832012176514,0.0073926448822021484,0.9884891510009766,1959,27,1959,220,24567,3916,59852
all/randm21.02.02.02.020_0030.01.aba.beta,True,34,18,1.6806392669677734,32.776957750320435,0.0071985721588134766,34.46479558944702,9495,23,9495,241,128340,4544,72452
all/randm21.02.02.02.020_0030.02.aba.beta,True,28,18,1.3311498165130615,17.459702968597412,0.002921581268310547,18.793774366378784,12345,21,12345,231,155655,2152,31857
all/randm21.02.02.02.020_0030.03.aba.beta,True,25,18,3.5577991008758545,12.805009603500366,0.00302886962890625,16.365837574005127,27186,15,27186,253,383987,1897,29672
all/randm21.02.02.02.020_0030.04.aba.beta,True,30,18,0.6729114055633545,2.4087414741516113,0.004956960678100586,3.0866098403930664,4390,21,4390,239,58058,3683,56928
all/randm21.02.02.02.020_0030.05.aba.beta,True,28,18,8.746253728866577,195.03939366340637,0.0048868656158447266,203.7905342578888,47159,18,47159,257,777332,3047,46645
all/randm21.02.02.03.020_0030.01.aba.beta,True,36,19,3.7379508018493652,89.20744800567627,0.006647825241088867,92.95204663276672,28475,25,28475,332,393706,3918,60576
all/randm21.02.02.03.020_0030.02.aba.beta,True,32,19,3.298156976699829,115.67890048027039,0.004332065582275391,118.98138952255249,30774,22,30774,284,539832,2875,45035
all/randm21.02.02.03.020_0030.03.aba.beta,True,31,19,1.4951748847961426,10.224046230316162,0.005749225616455078,11.72497034072876,8276,23,8276,277,115701,3334,51074
all/randm21.02.02.03.020_0030.04.aba.beta,True,22,19,1.4857559204101562,7.805284261703491,0.0034189224243164062,9.294459104537964,8791,12,8791,267,118670,2099,33022
all/randm21.02.02.03.020_0030.05.aba.beta,True,34,19,2.1969118118286133,11.975598573684692,0.0028367042541503906,14.175347089767456,14340,26,14340,260,177800,2059,30575
all/randm21.02.02.04.020_0030.01.aba.beta,True,14,18,0.24690794944763184,0.24808216094970703,0.0018270015716552734,0.49681711196899414,3757,7,3757,199,39231,965,14794
all/randm21.02.02.04.020_0030.02.aba.beta,True,21,18,0.37844324111938477,0.591437578201294,0.0027801990509033203,0.972661018371582,2060,15,2061,220,20423,1797,27025
all/randm21.02.02.04.020_0030.03.aba.beta,True,14,18,0.60561203956604,2.3962178230285645,0.000804901123046875,3.0026347637176514,26568,3,26568,223,358902,572,8954
all/randm21.02.02.04.020_0030.04.aba.beta,True,20,18,1.1501743793487549,8.718033075332642,0.0017230510711669922,9.869930505752563,14635,10,14635,237,190289,1266,19349
all/randm21.02.02.04.020_0030.05.aba.beta,True,20,18,0.2597067356109619,1.0893518924713135,0.0016238689422607422,1.3506824970245361,2128,12,2136,185,21600,813,11801
all/randm21.02.02.05.020_0030.01.aba.beta,True,25,17,0.39896225929260254,0.49227142333984375,0.004067182540893555,0.8953008651733398,2049,18,2051,221,20330,2557,39171
all/randm21.02.02.05.020_0030.02.aba.beta,True,22,17,0.5802779197692871,1.2306523323059082,0.001998424530029297,1.8129286766052246,4015,15,4016,229,47827,1460,21772
all/randm21.02.02.05.020_0030.03.aba.beta,True,30,17,0.614227294921875,0.7424376010894775,0.0051195621490478516,1.3617844581604004,2651,21,2653,208,40731,3458,53669
all/randm21.02.02.05.020_0030.04.aba.beta,True,21,17,0.2751030921936035,0.21227455139160156,0.002830982208251953,0.49020862579345703,1182,16,1190,180,10788,1537,23133
all/randm21.02.02.05.020_0030.05.aba.beta,True,34,17,0.36739516258239746,0.2841672897338867,0.007090091705322266,0.6586525440216064,851,27,936,312,10213,5027,78725
all/randm21.02.02.06.020_0030.01.aba.beta,True,8,13,0.03461194038391113,0.02446913719177246,0.0014607906341552734,0.06054186820983887,327,7,327,116,2578,710,10813
all/randm21.02.02.06.020_0030.02.aba.beta,True,6,13,0.04703211784362793,0.02871227264404297,0.0010304450988769531,0.07677483558654785,484,4,485,118,4221,703,10863
all/randm21.02.02.06.020_0030.03.aba.beta,True,7,13,0.03759908676147461,0.018605947494506836,0.0009975433349609375,0.05720257759094238,512,4,527,139,4002,780,12144
all/randm21.02.02.06.020_0030.04.aba.beta,True,4,13,0.02242112159729004,0.01225137710571289,0.0012183189392089844,0.035890817642211914,459,2,466,107,3284,551,8674
all/randm21.02.02.06.020_0030.05.aba.beta,True,11,13,0.03773832321166992,0.027262449264526367,0.0010929107666015625,0.06609368324279785,325,10,332,127,2997,863,13173
all/randm21.02.02.07.020_0030.01.aba.beta,True,19,15,0.1655869483947754,0.1493980884552002,0.0023005008697509766,0.31728553771972656,969,13,971,183,8751,1747,26677
all/randm21.02.02.07.020_0030.02.aba.beta,True,16,15,0.1556086540222168,0.19611620903015137,0.0019948482513427734,0.35371971130371094,1034,11,1039,158,10031,1117,16517
all/randm21.02.02.07.020_0030.03.aba.beta,True,15,14,0.10919642448425293,0.06480669975280762,0.0018258094787597656,0.1758289337158203,960,11,960,139,8660,1323,20858
all/randm21.02.02.07.020_0030.04.aba.beta,True,16,15,0.15442156791687012,0.15350818634033203,0.0021452903747558594,0.310075044631958,903,13,905,167,7687,1603,23995
all/randm21.02.02.07.020_0030.05.aba.beta,True,22,15,0.1573328971862793,0.1043858528137207,0.0018587112426757812,0.2635774612426758,712,17,729,174,7693,1496,22129
all/randm21.02.02.08.020_0030.01.aba.beta,True,15,18,0.5971083641052246,0.9382882118225098,0.0011839866638183594,1.5365805625915527,8443,5,8443,206,104137,884,13661
all/randm21.02.02.08.020_0030.02.aba.beta,True,17,18,0.42407870292663574,0.30683112144470215,0.0023546218872070312,0.7332644462585449,4074,9,4076,193,44150,1284,19842
all/randm21.02.02.08.020_0030.03.aba.beta,True,16,18,1.1814219951629639,1.995980978012085,0.0023386478424072266,3.179741621017456,15246,6,15246,205,187878,1378,21439
all/randm21.02.02.08.020_0030.04.aba.beta,True,27,18,0.4670119285583496,1.0121710300445557,0.002576589584350586,1.4817595481872559,3777,21,3777,207,39363,1892,28940
all/randm21.02.02.08.020_0030.05.aba.beta,True,15,18,0.7104098796844482,2.4350554943084717,0.001840353012084961,3.147305727005005,8070,6,8070,200,99215,1050,16308
all/randm21.02.02.09.020_0030.01.aba.beta,True,11,17,0.08948135375976562,0.09725427627563477,0.0012695789337158203,0.1880052089691162,1140,5,1146,166,12232,964,15196
all/randm21.02.02.09.020_0030.02.aba.beta,True,16,17,0.22318530082702637,0.24901890754699707,0.0021982192993164062,0.47440242767333984,2201,10,2224,192,25549,1382,21335
all/randm21.02.02.09.020_0030.03.aba.beta,True,26,17,0.9662375450134277,3.8118491172790527,0.004050731658935547,4.782137393951416,7231,18,7231,247,96414,2338,36359
all/randm21.02.02.09.020_0030.04.aba.beta,True,15,16,0.3269987106323242,0.2908625602722168,0.003013134002685547,0.6208744049072266,3369,9,3369,205,35718,1384,21610
all/randm21.02.02.09.020_0030.05.aba.beta,True,20,17,0.20475196838378906,0.2600443363189697,0.004391908645629883,0.46918821334838867,1967,14,1973,218,18872,3345,52285
all/randm21.02.02.10.020_0030.01.aba.beta,True,40,19,0.7770695686340332,2.2511825561523438,0.0072939395904541016,3.035546064376831,2697,31,2697,267,40551,4403,67082
all/randm21.02.02.10.020_0030.02.aba.beta,True,33,19,1.4511668682098389,13.437058925628662,0.006810188293457031,14.895035982131958,8948,23,8948,257,112215,4366,66942
all/randm21.02.02.10.020_0030.03.aba.beta,True,38,18,0.7252407073974609,1.316866397857666,0.007526874542236328,2.0496339797973633,2642,28,2658,266,32421,4604,71951
all/randm21.02.02.10.020_0030.04.aba.beta,True,28,19,0.8345057964324951,2.7494518756866455,0.0032951831817626953,3.5872528553009033,4580,18,4580,219,56173,2193,33462
all/randm21.02.02.10.020_0030.05.aba.beta,True,22,19,0.3465101718902588,0.9674251079559326,0.004065275192260742,1.3180005550384521,3937,16,3937,247,41456,2566,39781
all/randm21.02.02.11.020_0030.01.aba.beta,True,27,14,0.3050684928894043,0.5690600872039795,0.002420186996459961,0.8765487670898438,1613,21,1620,171,19013,1680,24855
all/randm21.02.02.11.020_0030.02.aba.beta,True,17,14,0.12618613243103027,0.055274009704589844,0.0015287399291992188,0.18298888206481934,873,12,905,192,7920,1065,15926
all/randm21.02.02.11.020_0030.03.aba.beta,True,26,13,0.24425005912780762,0.17743730545043945,0.0053555965423583984,0.42704296112060547,1039,20,1042,238,16731,4008,62707
all/randm21.02.02.11.020_0030.04.aba.beta,True,28,13,0.2998332977294922,0.21196508407592773,0.006298065185546875,0.5180964469909668,1011,21,1011,254,11876,3989,61694
all/randm21.02.02.11.020_0030.05.aba.beta,True,16,14,0.15595030784606934,0.12041354179382324,0.0022439956665039062,0.2786078453063965,920,9,924,144,8222,1303,19831
all/randm21.02.02.12.020_0030.01.aba.beta,True,28,14,0.45583128929138184,0.7710988521575928,0.0055539608001708984,1.2324841022491455,1918,24,1924,262,25034,3955,60792
all/randm21.02.02.12.020_0030.02.aba.beta,True,21,15,0.29691171646118164,0.6591980457305908,0.002722501754760742,0.9588322639465332,3288,13,3288,239,39860,1960,30303
all/randm21.02.02.12.020_0030.03.aba.beta,True,19,15,0.14338183403015137,0.11981058120727539,0.0041637420654296875,0.26735615730285645,656,13,674,213,6149,2265,35248
all/randm21.02.02.12.020_0030.04.aba.beta,True,25,15,0.2649974822998047,0.305830717086792,0.004748821258544922,0.5755770206451416,1890,18,1890,234,22467,3463,53635
all/randm21.02.02.12.020_0030.05.aba.beta,True,29,15,0.7155933380126953,0.6860995292663574,0.00518798828125,1.4068808555603027,4123,22,4123,273,57831,3335,52211
all/randm21.02.02.13.020_0030.01.aba.beta,True,19,15,0.14066529273986816,0.13685870170593262,0.003344297409057617,0.2808682918548584,622,15,642,171,5985,1974,31107
all/randm21.02.02.13.020_0030.02.aba.beta,True,30,16,0.26579952239990234,0.2565591335296631,0.006430625915527344,0.5287892818450928,1260,25,1267,225,18261,4528,71978
all/randm21.02.02.13.020_0030.03.aba.beta,True,15,16,0.24114537239074707,0.23886895179748535,0.0018706321716308594,0.4818849563598633,2029,8,2029,176,25067,1138,17532
all/randm21.02.02.13.020_0030.04.aba.beta,True,16,16,0.3039672374725342,0.28592491149902344,0.0025548934936523438,0.59244704246521,2167,8,2167,173,29524,1493,23240
all/randm21.02.02.13.020_0030.05.aba.beta,True,17,16,0.4738047122955322,0.3362886905670166,0.0015268325805664062,0.8116202354431152,6210,10,6215,219,75705,1078,16891
all/randm21.02.02.14.020_0030.01.aba.beta,True,33,17,1.3403151035308838,34.33367347717285,0.0023376941680908203,35.676326274871826,15068,23,15068,202,225914,1598,23179
all/randm21.02.02.14.020_0030.02.aba.beta,True,28,18,0.5366809368133545,3.740927219390869,0.002484560012817383,4.280092716217041,4684,19,4697,246,66355,1810,27385
all/randm21.02.02.14.020_0030.03.aba.beta,True,27,18,0.6212892532348633,3.1251025199890137,0.002106904983520508,3.7484986782073975,4721,17,4724,232,55762,1299,19784
all/randm21.02.02.14.020_0030.04.aba.beta,True,29,18,2.617337942123413,12.609858274459839,0.002821683883666992,15.230017900466919,16643,18,16659,251,266818,1577,23724
all/randm21.02.02.14.020_0030.05.aba.beta,True,30,18,1.1151843070983887,2.6245830059051514,0.003326892852783203,3.7430942058563232,5024,19,5024,225,70060,1796,26767
all/randm21.02.02.15.020_0030.01.aba.beta,True,16,13,0.09863924980163574,0.05537581443786621,0.002117633819580078,0.15613269805908203,592,11,613,183,6107,1481,22948
all/randm21.02.02.15.020_0030.02.aba.beta,True,23,13,0.17360973358154297,0.1730937957763672,0.005537509918212891,0.35224103927612305,1644,18,1646,225,23035,3607,56908
all/randm21.02.02.15.020_0030.03.aba.beta,True,20,13,0.24197149276733398,0.24703073501586914,0.0035626888275146484,0.4925649166107178,1610,15,1611,212,18041,2041,31975
all/randm21.02.02.15.020_0030.04.aba.beta,True,19,13,0.16991400718688965,0.09357023239135742,0.002537965774536133,0.2660222053527832,932,14,943,197,9868,1749,26675
all/randm21.02.02.15.020_0030.05.aba.beta,True,24,13,0.20995140075683594,0.2453153133392334,0.0046062469482421875,0.4598729610443115,974,21,975,197,13480,3414,52923
all/randm21.02.02.16.020_0030.01.aba.beta,True,4,10,0.010931015014648438,0.00531768798828125,0.0007536411285400391,0.017002344131469727,216,3,220,66,1486,565,8778
all/randm21.02.02.16.020_0030.02.aba.beta,True,6,10,0.019411087036132812,0.01049041748046875,0.0009393692016601562,0.03084087371826172,397,3,400,105,3188,699,11072
all/randm21.02.02.16.020_0030.03.aba.beta,True,6,10,0.023363113403320312,0.013363122940063477,0.0008111000061035156,0.037537336349487305,214,5,215,80,1546,617,9294
all/randm21.02.02.16.020_0030.04.aba.beta,True,8,10,0.02183389663696289,0.013866662979125977,0.0011124610900878906,0.03681302070617676,215,7,217,82,1601,747,11452
all/randm21.02.02.16.020_0030.05.aba.beta,True,6,10,0.0180816650390625,0.007478237152099609,0.00081634521484375,0.02637624740600586,237,5,240,76,1734,628,9496
all/randm21.02.02.17.020_0030.01.aba.beta,True,13,11,0.06226539611816406,0.03780508041381836,0.0011928081512451172,0.10126328468322754,451,9,451,117,3720,927,14199
all/randm21.02.02.17.020_0030.02.aba.beta,True,7,11,0.032610416412353516,0.0178070068359375,0.0008523464202880859,0.0512697696685791,409,4,410,116,4551,626,9713
all/randm21.02.02.17.020_0030.03.aba.beta,True,15,11,0.06004738807678223,0.04274249076843262,0.0018534660339355469,0.10464334487915039,330,12,330,153,3083,1410,21226
all/randm21.02.02.17.020_0030.04.aba.beta,True,10,11,0.0439000129699707,0.0260617733001709,0.0013942718505859375,0.07135605812072754,435,8,438,152,3556,1079,16453
all/randm21.02.02.17.020_0030.05.aba.beta,True,11,11,0.05251479148864746,0.03149557113647461,0.0019342899322509766,0.08594465255737305,450,8,451,144,4459,1050,16142
all/randm21.02.02.18.020_0030.01.aba.beta,True,33,18,2.980875253677368,6.650644540786743,0.0075418949127197266,9.639061689376831,26686,25,26686,271,365856,3944,62055
all/randm21.02.02.18.020_0030.02.aba.beta,True,16,18,1.0178933143615723,5.482342004776001,0.0025899410247802734,6.5028252601623535,13601,6,13601,227,169091,1527,24047
all/randm21.02.02.18.020_0030.03.aba.beta,True,24,17,0.9973282814025879,5.7356860637664795,0.0017886161804199219,6.734802961349487,7278,16,7278,216,86714,1341,19676
all/randm21.02.02.18.020_0030.04.aba.beta,True,18,18,0.2942349910736084,0.25223255157470703,0.0011801719665527344,0.5476477146148682,2298,11,2321,194,25120,879,12968
all/randm21.02.02.18.020_0030.05.aba.beta,True,23,18,0.8056349754333496,1.4177100658416748,0.003063678741455078,2.2264087200164795,7914,14,7914,208,94654,1809,27327
all/randm21.02.02.19.020_0030.01.aba.beta,True,13,12,0.051334381103515625,0.050165653228759766,0.0021026134490966797,0.10360264778137207,439,10,441,160,3696,1166,17881
all/randm21.02.02.19.020_0030.02.aba.beta,True,13,12,0.07425642013549805,0.0739133358001709,0.001972198486328125,0.15014195442199707,777,9,777,183,6825,1276,19610
all/randm21.02.02.19.020_0030.03.aba.beta,True,15,12,0.18358969688415527,0.1741182804107666,0.0019562244415283203,0.3596642017364502,2584,9,2585,172,34898,931,14345
all/randm21.02.02.19.020_0030.04.aba.beta,True,9,12,0.05680584907531738,0.0341341495513916,0.0008716583251953125,0.0918116569519043,1351,4,1351,148,12143,651,10290
all/randm21.02.02.19.020_0030.05.aba.beta,True,10,12,0.04178619384765625,0.041208505630493164,0.0008335113525390625,0.08382821083068848,1301,5,1301,138,11571,651,10033
all/randm22.02.02.01.020_0030.01.aba.beta,True,46,19,4.594611167907715,54.975008726119995,0.007987499237060547,59.57760739326477,19812,32,19812,283,367032,4732,72867
all/randm22.02.02.01.020_0030.02.aba.beta,True,43,19,4.712001800537109,26.873289108276367,0.005579233169555664,31.590870141983032,19637,29,19671,313,366032,3303,50034
all/randm22.02.02.01.020_0030.03.aba.beta,True,45,19,3.1463963985443115,17.282331466674805,0.006582736968994141,20.43531060218811,9532,33,9532,300,141760,4475,67849
all/randm22.02.02.01.020_0030.04.aba.beta,True,41,19,3.255838394165039,7.337880849838257,0.005803346633911133,10.599522590637207,17875,28,17888,311,304967,3238,50547
all/randm22.02.02.01.020_0030.05.aba.beta,True,42,19,1.7705211639404297,11.455719232559204,0.005625247955322266,13.231865644454956,5582,29,5582,229,80104,3738,56482
all/randm22.02.02.02.020_0030.01.aba.beta,True,25,18,0.4252462387084961,0.6160321235656738,0.004851818084716797,1.0461301803588867,3969,17,3987,254,50706,3494,54823
all/randm22.02.02.02.020_0030.02.aba.beta,True,34,18,0.6216409206390381,1.8119244575500488,0.005799293518066406,2.4393646717071533,4435,25,4439,239,49909,3678,56194
all/randm22.02.02.02.020_0030.03.aba.beta,True,21,17,0.26193952560424805,0.33962416648864746,0.002992391586303711,0.6045560836791992,2139,17,2139,226,24761,2025,30752
all/randm22.02.02.02.020_0030.04.aba.beta,True,11,18,0.16892576217651367,0.11452341079711914,0.0010638236999511719,0.284512996673584,2190,5,2195,179,21814,766,11797
all/randm22.02.02.02.020_0030.05.aba.beta,True,18,16,0.23058176040649414,0.22845125198364258,0.0024688243865966797,0.4615018367767334,1113,13,1121,199,10418,1629,24980
all/randm22.02.02.03.020_0030.01.aba.beta,True,12,11,0.06522512435913086,0.04285454750061035,0.0017824172973632812,0.10986208915710449,414,8,423,154,3310,1200,18381
all/randm22.02.02.03.020_0030.02.aba.beta,True,13,11,0.0439455509185791,0.0442500114440918,0.0013637542724609375,0.08955931663513184,640,10,641,158,5339,1055,16142
all/randm22.02.02.03.020_0030.03.aba.beta,True,12,11,0.04023575782775879,0.0265347957611084,0.0013284683227539062,0.0680990219116211,669,8,671,142,5457,1006,15428
all/randm22.02.02.03.020_0030.04.aba.beta,True,13,11,0.059685707092285156,0.037424564361572266,0.0015349388122558594,0.09864521026611328,725,10,740,173,6291,1209,18191
all/randm22.02.02.03.020_0030.05.aba.beta,True,10,11,0.051140785217285156,0.03113269805908203,0.0010802745819091797,0.08335375785827637,445,7,447,116,5479,748,11443
all/randm22.02.02.04.020_0030.01.aba.beta,True,29,19,2.8964877128601074,213.00615191459656,0.0043146610260009766,215.90695428848267,15378,21,15378,292,203744,2671,40813
all/randm22.02.02.04.020_0030.02.aba.beta,True,30,19,0.9375426769256592,63.66224908828735,0.00428318977355957,64.60407495498657,7766,22,7769,258,91365,2599,40335
all/randm22.02.02.04.020_0030.03.aba.beta,True,25,19,3.2080023288726807,97.19771194458008,0.00371551513671875,100.40942978858948,26466,15,26466,308,351199,2550,39745
all/randm22.02.02.04.020_0030.04.aba.beta,True,26,19,0.8805513381958008,23.938930988311768,0.0037200450897216797,24.82320237159729,7477,18,7477,235,83218,2106,31842
all/randm22.02.02.04.020_0030.05.aba.beta,True,22,19,0.820742130279541,68.12906908988953,0.001953125,68.95176434516907,14753,11,14753,216,189212,982,14938
all/randm22.02.02.05.020_0030.01.aba.beta,True,33,17,4.3559205532073975,30.95161271095276,0.008524894714355469,35.31605815887451,23652,25,23652,319,328822,4962,77144
all/randm22.02.02.05.020_0030.02.aba.beta,True,29,17,0.510897159576416,0.5408074855804443,0.0028638839721679688,1.0545685291290283,2160,21,2173,201,27280,1956,28941
all/randm22.02.02.05.020_0030.03.aba.beta,True,23,17,0.4985778331756592,0.7405202388763428,0.003742218017578125,1.24284029006958,3996,16,4000,205,47412,2380,36598
all/randm22.02.02.05.020_0030.04.aba.beta,True,24,17,1.3473238945007324,5.719675064086914,0.0021851062774658203,7.069184064865112,15197,14,15197,214,242840,1201,17919
all/randm22.02.02.05.020_0030.05.aba.beta,True,29,17,1.30415678024292,8.215129613876343,0.004881143569946289,9.524167537689209,14925,17,14925,273,265997,3126,49487
all/randm22.02.02.06.020_0030.01.aba.beta,True,22,15,0.2711927890777588,0.5532565116882324,0.002166271209716797,0.826615571975708,1984,15,1993,212,26243,1577,23742
all/randm22.02.02.06.020_0030.02.aba.beta,True,15,15,0.23766541481018066,0.19629931449890137,0.002338409423828125,0.43630313873291016,1821,10,1821,160,17562,1659,25528
all/randm22.02.02.06.020_0030.03.aba.beta,True,12,15,0.11787748336791992,0.13419270515441895,0.001447439193725586,0.25351762771606445,1809,7,1810,194,17719,1101,17067
all/randm22.02.02.06.020_0030.04.aba.beta,True,13,15,0.1193394660949707,0.10766863822937012,0.0031442642211914062,0.23015236854553223,945,8,949,163,8279,1964,30845
all/randm22.02.02.06.020_0030.05.aba.beta,True,17,15,0.12091898918151855,0.13083243370056152,0.002070903778076172,0.25382232666015625,992,13,992,174,10231,1573,23795
all/randm22.02.02.07.020_0030.01.aba.beta,True,10,11,0.05315709114074707,0.02611827850341797,0.0018486976623535156,0.08112406730651855,659,7,662,138,5289,1191,18419
all/randm22.02.02.07.020_0030.02.aba.beta,True,8,10,0.03762364387512207,0.024863004684448242,0.0010569095611572266,0.06354355812072754,616,5,622,128,5703,811,12480
all/randm22.02.02.07.020_0030.03.aba.beta,True,7,11,0.024723529815673828,0.012289285659790039,0.0008435249328613281,0.037856340408325195,180,7,190,93,1305,654,9707
all/randm22.02.02.07.020_0030.04.aba.beta,True,9,11,0.023435354232788086,0.016792774200439453,0.0010526180267333984,0.04128074645996094,410,6,413,107,4001,801,12167
all/randm22.02.02.07.020_0030.05.aba.beta,True,10,11,0.027558326721191406,0.022255420684814453,0.0015964508056640625,0.05141019821166992,350,8,352,107,2522,861,12933
all/randm22.02.02.08.020_0030.01.aba.beta,True,24,18,0.7820260524749756,5.729318380355835,0.003841876983642578,6.515186309814453,8021,14,8021,236,111236,2454,38663
all/randm22.02.02.08.020_0030.02.aba.beta,True,12,15,0.10491251945495605,0.05735278129577637,0.002016305923461914,0.16428160667419434,958,5,966,134,8510,1270,20323
all/randm22.02.02.08.020_0030.03.aba.beta,True,11,16,0.1050872802734375,0.07004308700561523,0.0008463859558105469,0.17597675323486328,1844,6,1844,146,17501,621,9351
all/randm22.02.02.08.020_0030.04.aba.beta,True,26,15,0.3274080753326416,0.32228684425354004,0.0038399696350097656,0.6535348892211914,1906,19,1906,190,23015,2277,35140
all/randm22.02.02.08.020_0030.05.aba.beta,True,34,18,1.248624324798584,2.5120456218719482,0.007592201232910156,3.7682621479034424,7250,26,7250,234,86515,5136,81273
all/randm22.02.02.09.020_0030.01.aba.beta,True,20,16,0.22289252281188965,0.27565455436706543,0.004148244857788086,0.5026953220367432,1832,15,1834,231,17412,2717,42709
all/randm22.02.02.09.020_0030.02.aba.beta,True,27,17,0.3993663787841797,0.49047255516052246,0.0051097869873046875,0.8949487209320068,2207,20,2214,274,25635,3182,49240
all/randm22.02.02.09.020_0030.03.aba.beta,True,30,16,1.2086822986602783,3.4134469032287598,0.004131793975830078,4.626260995864868,7128,21,7128,272,107344,2997,45930
all/randm22.02.02.09.020_0030.04.aba.beta,True,21,17,0.5928890705108643,1.1942429542541504,0.00459599494934082,1.7917280197143555,3932,14,3938,244,48922,2992,47305
all/randm22.02.02.09.020_0030.05.aba.beta,True,24,15,0.3454604148864746,0.4569222927093506,0.00479578971862793,0.8071784973144531,2922,19,2922,243,29277,3431,53055
all/randm22.02.02.10.020_0030.01.aba.beta,True,22,18,0.6064064502716064,1.8665356636047363,0.0031332969665527344,2.4760754108428955,4331,13,4331,283,50608,2021,31786
all/randm22.02.02.10.020_0030.02.aba.beta,True,18,18,0.600043773651123,1.6387176513671875,0.002499103546142578,2.241260528564453,6719,11,6719,227,75396,1661,25649
all/randm22.02.02.10.020_0030.03.aba.beta,True,21,17,1.1725833415985107,3.474332094192505,0.0038268566131591797,4.650742292404175,7767,13,7774,261,122523,2380,36922
all/randm22.02.02.10.020_0030.04.aba.beta,True,25,18,0.4222221374511719,0.39658474922180176,0.003831148147583008,0.8226380348205566,2231,19,2233,255,23364,2579,40471
all/randm22.02.02.10.020_0030.05.aba.beta,True,28,18,1.3231894969940186,0.7023956775665283,0.0040471553802490234,2.029632329940796,8469,16,8469,252,121792,2461,38355
all/randm22.02.02.11.020_0030.01.aba.beta,True,17,19,0.32679224014282227,2.5079946517944336,0.0015270709991455078,2.8363139629364014,4375,10,4377,188,51502,798,11759
all/randm22.02.02.11.020_0030.02.aba.beta,True,28,19,0.9300234317779541,7.06565260887146,0.0030584335327148438,7.998734474182129,8749,19,8766,253,112307,2194,34107
all/randm22.02.02.11.020_0030.03.aba.beta,True,19,19,0.37801504135131836,0.8113143444061279,0.0022804737091064453,1.1916098594665527,2460,12,2479,244,27140,1508,22799
all/randm22.02.02.11.020_0030.04.aba.beta,True,22,19,0.6775534152984619,4.7729809284210205,0.0020475387573242188,5.452581882476807,7223,16,7225,227,79889,1433,21350
all/randm22.02.02.11.020_0030.05.aba.beta,True,22,19,1.2555127143859863,4.758753776550293,0.0025186538696289062,6.016785144805908,8463,12,8463,221,103707,1653,25218
all/randm22.02.02.12.020_0030.01.aba.beta,True,20,15,0.24577045440673828,0.6432962417602539,0.002898693084716797,0.891965389251709,1789,14,1789,193,22982,1833,28160
all/randm22.02.02.12.020_0030.02.aba.beta,True,24,15,1.1329131126403809,4.531425714492798,0.0031239986419677734,5.6674628257751465,10306,17,10306,236,139553,1781,26451
all/randm22.02.02.12.020_0030.03.aba.beta,True,28,15,0.45972561836242676,1.452866554260254,0.002995729446411133,1.9155879020690918,3403,22,3403,233,40485,2179,31970
all/randm22.02.02.12.020_0030.04.aba.beta,True,32,15,0.4983861446380615,1.9016063213348389,0.0040547847747802734,2.4040472507476807,2188,24,2188,238,33350,2852,43100
all/randm22.02.02.12.020_0030.05.aba.beta,True,25,15,1.1584324836730957,8.175405263900757,0.0032739639282226562,9.337111711502075,10326,18,10326,260,139762,2375,35970
all/randm22.02.02.13.020_0030.01.aba.beta,True,21,17,0.7247984409332275,1.3231215476989746,0.0016765594482421875,2.0495965480804443,6719,14,6752,245,82551,1255,18665
all/randm22.02.02.13.020_0030.02.aba.beta,True,28,17,1.4722011089324951,9.462960243225098,0.004215240478515625,10.939376592636108,7750,19,7750,277,98369,2970,45754
all/randm22.02.02.13.020_0030.03.aba.beta,True,21,17,1.1471073627471924,1.6584815979003906,0.0021736621856689453,2.807762622833252,12715,12,12715,228,153613,1529,23670
all/randm22.02.02.13.020_0030.04.aba.beta,True,29,17,0.6120343208312988,2.6464173793792725,0.0048902034759521484,3.2633419036865234,2184,23,2189,269,24997,2997,45217
all/randm22.02.02.13.020_0030.05.aba.beta,True,25,17,0.5362234115600586,1.5381262302398682,0.005513906478881836,2.0798635482788086,2140,20,2143,225,27417,3738,57939
all/randm22.02.02.14.020_0030.01.aba.beta,True,34,18,2.1147844791412354,5.492242813110352,0.00716853141784668,7.614195823669434,15933,22,15933,271,257888,4361,68168
all/randm22.02.02.14.020_0030.02.aba.beta,True,28,17,1.0238440036773682,4.830801963806152,0.0053958892822265625,5.860041856765747,4189,21,4189,257,54291,2958,45043
all/randm22.02.02.14.020_0030.03.aba.beta,True,25,17,1.4893207550048828,16.374103784561157,0.0035390853881835938,17.866963624954224,8699,15,8699,251,137890,1977,30340
all/randm22.02.02.14.020_0030.04.aba.beta,True,26,18,1.3162391185760498,9.714005947113037,0.003870725631713867,11.0341157913208,13333,17,13333,242,171719,2547,39980
all/randm22.02.02.14.020_0030.05.aba.beta,True,39,18,2.1061336994171143,27.37864899635315,0.008111715316772461,29.492894411087036,15207,29,15207,310,250615,5475,86465
all/randm22.02.02.15.020_0030.01.aba.beta,True,6,10,0.020990371704101562,0.010749340057373047,0.0007677078247070312,0.03250741958618164,365,3,365,87,2676,565,8816
all/randm22.02.02.15.020_0030.02.aba.beta,True,9,10,0.03687930107116699,0.034792184829711914,0.0029764175415039062,0.07464790344238281,347,7,349,106,2509,1642,25464
all/randm22.02.02.15.020_0030.03.aba.beta,True,5,10,0.010905027389526367,0.005086421966552734,0.001088857650756836,0.017080307006835938,188,5,193,59,1325,866,13467
all/randm22.02.02.15.020_0030.04.aba.beta,True,1,8,0.003350496292114258,0.0007560253143310547,0.0007119178771972656,0.004818439483642578,118,1,120,50,647,534,8580
all/randm22.02.02.15.020_0030.05.aba.beta,True,7,10,0.017026185989379883,0.010546207427978516,0.0012233257293701172,0.028795719146728516,221,6,221,84,1453,975,14934
all/randm22.02.02.16.020_0030.01.aba.beta,True,26,16,1.2893989086151123,9.654182195663452,0.0041599273681640625,10.947741031646729,6751,17,6772,288,84754,2787,42998
all/randm22.02.02.16.020_0030.02.aba.beta,True,26,16,0.36138439178466797,4.704293727874756,0.002953767776489258,5.068631887435913,3820,16,3820,219,42031,1712,26231
all/randm22.02.02.16.020_0030.03.aba.beta,True,37,16,1.8977696895599365,45.02396821975708,0.005156278610229492,46.926894187927246,12141,27,12141,316,157578,3175,49189
all/randm22.02.02.16.020_0030.04.aba.beta,True,25,16,0.4458749294281006,11.101304292678833,0.0025310516357421875,11.549710273742676,7206,16,7206,214,109276,1704,25907
all/randm22.02.02.16.020_0030.05.aba.beta,True,30,16,0.5297536849975586,4.552551984786987,0.0044097900390625,5.086715459823608,6486,22,6490,244,83739,2879,44171
all/randm22.02.02.17.020_0030.01.aba.beta,True,15,17,0.26305580139160156,0.4060707092285156,0.001954317092895508,0.6710808277130127,3729,8,3729,227,41827,1401,22137
all/randm22.02.02.17.020_0030.02.aba.beta,True,25,17,0.29883480072021484,0.3004772663116455,0.0021600723266601562,0.6014721393585205,1881,21,1886,207,18219,1539,22376
all/randm22.02.02.17.020_0030.03.aba.beta,True,22,17,0.4776935577392578,0.9900829792022705,0.0032858848571777344,1.471062421798706,3886,15,3886,203,42281,1813,27362
all/randm22.02.02.17.020_0030.04.aba.beta,True,31,17,0.42590785026550293,1.040597677230835,0.002434968948364258,1.4689404964447021,3769,23,3769,210,41454,1665,24352
all/randm22.02.02.17.020_0030.05.aba.beta,True,19,17,0.2532925605773926,0.24484634399414062,0.0021491050720214844,0.5002880096435547,1250,12,1261,190,12107,1500,23058
all/randm22.02.02.18.020_0030.01.aba.beta,True,26,18,0.7142586708068848,2.321990728378296,0.006103992462158203,3.042353391647339,2250,19,2259,230,26837,3256,50228
all/randm22.02.02.18.020_0030.02.aba.beta,True,27,18,0.6505744457244873,2.2544023990631104,0.0033729076385498047,2.9083497524261475,4461,19,4465,233,56505,1903,28557
all/randm22.02.02.18.020_0030.03.aba.beta,True,26,18,1.4657371044158936,4.05417537689209,0.0030410289764404297,5.522953510284424,8301,15,8301,228,106798,1537,22913
all/randm22.02.02.18.020_0030.04.aba.beta,True,15,18,0.3085792064666748,1.847553014755249,0.0013065338134765625,2.1574387550354004,3869,8,3871,212,41082,962,14691
all/randm22.02.02.18.020_0030.05.aba.beta,True,22,18,1.9300224781036377,29.858700275421143,0.0041790008544921875,31.792901754379272,13869,14,13869,258,179630,2585,40107
all/randm22.02.02.19.020_0030.01.aba.beta,True,39,16,0.6104981899261475,3.8721063137054443,0.006804943084716797,4.489409446716309,2426,31,2426,291,44310,4948,77333
all/randm22.02.02.19.020_0030.02.aba.beta,True,32,16,0.9981114864349365,5.079091548919678,0.005706787109375,6.082909822463989,4137,22,4137,263,69913,3568,55075
all/randm22.02.02.19.020_0030.03.aba.beta,True,41,16,2.167834997177124,127.80433773994446,0.00905466079711914,129.9812273979187,13403,29,13403,347,228725,5682,90480
all/randm22.02.02.19.020_0030.04.aba.beta,True,40,16,0.6799056529998779,2.3284478187561035,0.006653547286987305,3.0150070190429688,4155,29,4155,283,65599,4210,64026
all/randm22.02.02.19.020_0030.05.aba.beta,True,31,17,1.690417766571045,32.719303131103516,0.005054473876953125,34.414775371551514,8707,20,8707,254,151734,3412,53766
all/randm23.02.02.01.020_0030.01.aba.beta,True,28,21,1.5247578620910645,13.472189903259277,0.006299734115600586,15.003247499465942,10161,17,10161,287,132238,3984,62840
all/randm23.02.02.01.020_0030.02.aba.beta,True,40,21,3.0566136837005615,107.22515916824341,0.009268760681152344,110.29104161262512,17511,31,17511,318,229556,4976,77274
all/randm23.02.02.01.020_0030.03.aba.beta,True,26,20,0.9124729633331299,15.067839622497559,0.0035321712493896484,15.983844757080078,8274,18,8274,241,117856,2373,36915
all/randm23.02.02.01.020_0030.04.aba.beta,True,24,21,1.426727533340454,15.68154263496399,0.004691362380981445,17.112961530685425,9005,16,9005,255,110095,2577,39830
all/randm23.02.02.01.020_0030.05.aba.beta,True,24,21,2.6915266513824463,17.471899032592773,0.0049915313720703125,20.16841721534729,16418,15,16418,267,209944,3011,47473
all/randm23.02.02.02.020_0030.01.aba.beta,True,33,19,5.341870069503784,112.63029217720032,0.006155252456665039,117.97831749916077,29764,21,29764,302,495114,3368,51864
all/randm23.02.02.02.020_0030.02.aba.beta,True,31,19,1.6026966571807861,10.298778057098389,0.0033349990844726562,11.904809713363647,9670,22,9670,236,146748,1960,29167
all/randm23.02.02.02.020_0030.03.aba.beta,True,38,19,2.573690891265869,34.12938618659973,0.004453420639038086,36.70753049850464,16956,27,16956,259,298529,2792,42709
all/randm23.02.02.02.020_0030.04.aba.beta,True,34,19,4.8121559619903564,149.69106149673462,0.0036401748657226562,154.5068576335907,32376,22,32376,253,521575,2092,31981
all/randm23.02.02.02.020_0030.05.aba.beta,True,23,19,2.243316411972046,15.068180561065674,0.002094745635986328,17.313591718673706,27952,12,27952,245,390609,1420,21662
all/randm23.02.02.03.020_0030.01.aba.beta,True,22,18,1.0613200664520264,6.680741548538208,0.0018355846405029297,7.743897199630737,13866,14,13866,237,189296,1339,19905
all/randm23.02.02.03.020_0030.02.aba.beta,True,33,16,0.5019629001617432,2.2205896377563477,0.004338502883911133,2.726891040802002,2273,26,2275,242,30702,3140,47719
all/randm23.02.02.03.020_0030.03.aba.beta,True,30,18,1.2069721221923828,16.933210134506226,0.0032911300659179688,18.143473386764526,8116,21,8116,211,143647,2270,34564
all/randm23.02.02.03.020_0030.04.aba.beta,True,25,18,1.0150554180145264,2.7475593090057373,0.003760814666748047,3.7663755416870117,7948,17,7948,251,100876,2297,34785
all/randm23.02.02.03.020_0030.05.aba.beta,True,27,16,0.40305209159851074,0.6361434459686279,0.0029914379119873047,1.042186975479126,3683,20,3683,193,39497,1785,26371
all/randm23.02.02.04.020_0030.01.aba.beta,True,17,12,0.13007307052612305,0.14141130447387695,0.0017895698547363281,0.27327394485473633,1349,12,1349,181,17141,1309,19548
all/randm23.02.02.04.020_0030.02.aba.beta,True,20,12,0.13795256614685059,0.1988239288330078,0.0026483535766601562,0.33942484855651855,735,17,735,171,6391,1776,26646
all/randm23.02.02.04.020_0030.03.aba.beta,True,16,12,0.16939854621887207,0.15823864936828613,0.0033960342407226562,0.33103322982788086,2343,9,2343,194,23367,2489,39259
all/randm23.02.02.04.020_0030.04.aba.beta,True,18,12,0.15146541595458984,0.09618592262268066,0.0026581287384033203,0.25030946731567383,828,13,845,185,9578,1639,25316
all/randm23.02.02.04.020_0030.05.aba.beta,True,20,12,0.12065505981445312,0.09519600868225098,0.003245830535888672,0.21909689903259277,486,16,500,189,4777,1854,28154
all/randm23.02.02.05.020_0030.01.aba.beta,False,35,22,6.636186599731445,209.16597414016724,0.006043910980224609,215.8082046508789,35895,22,35895,311,563628,3341,52355
all/randm23.02.02.05.020_0030.02.aba.beta,False,31,23,11.130142211914062,196.37039947509766,0.008027315139770508,207.5085690021515,72273,18,72273,322,1156732,4505,70968
all/randm23.02.02.05.020_0030.03.aba.beta,True,28,23,4.569554090499878,158.76666450500488,0.004324197769165039,163.34054279327393,37952,17,37952,311,541110,2790,42855
all/randm23.02.02.05.020_0030.04.aba.beta,False,28,0,3.4063475131988525,434.0264341831207,0.0016431808471679688,437.43442487716675,33842,13,33842,263,513959,751,11124
all/randm23.02.02.05.020_0030.05.aba.beta,False,23,23,5.618788242340088,375.90069794654846,0.0010287761688232422,381.5205149650574,65437,10,65437,271,957417,530,7563
all/randm23.02.02.06.020_0030.01.aba.beta,True,46,18,2.163662910461426,21.265239715576172,0.01690077781677246,23.44580340385437,7247,37,7250,371,85096,7343,115711
all/randm23.02.02.06.020_0030.02.aba.beta,False,42,19,7.070710897445679,194.8606641292572,0.009175777435302734,201.94055080413818,28762,28,28762,372,469391,5642,88348
all/randm23.02.02.06.020_0030.03.aba.beta,False,35,19,3.7757151126861572,203.4594166278839,0.0048503875732421875,207.2399821281433,29479,22,29479,277,428068,2451,36425
all/randm23.02.02.06.020_0030.04.aba.beta,True,40,18,3.1102259159088135,2.596557378768921,0.008003711700439453,5.714787006378174,16723,29,16727,296,263031,5036,77624
all/randm23.02.02.06.020_0030.05.aba.beta,True,27,19,4.041082382202148,66.99328970909119,0.005796909332275391,71.04016900062561,28563,15,28563,289,445075,3220,50723
all/randm23.02.02.07.020_0030.01.aba.beta,True,19,20,0.7088339328765869,1.231203317642212,0.003284931182861328,1.9433221817016602,8616,10,8616,221,102915,1968,30759
all/randm23.02.02.07.020_0030.02.aba.beta,True,40,20,2.3596041202545166,10.11440372467041,0.008434295654296875,12.482442140579224,9869,28,9869,261,165008,5493,83826
all/randm23.02.02.07.020_0030.03.aba.beta,True,21,20,2.319187879562378,2.728631019592285,0.0054454803466796875,5.053264379501343,17820,11,17821,276,253329,2769,43448
all/randm23.02.02.07.020_0030.04.aba.beta,True,24,20,0.7676632404327393,3.1026902198791504,0.0040476322174072266,3.874401092529297,8240,14,8240,240,100914,2696,41676
all/randm23.02.02.07.020_0030.05.aba.beta,True,16,20,0.7700552940368652,1.9132449626922607,0.0010364055633544922,2.6843366622924805,5369,7,5374,190,64999,741,11315
all/randm23.02.02.08.020_0030.01.aba.beta,False,32,20,6.825852394104004,257.144451379776,0.00424647331237793,263.9745502471924,30763,22,30763,283,459790,2495,38299
all/randm23.02.02.08.020_0030.02.aba.beta,False,24,20,4.739514350891113,215.83077812194824,0.0017445087432861328,220.57203698158264,56839,12,56839,274,869788,999,14922
all/randm23.02.02.08.020_0030.03.aba.beta,False,26,0,3.4683942794799805,225.98862266540527,0.002002716064453125,229.4590196609497,28139,13,28139,253,388757,1141,17068
all/randm23.02.02.08.020_0030.04.aba.beta,True,22,20,7.2309651374816895,52.61776375770569,0.002570629119873047,59.85129952430725,56112,10,56112,284,800747,1412,21354
all/randm23.02.02.08.020_0030.05.aba.beta,True,36,19,2.9966297149658203,54.80970120429993,0.009197235107421875,57.81552815437317,13981,28,13981,346,172594,5138,81440
all/randm23.02.02.09.020_0030.01.aba.beta,True,15,21,0.3679649829864502,5.602533578872681,0.0013964176177978516,5.971894979476929,8241,8,8241,220,93444,992,14911
all/randm23.02.02.09.020_0030.02.aba.beta,True,22,20,1.1642863750457764,8.662109851837158,0.002172708511352539,9.828568935394287,18450,10,18450,251,270007,1163,18000
all/randm23.02.02.09.020_0030.03.aba.beta,True,27,21,3.1312646865844727,5.4185471534729,0.006264209747314453,8.556076049804688,10095,16,10106,279,124334,2753,42538
all/randm23.02.02.09.020_0030.04.aba.beta,True,20,21,0.4741661548614502,4.672477960586548,0.002389192581176758,5.149033308029175,2464,12,2467,192,24892,1108,16742
all/randm23.02.02.09.020_0030.05.aba.beta,True,18,22,0.5250544548034668,1.4110829830169678,0.0022897720336914062,1.938427209854126,5020,10,5024,249,54754,1266,19482
all/randm23.02.02.10.020_0030.01.aba.beta,True,35,19,1.8606092929840088,12.73478388786316,0.006376981735229492,14.601770162582397,8770,24,8770,245,144585,3108,47496
all/randm23.02.02.10.020_0030.02.aba.beta,True,26,19,0.8244643211364746,2.1380867958068848,0.004643440246582031,2.9671945571899414,2680,16,2686,245,45680,2288,34641
all/randm23.02.02.10.020_0030.03.aba.beta,True,38,19,1.4047703742980957,9.413551330566406,0.008734464645385742,10.827056169509888,3004,29,3030,274,44954,4021,63904
all/randm23.02.02.10.020_0030.04.aba.beta,True,31,19,2.6870265007019043,20.421749591827393,0.009381294250488281,23.118157386779785,8159,24,8162,277,113664,4187,64829
all/randm23.02.02.10.020_0030.05.aba.beta,True,32,19,0.883976936340332,5.029011487960815,0.00612950325012207,5.9191179275512695,2501,25,2533,274,33906,2790,43207
all/randm23.02.02.11.020_0030.01.aba.beta,True,12,15,0.12236833572387695,0.0817575454711914,0.0040988922119140625,0.20822477340698242,455,10,487,211,5094,1892,29615
all/randm23.02.02.11.020_0030.02.aba.beta,True,14,15,0.09824442863464355,0.09360933303833008,0.002692699432373047,0.19454646110534668,612,10,614,164,5444,1697,26032
all/randm23.02.02.11.020_0030.03.aba.beta,True,15,15,0.14622926712036133,0.1198263168334961,0.005029916763305664,0.2710855007171631,685,12,703,195,6787,2471,38610
all/randm23.02.02.11.020_0030.04.aba.beta,True,13,15,0.14037275314331055,0.1157383918762207,0.0019707679748535156,0.25808191299438477,985,8,991,159,8942,880,13630
all/randm23.02.02.11.020_0030.05.aba.beta,True,11,15,0.13453054428100586,0.08060884475708008,0.0020890235900878906,0.21722841262817383,1019,5,1019,142,8871,1001,15611
all/randm23.02.02.12.020_0030.01.aba.beta,True,33,20,2.105292797088623,17.817209243774414,0.009128570556640625,19.931630611419678,9330,23,9334,285,113911,4273,66233
all/randm23.02.02.12.020_0030.02.aba.beta,True,33,20,3.1317477226257324,29.499802827835083,0.009368419647216797,32.64091897010803,9117,22,9117,292,114652,4404,68522
all/randm23.02.02.12.020_0030.03.aba.beta,True,20,19,1.1416213512420654,9.908111572265625,0.0033915042877197266,11.05312442779541,8128,12,8149,235,99095,1564,23875
all/randm23.02.02.12.020_0030.04.aba.beta,True,38,20,1.9803411960601807,29.88492202758789,0.008550882339477539,31.87381410598755,5307,29,5319,295,77610,4421,67585
all/randm23.02.02.12.020_0030.05.aba.beta,True,40,20,2.6193618774414062,15.064417839050293,0.009525060653686523,17.693304777145386,8974,27,8974,310,128463,4300,66990
all/randm23.02.02.13.020_0030.01.aba.beta,True,20,16,0.2642672061920166,0.47740864753723145,0.007535219192504883,0.7492110729217529,1771,15,1775,229,16905,3436,53628
all/randm23.02.02.13.020_0030.02.aba.beta,True,20,17,0.3887770175933838,0.570929765701294,0.004571199417114258,0.964277982711792,2233,15,2277,248,32605,2223,34210
all/randm23.02.02.13.020_0030.03.aba.beta,True,26,16,0.404188871383667,0.3870375156402588,0.0043642520904541016,0.7955906391143799,2268,20,2296,229,30081,2147,32355
all/randm23.02.02.13.020_0030.04.aba.beta,True,30,16,0.9442880153656006,0.8338963985443115,0.005846977233886719,1.7840313911437988,3769,21,3770,227,46475,3204,51647
all/randm23.02.02.13.020_0030.05.aba.beta,True,33,19,3.2672789096832275,18.641781330108643,0.008703470230102539,21.917763710021973,16205,22,16205,281,234533,3801,59172
all/randm23.02.02.14.020_0030.01.aba.beta,True,26,20,16.770822525024414,86.37771344184875,0.0034084320068359375,103.15194439888,102382,14,102382,281,1634507,1815,27984
all/randm23.02.02.14.020_0030.02.aba.beta,True,39,20,3.3967339992523193,21.257290840148926,0.009978294372558594,24.664003133773804,9028,29,9028,292,131049,4534,70138
all/randm23.02.02.14.020_0030.03.aba.beta,True,39,20,1.1721525192260742,2.4679787158966064,0.010724544525146484,3.650855779647827,4984,29,4984,271,73922,5200,81285
all/randm23.02.02.14.020_0030.04.aba.beta,True,21,20,1.1821792125701904,5.374215364456177,0.0035212039947509766,6.559915781021118,4865,12,4870,215,61700,1517,23345
all/randm23.02.02.14.020_0030.05.aba.beta,True,38,20,1.5383086204528809,10.706059694290161,0.010994911193847656,12.25536322593689,5654,26,5663,259,85440,5053,79189
all/randm23.02.02.15.020_0030.01.aba.beta,True,11,15,0.1849217414855957,0.07129073143005371,0.0014755725860595703,0.257688045501709,1809,5,1815,179,18657,749,11634
all/randm23.02.02.15.020_0030.02.aba.beta,True,14,15,0.20490217208862305,0.19283533096313477,0.0025107860565185547,0.40024828910827637,971,10,983,178,8767,1265,19334
all/randm23.02.02.15.020_0030.03.aba.beta,True,13,15,0.12655162811279297,0.08986377716064453,0.0034644603729248047,0.2198798656463623,576,9,579,144,4703,1557,24074
all/randm23.02.02.15.020_0030.04.aba.beta,True,19,15,0.1893911361694336,0.11863231658935547,0.004499912261962891,0.31252336502075195,607,15,621,149,6766,2162,33428
all/randm23.02.02.15.020_0030.05.aba.beta,True,19,15,0.23989367485046387,0.21391558647155762,0.0025615692138671875,0.45637083053588867,1086,14,1092,153,10521,1196,18221
all/randm23.02.02.16.020_0030.01.aba.beta,True,20,20,0.37186145782470703,0.7763576507568359,0.003275156021118164,1.1514942646026611,2348,15,2358,223,23215,1540,23038
all/randm23.02.02.16.020_0030.02.aba.beta,True,20,20,1.4844210147857666,6.020537376403809,0.0041844844818115234,7.509142875671387,8346,10,8346,209,96163,2124,32650
all/randm23.02.02.16.020_0030.03.aba.beta,True,26,20,6.52584981918335,27.55873703956604,0.005898952484130859,34.09048581123352,30706,16,30706,274,450783,2953,45513
all/randm23.02.02.16.020_0030.04.aba.beta,True,17,20,0.39902663230895996,0.31806373596191406,0.002264738082885742,0.7193551063537598,1385,10,1392,197,13260,1011,15569
all/randm23.02.02.16.020_0030.05.aba.beta,True,17,20,1.5330274105072021,5.860535383224487,0.002191305160522461,7.395754098892212,16400,8,16400,231,210323,996,15237
all/randm23.02.02.17.020_0030.01.aba.beta,True,26,17,0.6705670356750488,0.848689079284668,0.005784749984741211,1.525040864944458,3844,19,3849,216,47421,2839,43681
all/randm23.02.02.17.020_0030.02.aba.beta,True,26,18,2.3594157695770264,5.29216456413269,0.009414911270141602,7.660995244979858,8085,17,8085,241,103387,4640,73714
all/randm23.02.02.17.020_0030.03.aba.beta,True,24,18,3.3331377506256104,17.163692712783813,0.004908561706542969,20.501739025115967,14375,15,14375,235,231068,2272,35266
all/randm23.02.02.17.020_0030.04.aba.beta,True,17,17,0.6702206134796143,0.682452917098999,0.002756834030151367,1.3554303646087646,3752,10,3752,209,41095,1310,19843
all/randm23.02.02.17.020_0030.05.aba.beta,True,23,18,1.201345682144165,6.932363510131836,0.0035064220428466797,8.137215614318848,6723,17,6723,228,76937,1671,25453
all/randm23.02.02.18.020_0030.01.aba.beta,True,11,14,0.18853974342346191,0.12837576866149902,0.0019335746765136719,0.3188490867614746,1649,5,1649,164,15514,900,14043
all/randm23.02.02.18.020_0030.02.aba.beta,True,8,10,0.04188346862792969,0.0275423526763916,0.0016579627990722656,0.07108378410339355,323,5,323,113,2309,775,12115
all/randm23.02.02.18.020_0030.03.aba.beta,True,18,13,0.1779470443725586,0.17612028121948242,0.006665468215942383,0.3607327938079834,1348,13,1349,177,11801,3528,55178
all/randm23.02.02.18.020_0030.04.aba.beta,True,13,13,0.09900689125061035,0.06795573234558105,0.0025005340576171875,0.1694631576538086,359,11,370,138,3026,1264,19028
all/randm23.02.02.18.020_0030.05.aba.beta,True,11,14,0.15061044692993164,0.09871745109558105,0.0014882087707519531,0.25081610679626465,839,7,839,146,6935,698,10516
all/randm23.02.02.19.020_0030.01.aba.beta,False,33,0,3.2796928882598877,237.96946001052856,0.003549337387084961,241.25270223617554,20571,21,20571,290,294744,2119,32118
all/randm23.02.02.19.020_0030.02.aba.beta,False,25,17,4.180219411849976,256.2288086414337,0.0017597675323486328,260.41078782081604,48891,12,48891,285,734423,1017,15563
all/randm23.02.02.19.020_0030.03.aba.beta,False,28,17,2.50520920753479,447.6879949569702,0.002135038375854492,450.19533920288086,25580,15,25580,265,385222,1357,19785
all/randm23.02.02.19.020_0030.04.aba.beta,False,31,16,1.2526752948760986,250.87863159179688,0.002299070358276367,252.13360595703125,20284,21,20284,261,274167,1248,17818
all/randm23.02.02.19.020_0030.05.aba.beta,False,35,17,3.8900725841522217,253.91628694534302,0.005251884460449219,257.8116114139557,27447,22,27447,301,483694,2535,39456
