file name,succeeded,learning_rounds,automaton_size,learning_time,smt_time,eq_oracle_time,total_time,queries_learning,validity_query,nodes,informative_nodes,sul_steps,queries_eq_oracle,steps_eq_oracle
all/randm04.02.02.01.020_0030.01.aba.beta,True,1,3,0.008559226989746094,0.0009098052978515625,0.0012967586517333984,0.010765790939331055,32,1,32,26,112,533,8584
all/randm04.02.02.01.020_0030.02.aba.beta,True,1,4,0.0075397491455078125,0.0007233619689941406,0.0007681846618652344,0.009031295776367188,39,1,39,30,138,535,8587
all/randm04.02.02.01.020_0030.03.aba.beta,True,1,4,0.00651860237121582,0.0007116794586181641,0.0007474422454833984,0.007977724075317383,41,1,41,28,149,530,8568
all/randm04.02.02.01.020_0030.04.aba.beta,True,1,4,0.00816655158996582,0.0009541511535644531,0.0011103153228759766,0.01023101806640625,39,1,39,32,138,537,8595
all/randm04.02.02.01.020_0030.05.aba.beta,True,1,4,0.008595466613769531,0.0008018016815185547,0.0006883144378662109,0.010085582733154297,41,1,41,33,149,541,8609
all/randm04.02.02.02.020_0030.01.aba.beta,True,1,1,0.0001366138458251953,0.00022482872009277344,0.0007128715515136719,0.0010743141174316406,15,1,15,15,34,543,8623
all/randm04.02.02.02.020_0030.02.aba.beta,True,1,1,0.007595539093017578,0.0005578994750976562,0.0015468597412109375,0.009700298309326172,15,1,15,15,34,537,8598
all/randm04.02.02.02.020_0030.03.aba.beta,True,1,1,0.00021028518676757812,0.0003790855407714844,0.001233816146850586,0.0018231868743896484,15,1,15,13,34,527,8532
all/randm04.02.02.02.020_0030.04.aba.beta,True,1,1,0.0002129077911376953,0.00037598609924316406,0.0008101463317871094,0.0013990402221679688,15,1,15,15,34,536,8589
all/randm04.02.02.02.020_0030.05.aba.beta,True,1,1,0.006439208984375,0.0004379749298095703,0.0007739067077636719,0.007651090621948242,15,1,15,15,34,536,8583
all/randm04.02.02.03.020_0030.01.aba.beta,True,1,3,0.000453948974609375,0.00041794776916503906,0.0007045269012451172,0.0015764236450195312,31,1,31,25,106,530,8548
all/randm04.02.02.03.020_0030.02.aba.beta,True,1,3,0.0004227161407470703,0.0003788471221923828,0.0007281303405761719,0.001529693603515625,31,1,31,18,106,531,8567
all/randm04.02.02.03.020_0030.03.aba.beta,True,1,3,0.0007815361022949219,0.0007505416870117188,0.0011925697326660156,0.0027246475219726562,31,1,31,25,106,537,8595
all/randm04.02.02.03.020_0030.04.aba.beta,True,1,3,0.006100893020629883,0.0005080699920654297,0.00069427490234375,0.0073032379150390625,31,1,31,26,106,540,8609
all/randm04.02.02.03.020_0030.05.aba.beta,True,2,3,0.0012423992156982422,0.001352071762084961,0.0007674694061279297,0.003361940383911133,36,2,36,25,136,539,8586
all/randm04.02.02.04.020_0030.01.aba.beta,True,1,1,0.00012755393981933594,0.0002167224884033203,0.0006766319274902344,0.0010209083557128906,15,1,15,14,34,529,8558
all/randm04.02.02.04.020_0030.02.aba.beta,True,1,1,0.00013113021850585938,0.00022530555725097656,0.0006854534149169922,0.0010418891906738281,15,1,15,15,34,531,8570
all/randm04.02.02.04.020_0030.03.aba.beta,True,1,1,0.00019168853759765625,0.0003619194030761719,0.0011906623840332031,0.0017442703247070312,15,1,15,15,34,532,8571
all/randm04.02.02.04.020_0030.04.aba.beta,True,1,1,0.00012683868408203125,0.00026345252990722656,0.0007927417755126953,0.0011830329895019531,15,1,15,15,34,535,8587
all/randm04.02.02.04.020_0030.05.aba.beta,True,1,1,0.00013184547424316406,0.0002276897430419922,0.0006933212280273438,0.0010528564453125,15,1,15,15,34,539,8598
all/randm04.02.02.05.020_0030.01.aba.beta,True,1,2,0.00032806396484375,0.0004930496215820312,0.0013151168823242188,0.00213623046875,23,1,23,19,66,533,8580
all/randm04.02.02.05.020_0030.02.aba.beta,True,1,2,0.0002346038818359375,0.0002796649932861328,0.0006859302520751953,0.0012001991271972656,23,1,23,17,66,529,8561
all/randm04.02.02.05.020_0030.03.aba.beta,True,1,2,0.0003998279571533203,0.0003681182861328125,0.0007271766662597656,0.0014951229095458984,23,1,23,20,66,538,8604
all/randm04.02.02.05.020_0030.04.aba.beta,True,1,2,0.0004284381866455078,0.0005357265472412109,0.0013346672058105469,0.0022988319396972656,23,1,23,21,66,531,8548
all/randm04.02.02.05.020_0030.05.aba.beta,True,1,2,0.00024008750915527344,0.0002903938293457031,0.0007030963897705078,0.0012335777282714844,23,1,23,19,66,528,8549
all/randm04.02.02.06.020_0030.01.aba.beta,True,1,3,0.0005893707275390625,0.0004127025604248047,0.0006754398345947266,0.0016775131225585938,34,1,34,24,113,526,8530
all/randm04.02.02.06.020_0030.02.aba.beta,True,1,3,0.0006933212280273438,0.0009133815765380859,0.001445770263671875,0.0030524730682373047,31,1,31,27,98,540,8611
all/randm04.02.02.06.020_0030.03.aba.beta,True,1,3,0.00039839744567871094,0.00042366981506347656,0.0006973743438720703,0.0015194416046142578,31,1,31,25,98,536,8596
all/randm04.02.02.06.020_0030.04.aba.beta,True,1,3,0.0004115104675292969,0.0004253387451171875,0.0006513595581054688,0.0014882087707519531,32,1,32,25,103,539,8609
all/randm04.02.02.06.020_0030.05.aba.beta,True,1,3,0.0007538795471191406,0.0008373260498046875,0.0013458728790283203,0.0029370784759521484,31,1,31,29,98,540,8605
all/randm04.02.02.07.020_0030.01.aba.beta,True,1,2,0.0003917217254638672,0.0005311965942382812,0.0013043880462646484,0.002227306365966797,23,1,23,20,66,531,8557
all/randm04.02.02.07.020_0030.02.aba.beta,True,1,2,0.0003764629364013672,0.0004906654357910156,0.0012023448944091797,0.0020694732666015625,23,1,23,18,66,531,8567
all/randm04.02.02.07.020_0030.03.aba.beta,True,1,2,0.0004191398620605469,0.0005457401275634766,0.0013551712036132812,0.0023200511932373047,23,1,23,23,66,538,8600
all/randm04.02.02.07.020_0030.04.aba.beta,True,1,2,0.00028514862060546875,0.0003097057342529297,0.0006940364837646484,0.0012888908386230469,23,1,23,22,66,538,8598
all/randm04.02.02.07.020_0030.05.aba.beta,True,1,2,0.00024771690368652344,0.0003008842468261719,0.0007414817810058594,0.0012900829315185547,23,1,23,21,66,541,8614
all/randm04.02.02.08.020_0030.01.aba.beta,True,2,4,0.0025653839111328125,0.002502918243408203,0.0013794898986816406,0.006447792053222656,67,2,68,47,741,592,9322
all/randm04.02.02.08.020_0030.02.aba.beta,True,2,4,0.0022814273834228516,0.0017824172973632812,0.0010709762573242188,0.0051348209381103516,56,2,56,31,267,561,9006
all/randm04.02.02.08.020_0030.03.aba.beta,True,2,4,0.002262115478515625,0.002318859100341797,0.0014348030090332031,0.006015777587890625,49,2,49,36,239,601,9525
all/randm04.02.02.08.020_0030.04.aba.beta,True,1,4,0.0006797313690185547,0.0006799697875976562,0.0006868839263916016,0.0020465850830078125,41,1,42,27,169,540,8611
all/randm04.02.02.08.020_0030.05.aba.beta,True,1,4,0.0007596015930175781,0.0007104873657226562,0.0006954669952392578,0.002165555953979492,42,1,43,30,176,539,8610
all/randm04.02.02.09.020_0030.01.aba.beta,True,1,3,0.0004444122314453125,0.00041675567626953125,0.0007007122039794922,0.001561880111694336,31,1,31,26,106,535,8593
all/randm04.02.02.09.020_0030.02.aba.beta,True,1,3,0.0004153251647949219,0.0003719329833984375,0.0006890296936035156,0.001476287841796875,31,1,31,21,106,524,8524
all/randm04.02.02.09.020_0030.03.aba.beta,True,1,3,0.0006909370422363281,0.0006003379821777344,0.0007112026214599609,0.0020024776458740234,31,1,31,23,106,535,8591
all/randm04.02.02.09.020_0030.04.aba.beta,True,1,3,0.00040912628173828125,0.0003790855407714844,0.0007011890411376953,0.001489400863647461,31,1,31,22,106,537,8596
all/randm04.02.02.09.020_0030.05.aba.beta,True,1,3,0.00046539306640625,0.0007128715515136719,0.0014753341674804688,0.0026535987854003906,31,1,31,26,106,536,8591
all/randm04.02.02.10.020_0030.01.aba.beta,True,1,4,0.0006425380706787109,0.0005657672882080078,0.0006842613220214844,0.0018925666809082031,40,1,40,27,144,534,8589
all/randm04.02.02.10.020_0030.02.aba.beta,True,1,4,0.0006468296051025391,0.0005505084991455078,0.0006580352783203125,0.0018553733825683594,39,1,39,26,138,520,8520
all/randm04.02.02.10.020_0030.03.aba.beta,True,1,4,0.0011894702911376953,0.001142263412475586,0.0012085437774658203,0.0035402774810791016,39,1,39,31,138,534,8577
all/randm04.02.02.10.020_0030.04.aba.beta,True,1,4,0.0011720657348632812,0.00118255615234375,0.001287698745727539,0.0036423206329345703,42,1,42,26,155,535,8594
all/randm04.02.02.10.020_0030.05.aba.beta,True,1,4,0.0006544589996337891,0.0006024837493896484,0.0006835460662841797,0.0019404888153076172,40,1,40,29,144,539,8609
all/randm04.02.02.11.020_0030.01.aba.beta,True,1,4,0.001001596450805664,0.0010685920715332031,0.0012421607971191406,0.003312349319458008,39,1,39,31,138,539,8610
all/randm04.02.02.11.020_0030.02.aba.beta,True,1,4,0.0009315013885498047,0.0009682178497314453,0.0007348060607910156,0.0026345252990722656,39,1,39,31,138,539,8604
all/randm04.02.02.11.020_0030.03.aba.beta,True,1,4,0.0008242130279541016,0.000690460205078125,0.0006949901580810547,0.0022096633911132812,43,1,43,35,160,542,8618
all/randm04.02.02.11.020_0030.04.aba.beta,True,1,4,0.0013034343719482422,0.0009260177612304688,0.0007069110870361328,0.0029363632202148438,44,1,44,29,168,537,8600
all/randm04.02.02.11.020_0030.05.aba.beta,True,1,4,0.0007107257843017578,0.0007269382476806641,0.0006740093231201172,0.002111673355102539,43,1,43,24,162,519,8506
all/randm04.02.02.12.020_0030.01.aba.beta,True,1,3,0.0006899833679199219,0.000705718994140625,0.0010516643524169922,0.002447366714477539,31,1,31,26,106,535,8576
all/randm04.02.02.12.020_0030.02.aba.beta,True,1,3,0.0006389617919921875,0.0006754398345947266,0.0012836456298828125,0.0025980472564697266,31,1,31,22,106,541,8617
all/randm04.02.02.12.020_0030.03.aba.beta,True,1,3,0.0004825592041015625,0.00045180320739746094,0.0010638236999511719,0.0019981861114501953,31,1,31,26,106,543,8611
all/randm04.02.02.12.020_0030.04.aba.beta,True,1,3,0.0004467964172363281,0.00043845176696777344,0.0006926059722900391,0.0015778541564941406,31,1,31,28,106,535,8584
all/randm04.02.02.12.020_0030.05.aba.beta,True,1,3,0.0004279613494873047,0.0003979206085205078,0.0006957054138183594,0.0015215873718261719,31,1,31,23,106,530,8562
all/randm04.02.02.13.020_0030.01.aba.beta,True,1,1,0.00013065338134765625,0.00023365020751953125,0.0012094974517822266,0.001573801040649414,15,1,15,14,34,528,8539
all/randm04.02.02.13.020_0030.02.aba.beta,True,1,1,0.00016808509826660156,0.0003273487091064453,0.0012519359588623047,0.0017473697662353516,15,1,15,15,34,535,8584
all/randm04.02.02.13.020_0030.03.aba.beta,True,1,1,0.0001480579376220703,0.00037026405334472656,0.001216888427734375,0.0017352104187011719,15,1,15,14,34,534,8583
all/randm04.02.02.13.020_0030.04.aba.beta,True,1,1,0.00012230873107910156,0.00021839141845703125,0.0007305145263671875,0.0010712146759033203,15,1,15,14,34,537,8593
all/randm04.02.02.13.020_0030.05.aba.beta,True,1,1,0.00013184547424316406,0.00021958351135253906,0.0006802082061767578,0.001031637191772461,15,1,15,15,34,543,8623
all/randm04.02.02.14.020_0030.01.aba.beta,True,1,4,0.0009126663208007812,0.0010547637939453125,0.000997781753540039,0.002965211868286133,41,1,41,33,149,540,8604
all/randm04.02.02.14.020_0030.02.aba.beta,True,1,4,0.0006287097930908203,0.0005488395690917969,0.0007030963897705078,0.001880645751953125,44,1,44,26,168,535,8590
all/randm04.02.02.14.020_0030.03.aba.beta,True,1,4,0.0006299018859863281,0.0006327629089355469,0.0006844997406005859,0.001947164535522461,39,1,39,29,138,535,8588
all/randm04.02.02.14.020_0030.04.aba.beta,True,1,4,0.0008056163787841797,0.000629425048828125,0.0006911754608154297,0.0021262168884277344,42,1,42,30,155,533,8584
all/randm04.02.02.14.020_0030.05.aba.beta,True,1,4,0.0010662078857421875,0.0010793209075927734,0.001293182373046875,0.003438711166381836,39,1,39,29,138,532,8565
all/randm04.02.02.15.020_0030.01.aba.beta,True,1,2,0.00035262107849121094,0.00045871734619140625,0.0012581348419189453,0.0020694732666015625,23,1,23,15,66,533,8586
all/randm04.02.02.15.020_0030.02.aba.beta,True,1,2,0.000240325927734375,0.0002913475036621094,0.0006847381591796875,0.0012164115905761719,23,1,23,18,66,532,8581
all/randm04.02.02.15.020_0030.03.aba.beta,True,1,2,0.0003771781921386719,0.0005095005035400391,0.0012924671173095703,0.0021791458129882812,23,1,23,21,66,541,8605
all/randm04.02.02.15.020_0030.04.aba.beta,True,1,2,0.0003795623779296875,0.0005249977111816406,0.0012614727020263672,0.0021660327911376953,23,1,23,22,66,542,8616
all/randm04.02.02.15.020_0030.05.aba.beta,True,1,2,0.0002353191375732422,0.00029015541076660156,0.0006670951843261719,0.0011925697326660156,23,1,23,19,66,534,8580
all/randm04.02.02.16.020_0030.01.aba.beta,True,1,3,0.0005502700805664062,0.0006260871887207031,0.0012726783752441406,0.00244903564453125,31,1,31,25,106,531,8564
all/randm04.02.02.16.020_0030.02.aba.beta,True,1,3,0.0004367828369140625,0.00039267539978027344,0.0006787776947021484,0.0015082359313964844,32,1,32,22,112,532,8561
all/randm04.02.02.16.020_0030.03.aba.beta,True,1,3,0.00043463706970214844,0.0004277229309082031,0.000675201416015625,0.0015375614166259766,31,1,31,22,106,537,8596
all/randm04.02.02.16.020_0030.04.aba.beta,True,1,3,0.0004343986511230469,0.00041031837463378906,0.0007078647613525391,0.001552581787109375,32,1,32,24,112,541,8613
all/randm04.02.02.16.020_0030.05.aba.beta,True,2,3,0.001547098159790039,0.001650094985961914,0.0008432865142822266,0.00404047966003418,45,2,45,38,267,553,8763
all/randm04.02.02.17.020_0030.01.aba.beta,True,1,3,0.00043272972106933594,0.0005028247833251953,0.0006973743438720703,0.0016329288482666016,31,1,31,25,106,539,8604
all/randm04.02.02.17.020_0030.02.aba.beta,True,1,3,0.00041794776916503906,0.0004062652587890625,0.0006844997406005859,0.0015087127685546875,31,1,31,24,106,537,8590
all/randm04.02.02.17.020_0030.03.aba.beta,True,1,3,0.00041961669921875,0.0004031658172607422,0.0007195472717285156,0.0015423297882080078,31,1,31,25,106,526,8526
all/randm04.02.02.17.020_0030.04.aba.beta,True,1,3,0.0004391670227050781,0.0006508827209472656,0.0008103847503662109,0.0019004344940185547,31,1,31,21,106,524,8517
all/randm04.02.02.17.020_0030.05.aba.beta,True,1,3,0.0005617141723632812,0.00043487548828125,0.0008177757263183594,0.0018143653869628906,31,1,31,26,106,529,8521
all/randm04.02.02.18.020_0030.01.aba.beta,True,1,4,0.0010616779327392578,0.001093149185180664,0.0010752677917480469,0.0032300949096679688,41,1,41,31,149,544,8628
all/randm04.02.02.18.020_0030.02.aba.beta,True,1,4,0.0010983943939208984,0.001104116439819336,0.001348733901977539,0.0035512447357177734,39,1,39,29,138,539,8608
all/randm04.02.02.18.020_0030.03.aba.beta,True,1,4,0.0006241798400878906,0.0005960464477539062,0.0006735324859619141,0.001893758773803711,41,1,41,29,149,536,8595
all/randm04.02.02.18.020_0030.04.aba.beta,True,1,4,0.0010294914245605469,0.0006184577941894531,0.0007205009460449219,0.002368450164794922,39,1,39,31,138,535,8584
all/randm04.02.02.18.020_0030.05.aba.beta,True,1,4,0.0006093978881835938,0.0005676746368408203,0.0006775856018066406,0.0018546581268310547,39,1,39,27,138,535,8591
all/randm04.02.02.19.020_0030.01.aba.beta,True,1,3,0.0004277229309082031,0.00040841102600097656,0.0006763935089111328,0.0015125274658203125,31,1,31,25,106,531,8554
all/randm04.02.02.19.020_0030.02.aba.beta,True,1,3,0.0006835460662841797,0.0007064342498779297,0.0007045269012451172,0.0020945072174072266,31,1,31,25,106,539,8594
all/randm04.02.02.19.020_0030.03.aba.beta,True,1,3,0.0006885528564453125,0.0006883144378662109,0.0014004707336425781,0.0027773380279541016,31,1,31,23,106,529,8557
all/randm04.02.02.19.020_0030.04.aba.beta,True,1,3,0.00042319297790527344,0.0004146099090576172,0.0006926059722900391,0.0015304088592529297,31,1,31,24,106,531,8568
all/randm04.02.02.19.020_0030.05.aba.beta,True,2,3,0.0008308887481689453,0.0007660388946533203,0.0006756782531738281,0.0022726058959960938,49,2,49,32,401,546,8655
all/randm05.02.02.01.020_0030.01.aba.beta,True,1,3,0.0004239082336425781,0.0004169940948486328,0.0006735324859619141,0.001514434814453125,31,1,31,26,106,531,8556
all/randm05.02.02.01.020_0030.02.aba.beta,True,1,3,0.0004131793975830078,0.00041604042053222656,0.0006966590881347656,0.00152587890625,31,1,31,26,106,537,8597
all/randm05.02.02.01.020_0030.03.aba.beta,True,1,3,0.0004475116729736328,0.00040268898010253906,0.0007052421569824219,0.0015554428100585938,33,1,33,22,118,544,8629
all/randm05.02.02.01.020_0030.04.aba.beta,True,1,3,0.0007517337799072266,0.0009074211120605469,0.001316070556640625,0.0029752254486083984,31,1,31,26,106,534,8575
all/randm05.02.02.01.020_0030.05.aba.beta,True,1,3,0.0006570816040039062,0.0006935596466064453,0.001191854476928711,0.0025424957275390625,31,1,31,24,106,522,8506
all/randm05.02.02.02.020_0030.01.aba.beta,True,1,3,0.0009655952453613281,0.0007083415985107422,0.0012881755828857422,0.0029621124267578125,34,1,35,25,125,521,8506
all/randm05.02.02.02.020_0030.02.aba.beta,True,1,3,0.0007281303405761719,0.0006451606750488281,0.0013489723205566406,0.0027222633361816406,31,1,31,19,106,534,8586
all/randm05.02.02.02.020_0030.03.aba.beta,True,1,3,0.0004589557647705078,0.00039458274841308594,0.0008246898651123047,0.0016782283782958984,31,1,31,22,106,527,8546
all/randm05.02.02.02.020_0030.04.aba.beta,True,1,3,0.0006968975067138672,0.0008685588836669922,0.000946044921875,0.0025115013122558594,32,1,32,28,112,534,8580
all/randm05.02.02.02.020_0030.05.aba.beta,True,1,3,0.0004706382751464844,0.0006363391876220703,0.0008628368377685547,0.0019698143005371094,32,1,32,24,112,532,8569
all/randm05.02.02.03.020_0030.01.aba.beta,True,1,1,0.00012803077697753906,0.000301361083984375,0.0010373592376708984,0.0014667510986328125,15,1,15,15,34,543,8619
all/randm05.02.02.03.020_0030.02.aba.beta,True,1,1,0.00019025802612304688,0.0003750324249267578,0.001251220703125,0.0018165111541748047,15,1,15,15,34,538,8597
all/randm05.02.02.03.020_0030.03.aba.beta,True,1,1,0.00012421607971191406,0.00022530555725097656,0.0006821155548095703,0.001031637191772461,15,1,15,14,34,537,8598
all/randm05.02.02.03.020_0030.04.aba.beta,True,1,1,0.00012922286987304688,0.00022125244140625,0.0006811618804931641,0.001031637191772461,15,1,15,14,34,534,8583
all/randm05.02.02.03.020_0030.05.aba.beta,True,1,1,0.00012540817260742188,0.0002117156982421875,0.0008535385131835938,0.0011906623840332031,15,1,15,12,34,521,8531
all/randm05.02.02.04.020_0030.01.aba.beta,True,2,5,0.0025491714477539062,0.002836942672729492,0.0012867450714111328,0.006672859191894531,68,2,70,45,360,582,9172
all/randm05.02.02.04.020_0030.02.aba.beta,True,1,5,0.001171112060546875,0.0009286403656005859,0.0011105537414550781,0.003210306167602539,56,1,58,33,233,535,8588
all/randm05.02.02.04.020_0030.03.aba.beta,True,1,5,0.0012173652648925781,0.0012688636779785156,0.0007052421569824219,0.0031914710998535156,54,1,54,43,219,546,8633
all/randm05.02.02.04.020_0030.04.aba.beta,True,1,5,0.0013241767883300781,0.0011425018310546875,0.000682830810546875,0.0031495094299316406,57,1,57,38,235,541,8615
all/randm05.02.02.04.020_0030.05.aba.beta,True,2,5,0.003429889678955078,0.0032835006713867188,0.0008609294891357422,0.007574319839477539,66,2,67,39,404,572,9067
all/randm05.02.02.05.020_0030.01.aba.beta,True,3,4,0.0014805793762207031,0.0018973350524902344,0.0007054805755615234,0.004083395004272461,45,3,45,30,194,551,8627
all/randm05.02.02.05.020_0030.02.aba.beta,True,1,4,0.0008671283721923828,0.0008149147033691406,0.0007154941558837891,0.0023975372314453125,44,1,44,31,186,533,8570
all/randm05.02.02.05.020_0030.03.aba.beta,True,1,4,0.0010585784912109375,0.00118255615234375,0.0011737346649169922,0.0034148693084716797,43,1,43,28,180,532,8559
all/randm05.02.02.05.020_0030.04.aba.beta,True,3,4,0.0028448104858398438,0.0026586055755615234,0.0007550716400146484,0.006258487701416016,66,3,67,48,554,592,9324
all/randm05.02.02.05.020_0030.05.aba.beta,True,1,4,0.0006806850433349609,0.0006189346313476562,0.0006802082061767578,0.001979827880859375,39,1,39,30,154,535,8569
all/randm05.02.02.06.020_0030.01.aba.beta,True,6,5,0.00420069694519043,0.0061550140380859375,0.0008594989776611328,0.0112152099609375,103,5,104,57,648,638,9809
all/randm05.02.02.06.020_0030.02.aba.beta,True,3,5,0.0024564266204833984,0.004128217697143555,0.0011670589447021484,0.0077517032623291016,87,2,87,50,470,555,8716
all/randm05.02.02.06.020_0030.03.aba.beta,True,2,5,0.003267526626586914,0.0033545494079589844,0.0011546611785888672,0.007776737213134766,66,2,67,43,373,546,8676
all/randm05.02.02.06.020_0030.04.aba.beta,True,5,5,0.004237174987792969,0.004753828048706055,0.0007266998291015625,0.009717702865600586,158,4,158,64,1319,597,9265
all/randm05.02.02.06.020_0030.05.aba.beta,True,4,5,0.003607511520385742,0.005048513412475586,0.0007352828979492188,0.009391307830810547,96,3,96,50,549,566,8777
all/randm05.02.02.07.020_0030.01.aba.beta,True,4,5,0.0029397010803222656,0.0044171810150146484,0.0009124279022216797,0.008269309997558594,103,3,103,68,623,655,10176
all/randm05.02.02.07.020_0030.02.aba.beta,True,4,5,0.005144357681274414,0.006694316864013672,0.0008769035339355469,0.012715578079223633,101,3,101,66,624,656,10191
all/randm05.02.02.07.020_0030.03.aba.beta,True,6,5,0.006277561187744141,0.007905960083007812,0.0010106563568115234,0.015194177627563477,115,5,115,80,851,736,11373
all/randm05.02.02.07.020_0030.04.aba.beta,True,5,5,0.006325244903564453,0.006336212158203125,0.001692056655883789,0.014353513717651367,152,4,152,76,1451,866,13579
all/randm05.02.02.07.020_0030.05.aba.beta,True,5,5,0.005745649337768555,0.007976770401000977,0.0011138916015625,0.014836311340332031,127,4,128,86,1011,783,12252
all/randm05.02.02.08.020_0030.01.aba.beta,True,1,3,0.0004105567932128906,0.00041604042053222656,0.0006575584411621094,0.0014841556549072266,31,1,31,23,98,524,8524
all/randm05.02.02.08.020_0030.02.aba.beta,True,1,3,0.00042748451232910156,0.0004596710205078125,0.0009171962738037109,0.001804351806640625,31,1,31,28,98,539,8600
all/randm05.02.02.08.020_0030.03.aba.beta,True,1,3,0.0006043910980224609,0.0008080005645751953,0.0012423992156982422,0.0026547908782958984,31,1,31,25,98,535,8591
all/randm05.02.02.08.020_0030.04.aba.beta,True,1,3,0.0006384849548339844,0.0006303787231445312,0.0006954669952392578,0.0019643306732177734,31,1,31,25,98,535,8591
all/randm05.02.02.08.020_0030.05.aba.beta,True,1,3,0.0006043910980224609,0.0006291866302490234,0.0007159709930419922,0.0019495487213134766,31,1,31,28,98,539,8598
all/randm05.02.02.09.020_0030.01.aba.beta,True,1,4,0.0013203620910644531,0.0010478496551513672,0.0011501312255859375,0.003518342971801758,41,1,41,31,158,535,8587
all/randm05.02.02.09.020_0030.02.aba.beta,True,1,4,0.0008714199066162109,0.0006010532379150391,0.0006842613220214844,0.0021567344665527344,45,1,45,27,183,541,8615
all/randm05.02.02.09.020_0030.03.aba.beta,True,1,4,0.0013499259948730469,0.0010797977447509766,0.0012025833129882812,0.0036323070526123047,42,1,42,31,164,541,8614
all/randm05.02.02.09.020_0030.04.aba.beta,True,1,4,0.0013632774353027344,0.0009284019470214844,0.0012006759643554688,0.0034923553466796875,46,1,46,26,189,537,8597
all/randm05.02.02.09.020_0030.05.aba.beta,True,3,4,0.0025136470794677734,0.003094911575317383,0.00121307373046875,0.006821632385253906,47,3,47,28,204,551,8664
all/randm05.02.02.10.020_0030.01.aba.beta,True,4,5,0.004179954528808594,0.0069122314453125,0.001184701919555664,0.012276887893676758,75,4,77,53,518,584,9105
all/randm05.02.02.10.020_0030.02.aba.beta,True,4,5,0.0036754608154296875,0.004296064376831055,0.0007243156433105469,0.008695840835571289,102,3,103,63,601,574,8909
all/randm05.02.02.10.020_0030.03.aba.beta,True,3,5,0.0026967525482177734,0.0035784244537353516,0.0007088184356689453,0.00698399543762207,73,3,74,46,607,562,8854
all/randm05.02.02.10.020_0030.04.aba.beta,True,2,5,0.003105640411376953,0.0035424232482910156,0.0009438991546630859,0.007591962814331055,69,2,70,44,338,547,8672
all/randm05.02.02.10.020_0030.05.aba.beta,True,3,5,0.003938198089599609,0.005437135696411133,0.0011837482452392578,0.01055908203125,60,3,60,38,266,539,8587
all/randm05.02.02.11.020_0030.01.aba.beta,True,1,5,0.0016665458679199219,0.00167083740234375,0.001058816909790039,0.004396200180053711,50,1,50,36,195,543,8620
all/randm05.02.02.11.020_0030.02.aba.beta,True,2,5,0.0019259452819824219,0.001895904541015625,0.0007126331329345703,0.004534482955932617,50,2,50,38,194,540,8590
all/randm05.02.02.11.020_0030.03.aba.beta,True,2,5,0.0016655921936035156,0.0017054080963134766,0.0006866455078125,0.004057645797729492,55,2,56,34,227,537,8594
all/randm05.02.02.11.020_0030.04.aba.beta,True,1,5,0.001893758773803711,0.002523660659790039,0.0012183189392089844,0.005635738372802734,54,1,54,36,217,531,8566
all/randm05.02.02.11.020_0030.05.aba.beta,True,1,5,0.0015454292297363281,0.0024766921997070312,0.0011289119720458984,0.005151033401489258,47,1,47,36,178,537,8588
all/randm05.02.02.12.020_0030.01.aba.beta,True,2,3,0.001035451889038086,0.0012607574462890625,0.0011997222900390625,0.003495931625366211,43,2,43,30,212,552,8706
all/randm05.02.02.12.020_0030.02.aba.beta,True,1,3,0.0003986358642578125,0.00040268898010253906,0.0006821155548095703,0.0014834403991699219,31,1,31,24,106,539,8607
all/randm05.02.02.12.020_0030.03.aba.beta,True,1,3,0.0006613731384277344,0.0007121562957763672,0.0011851787567138672,0.0025587081909179688,35,1,35,25,122,526,8552
all/randm05.02.02.12.020_0030.04.aba.beta,True,1,3,0.0005490779876708984,0.00045609474182128906,0.0006759166717529297,0.0016810894012451172,32,1,32,28,112,541,8610
all/randm05.02.02.12.020_0030.05.aba.beta,True,2,3,0.0013985633850097656,0.0015833377838134766,0.0012562274932861328,0.004238128662109375,43,2,43,36,233,578,9157
all/randm05.02.02.13.020_0030.01.aba.beta,True,1,5,0.0009679794311523438,0.0024220943450927734,0.0011661052703857422,0.004556179046630859,47,1,47,34,186,532,8558
all/randm05.02.02.13.020_0030.02.aba.beta,True,2,5,0.002005338668823242,0.0020477771759033203,0.000705718994140625,0.0047588348388671875,82,2,82,51,545,552,8790
all/randm05.02.02.13.020_0030.03.aba.beta,True,1,5,0.002004384994506836,0.0016481876373291016,0.00078582763671875,0.0044384002685546875,51,1,51,35,208,541,8613
all/randm05.02.02.13.020_0030.04.aba.beta,True,2,5,0.0020613670349121094,0.0031964778900146484,0.001260519027709961,0.006518363952636719,58,2,58,34,265,547,8655
all/randm05.02.02.13.020_0030.05.aba.beta,True,1,5,0.0012507438659667969,0.0011525154113769531,0.0008161067962646484,0.0032193660736083984,53,1,53,40,225,539,8595
all/randm05.02.02.14.020_0030.01.aba.beta,True,1,1,0.00012683868408203125,0.00022673606872558594,0.0006756782531738281,0.0010292530059814453,15,1,15,15,34,531,8569
all/randm05.02.02.14.020_0030.02.aba.beta,True,1,1,0.0001232624053955078,0.00021457672119140625,0.0007071495056152344,0.0010449886322021484,15,1,15,14,34,530,8565
all/randm05.02.02.14.020_0030.03.aba.beta,True,1,1,0.00017333030700683594,0.00036835670471191406,0.0012006759643554688,0.0017423629760742188,15,1,15,15,34,541,8613
all/randm05.02.02.14.020_0030.04.aba.beta,True,1,1,0.00011968612670898438,0.000217437744140625,0.00070953369140625,0.0010466575622558594,15,1,15,15,34,532,8544
all/randm05.02.02.14.020_0030.05.aba.beta,True,1,1,0.0001723766326904297,0.0003726482391357422,0.0010581016540527344,0.0016031265258789062,15,1,15,14,34,530,8544
all/randm05.02.02.15.020_0030.01.aba.beta,True,2,3,0.0008642673492431641,0.0008435249328613281,0.0006592273712158203,0.0023670196533203125,39,2,39,30,161,537,8584
all/randm05.02.02.15.020_0030.02.aba.beta,True,1,3,0.00044155120849609375,0.00041103363037109375,0.0007498264312744141,0.0016024112701416016,32,1,32,24,112,536,8587
all/randm05.02.02.15.020_0030.03.aba.beta,True,1,3,0.0004000663757324219,0.0003876686096191406,0.0006930828094482422,0.0014808177947998047,31,1,31,22,106,534,8575
all/randm05.02.02.15.020_0030.04.aba.beta,True,2,3,0.0007731914520263672,0.000823974609375,0.0006806850433349609,0.002277851104736328,41,2,41,29,178,546,8654
all/randm05.02.02.15.020_0030.05.aba.beta,True,1,3,0.0004317760467529297,0.00042128562927246094,0.0006792545318603516,0.0015323162078857422,31,1,31,23,106,540,8608
all/randm05.02.02.16.020_0030.01.aba.beta,True,1,1,0.00017309188842773438,0.000217437744140625,0.0007059574127197266,0.001096487045288086,15,1,15,13,34,534,8587
all/randm05.02.02.16.020_0030.02.aba.beta,True,1,1,0.00017070770263671875,0.00021958351135253906,0.0009300708770751953,0.0013203620910644531,15,1,15,14,34,540,8611
all/randm05.02.02.16.020_0030.03.aba.beta,True,1,1,0.000118255615234375,0.00022530555725097656,0.0006792545318603516,0.0010228157043457031,15,1,15,15,34,534,8572
all/randm05.02.02.16.020_0030.04.aba.beta,True,1,1,0.00017690658569335938,0.00037407875061035156,0.0011343955993652344,0.0016853809356689453,15,1,15,15,34,543,8622
all/randm05.02.02.16.020_0030.05.aba.beta,True,1,1,0.00015997886657714844,0.00036525726318359375,0.0011663436889648438,0.001691579818725586,15,1,15,15,34,543,8624
all/randm05.02.02.17.020_0030.01.aba.beta,True,2,5,0.0019845962524414062,0.0023632049560546875,0.0007541179656982422,0.005101919174194336,61,2,61,45,318,597,9517
all/randm05.02.02.17.020_0030.02.aba.beta,True,1,5,0.0019860267639160156,0.0017902851104736328,0.001359701156616211,0.005136013031005859,62,1,62,34,284,534,8580
all/randm05.02.02.17.020_0030.03.aba.beta,True,7,5,0.011693477630615234,0.01030278205871582,0.0009500980377197266,0.02294635772705078,157,5,157,77,1677,711,10887
all/randm05.02.02.17.020_0030.04.aba.beta,True,2,5,0.002138853073120117,0.0030469894409179688,0.0008144378662109375,0.0060002803802490234,75,2,75,54,466,636,10079
all/randm05.02.02.17.020_0030.05.aba.beta,True,2,5,0.0030755996704101562,0.004229545593261719,0.0012941360473632812,0.008599281311035156,76,2,76,55,466,614,9681
all/randm05.02.02.18.020_0030.01.aba.beta,True,1,1,0.0001227855682373047,0.00021886825561523438,0.0007162094116210938,0.0010578632354736328,15,1,15,15,34,534,8577
all/randm05.02.02.18.020_0030.02.aba.beta,True,1,1,0.00012183189392089844,0.00021600723266601562,0.0006892681121826172,0.0010271072387695312,15,1,15,14,34,535,8592
all/randm05.02.02.18.020_0030.03.aba.beta,True,1,1,0.0001690387725830078,0.0003647804260253906,0.0007236003875732422,0.0012574195861816406,15,1,15,13,34,529,8564
all/randm05.02.02.18.020_0030.04.aba.beta,True,1,1,0.00011706352233886719,0.00021386146545410156,0.0006659030914306641,0.0009968280792236328,15,1,15,14,34,523,8497
all/randm05.02.02.18.020_0030.05.aba.beta,True,1,1,0.0001804828643798828,0.0003719329833984375,0.0011014938354492188,0.001653909683227539,15,1,15,15,34,533,8555
all/randm05.02.02.19.020_0030.01.aba.beta,True,1,3,0.0008821487426757812,0.0007672309875488281,0.0010499954223632812,0.0026993751525878906,33,1,33,28,118,539,8606
all/randm05.02.02.19.020_0030.02.aba.beta,True,1,3,0.0005841255187988281,0.00044226646423339844,0.0006766319274902344,0.001703023910522461,32,1,32,28,112,544,8625
all/randm05.02.02.19.020_0030.03.aba.beta,True,1,3,0.0003979206085205078,0.0004000663757324219,0.0009253025054931641,0.0017232894897460938,31,1,31,23,106,528,8556
all/randm05.02.02.19.020_0030.04.aba.beta,True,1,3,0.00046062469482421875,0.00040984153747558594,0.0007135868072509766,0.0015840530395507812,31,1,31,23,106,530,8556
all/randm05.02.02.19.020_0030.05.aba.beta,True,1,3,0.0004105567932128906,0.0004100799560546875,0.0006754398345947266,0.0014960765838623047,32,1,32,24,112,524,8532
all/randm06.02.02.01.020_0030.01.aba.beta,True,2,4,0.0019259452819824219,0.0013499259948730469,0.0009844303131103516,0.00426030158996582,47,2,47,36,190,549,8649
all/randm06.02.02.01.020_0030.02.aba.beta,True,1,4,0.0009248256683349609,0.0006413459777832031,0.0006928443908691406,0.0022590160369873047,39,1,39,30,138,537,8595
all/randm06.02.02.01.020_0030.03.aba.beta,True,1,4,0.0010895729064941406,0.0010440349578857422,0.0011506080627441406,0.0032842159271240234,43,1,43,34,160,539,8605
all/randm06.02.02.01.020_0030.04.aba.beta,True,2,4,0.0017282962799072266,0.0016741752624511719,0.0006971359252929688,0.004099607467651367,56,2,56,46,359,550,8766
all/randm06.02.02.01.020_0030.05.aba.beta,True,3,4,0.002928018569946289,0.0030565261840820312,0.0008752346038818359,0.006859779357910156,92,3,92,72,1252,651,10195
all/randm06.02.02.02.020_0030.01.aba.beta,True,1,3,0.0004949569702148438,0.0006914138793945312,0.0011241436004638672,0.002310514450073242,32,1,32,24,112,536,8584
all/randm06.02.02.02.020_0030.02.aba.beta,True,1,3,0.00041484832763671875,0.0006418228149414062,0.001146554946899414,0.002203226089477539,31,1,31,20,106,513,8454
all/randm06.02.02.02.020_0030.03.aba.beta,True,1,3,0.0006384849548339844,0.000530242919921875,0.0011730194091796875,0.002341747283935547,32,1,32,26,112,536,8599
all/randm06.02.02.02.020_0030.04.aba.beta,True,1,3,0.000522613525390625,0.0004267692565917969,0.0006895065307617188,0.0016388893127441406,32,1,32,27,112,537,8594
all/randm06.02.02.02.020_0030.05.aba.beta,True,1,3,0.0007624626159667969,0.0007238388061523438,0.000865936279296875,0.0023522377014160156,33,1,33,25,118,537,8594
all/randm06.02.02.03.020_0030.01.aba.beta,True,1,5,0.0013742446899414062,0.0009641647338867188,0.0006647109985351562,0.0030031204223632812,52,1,52,34,209,535,8590
all/randm06.02.02.03.020_0030.02.aba.beta,True,1,5,0.0010344982147216797,0.0010464191436767578,0.0006911754608154297,0.002772092819213867,49,1,49,34,190,535,8580
all/randm06.02.02.03.020_0030.03.aba.beta,True,1,5,0.0011417865753173828,0.0010123252868652344,0.0007150173187255859,0.002869129180908203,53,1,53,36,212,541,8616
all/randm06.02.02.03.020_0030.04.aba.beta,True,1,5,0.0017642974853515625,0.0017387866973876953,0.0011150836944580078,0.004618167877197266,50,1,50,35,195,539,8610
all/randm06.02.02.03.020_0030.05.aba.beta,True,2,5,0.0016984939575195312,0.0018811225891113281,0.0006868839263916016,0.004266500473022461,49,2,49,36,190,545,8621
all/randm06.02.02.04.020_0030.01.aba.beta,True,1,1,0.0001952648162841797,0.00036525726318359375,0.0011620521545410156,0.001722574234008789,15,1,15,13,34,525,8535
all/randm06.02.02.04.020_0030.02.aba.beta,True,1,1,0.0001919269561767578,0.00037288665771484375,0.0011243820190429688,0.0016891956329345703,15,1,15,15,34,531,8571
all/randm06.02.02.04.020_0030.03.aba.beta,True,1,1,0.00019621849060058594,0.0003705024719238281,0.0010950565338134766,0.0016617774963378906,15,1,15,14,34,535,8590
all/randm06.02.02.04.020_0030.04.aba.beta,True,1,1,0.0001342296600341797,0.00026988983154296875,0.0011866092681884766,0.001590728759765625,15,1,15,14,34,532,8555
all/randm06.02.02.04.020_0030.05.aba.beta,True,1,1,0.00019979476928710938,0.00040459632873535156,0.0010998249053955078,0.0017042160034179688,15,1,15,13,34,525,8541
all/randm06.02.02.05.020_0030.01.aba.beta,True,4,5,0.004518032073974609,0.005270957946777344,0.0007004737854003906,0.010489463806152344,145,3,145,57,1026,549,8732
all/randm06.02.02.05.020_0030.02.aba.beta,True,2,5,0.0021142959594726562,0.0013933181762695312,0.0006961822509765625,0.00420379638671875,76,1,76,39,356,534,8569
all/randm06.02.02.05.020_0030.03.aba.beta,True,1,5,0.0025420188903808594,0.0015435218811035156,0.0007326602935791016,0.0048182010650634766,57,1,57,44,236,545,8627
all/randm06.02.02.05.020_0030.04.aba.beta,True,1,5,0.0013933181762695312,0.0017290115356445312,0.0006868839263916016,0.003809213638305664,56,1,56,34,231,528,8557
all/randm06.02.02.05.020_0030.05.aba.beta,True,3,5,0.004991769790649414,0.005613803863525391,0.0012586116790771484,0.011864185333251953,87,3,89,67,621,607,9439
all/randm06.02.02.06.020_0030.01.aba.beta,True,2,5,0.002869844436645508,0.0020227432250976562,0.0006928443908691406,0.005585432052612305,65,2,69,42,319,542,8613
all/randm06.02.02.06.020_0030.02.aba.beta,True,3,5,0.004362583160400391,0.0036840438842773438,0.0007750988006591797,0.008821725845336914,87,3,91,68,665,612,9495
all/randm06.02.02.06.020_0030.03.aba.beta,True,3,5,0.0038442611694335938,0.002606630325317383,0.0007534027099609375,0.007204294204711914,88,3,106,67,667,567,8934
all/randm06.02.02.06.020_0030.04.aba.beta,True,6,5,0.011031389236450195,0.010580778121948242,0.0010979175567626953,0.022710084915161133,96,6,96,75,999,744,11428
all/randm06.02.02.06.020_0030.05.aba.beta,True,6,5,0.009029150009155273,0.009955167770385742,0.0012781620025634766,0.020262479782104492,98,5,98,51,555,628,9673
all/randm06.02.02.07.020_0030.01.aba.beta,True,3,5,0.004014492034912109,0.003976583480834961,0.0010089874267578125,0.009000062942504883,91,2,92,48,432,541,8607
all/randm06.02.02.07.020_0030.02.aba.beta,True,2,5,0.0033605098724365234,0.002380847930908203,0.0006804466247558594,0.006421804428100586,64,2,64,46,304,550,8682
all/randm06.02.02.07.020_0030.03.aba.beta,True,2,5,0.0025506019592285156,0.0021750926971435547,0.0007340908050537109,0.005459785461425781,67,2,67,45,302,548,8639
all/randm06.02.02.07.020_0030.04.aba.beta,True,4,5,0.006733894348144531,0.0063054561614990234,0.001096487045288086,0.01413583755493164,88,3,88,50,436,553,8694
all/randm06.02.02.07.020_0030.05.aba.beta,True,1,5,0.0014307498931884766,0.0010306835174560547,0.0006940364837646484,0.0031554698944091797,55,1,55,38,221,536,8591
all/randm06.02.02.08.020_0030.01.aba.beta,True,1,4,0.0011072158813476562,0.0006968975067138672,0.0006566047668457031,0.0024607181549072266,44,1,44,34,167,535,8562
all/randm06.02.02.08.020_0030.02.aba.beta,True,1,4,0.0006735324859619141,0.000579833984375,0.0006837844848632812,0.0019371509552001953,39,1,39,27,138,525,8533
all/randm06.02.02.08.020_0030.03.aba.beta,True,1,4,0.0007221698760986328,0.0006988048553466797,0.0009067058563232422,0.0023276805877685547,41,1,41,30,149,525,8512
all/randm06.02.02.08.020_0030.04.aba.beta,True,1,4,0.0006999969482421875,0.0006139278411865234,0.0007109642028808594,0.0020248889923095703,43,1,43,28,160,530,8570
all/randm06.02.02.08.020_0030.05.aba.beta,True,1,4,0.0009725093841552734,0.0006415843963623047,0.0006926059722900391,0.002306699752807617,41,1,41,32,149,544,8629
all/randm06.02.02.09.020_0030.01.aba.beta,True,3,5,0.0060579776763916016,0.006870269775390625,0.0015344619750976562,0.014462709426879883,77,3,78,62,513,696,11028
all/randm06.02.02.09.020_0030.02.aba.beta,True,2,5,0.0045049190521240234,0.002635955810546875,0.0008797645568847656,0.008020639419555664,81,2,81,60,611,553,8897
all/randm06.02.02.09.020_0030.03.aba.beta,True,2,5,0.00429224967956543,0.0025348663330078125,0.0007343292236328125,0.007561445236206055,83,2,83,61,648,567,9010
all/randm06.02.02.09.020_0030.04.aba.beta,True,4,5,0.0057942867279052734,0.004356861114501953,0.0012738704681396484,0.011425018310546875,116,4,116,54,857,623,9789
all/randm06.02.02.09.020_0030.05.aba.beta,True,5,5,0.008492708206176758,0.00735783576965332,0.0007760524749755859,0.016626596450805664,147,3,150,61,1218,582,9158
all/randm06.02.02.10.020_0030.01.aba.beta,True,1,4,0.0008974075317382812,0.0006306171417236328,0.0006797313690185547,0.0022077560424804688,41,1,41,31,149,538,8595
all/randm06.02.02.10.020_0030.02.aba.beta,True,1,4,0.0007936954498291016,0.0006272792816162109,0.0007607936859130859,0.0021817684173583984,39,1,39,31,138,538,8602
all/randm06.02.02.10.020_0030.03.aba.beta,True,1,4,0.0011982917785644531,0.0011363029479980469,0.0011525154113769531,0.003487110137939453,40,1,40,30,144,528,8529
all/randm06.02.02.10.020_0030.04.aba.beta,True,1,4,0.0009627342224121094,0.0006740093231201172,0.0006854534149169922,0.0023221969604492188,43,1,43,33,160,542,8619
all/randm06.02.02.10.020_0030.05.aba.beta,True,1,4,0.0016589164733886719,0.0006589889526367188,0.0007100105285644531,0.0030279159545898438,41,1,41,33,149,541,8613
all/randm06.02.02.11.020_0030.01.aba.beta,True,5,6,0.009986639022827148,0.009747028350830078,0.0011467933654785156,0.020880460739135742,137,4,139,75,1142,635,9848
all/randm06.02.02.11.020_0030.02.aba.beta,True,7,6,0.01748371124267578,0.013853311538696289,0.001043081283569336,0.032380104064941406,173,6,176,81,1713,757,11675
all/randm06.02.02.11.020_0030.03.aba.beta,True,6,6,0.006493091583251953,0.008917093276977539,0.0007283687591552734,0.016138553619384766,180,3,180,72,1040,559,8705
all/randm06.02.02.11.020_0030.04.aba.beta,True,6,6,0.013416051864624023,0.010697364807128906,0.00092315673828125,0.02503657341003418,159,5,171,80,1224,660,10185
all/randm06.02.02.11.020_0030.05.aba.beta,True,5,6,0.00900411605834961,0.010377645492553711,0.0009164810180664062,0.020298242568969727,124,3,126,78,923,668,10381
all/randm06.02.02.12.020_0030.01.aba.beta,True,1,4,0.0017108917236328125,0.0009670257568359375,0.0006811618804931641,0.003359079360961914,41,1,41,32,168,542,8616
all/randm06.02.02.12.020_0030.02.aba.beta,True,1,4,0.0010542869567871094,0.0007002353668212891,0.0006623268127441406,0.002416849136352539,52,1,52,26,240,531,8573
all/randm06.02.02.12.020_0030.03.aba.beta,True,1,4,0.0007758140563964844,0.0006279945373535156,0.0006859302520751953,0.0020897388458251953,43,1,43,22,183,532,8576
all/randm06.02.02.12.020_0030.04.aba.beta,True,1,4,0.0007607936859130859,0.0005803108215332031,0.0006906986236572266,0.0020318031311035156,41,1,41,28,168,541,8608
all/randm06.02.02.12.020_0030.05.aba.beta,True,1,4,0.0013680458068847656,0.0010042190551757812,0.001138448715209961,0.003510713577270508,42,1,42,27,176,544,8626
all/randm06.02.02.13.020_0030.01.aba.beta,True,3,4,0.003927707672119141,0.0033316612243652344,0.0012035369873046875,0.008462905883789062,58,3,58,41,401,563,8876
all/randm06.02.02.13.020_0030.02.aba.beta,True,4,4,0.0034551620483398438,0.0038652420043945312,0.001028299331665039,0.008348703384399414,78,4,78,64,597,668,10346
all/randm06.02.02.13.020_0030.03.aba.beta,True,2,4,0.001695394515991211,0.0016825199127197266,0.0012180805206298828,0.00459599494934082,43,2,43,33,180,540,8590
all/randm06.02.02.13.020_0030.04.aba.beta,True,3,4,0.002307891845703125,0.0020797252655029297,0.0007410049438476562,0.005128622055053711,63,3,63,50,550,577,9038
all/randm06.02.02.13.020_0030.05.aba.beta,True,2,4,0.0013811588287353516,0.0013973712921142578,0.000728607177734375,0.0035071372985839844,48,2,48,32,226,542,8636
all/randm06.02.02.14.020_0030.01.aba.beta,True,3,6,0.004662752151489258,0.005433559417724609,0.0006814002990722656,0.010777711868286133,99,2,99,46,504,534,8586
all/randm06.02.02.14.020_0030.02.aba.beta,True,2,6,0.0026328563690185547,0.0022630691528320312,0.0010364055633544922,0.005932331085205078,68,2,68,37,343,545,8621
all/randm06.02.02.14.020_0030.03.aba.beta,True,3,6,0.0036988258361816406,0.003153085708618164,0.0007023811340332031,0.007554292678833008,83,3,87,42,477,539,8572
all/randm06.02.02.14.020_0030.04.aba.beta,True,1,6,0.003640413284301758,0.00145721435546875,0.0011200904846191406,0.0062177181243896484,77,1,78,39,408,532,8563
all/randm06.02.02.14.020_0030.05.aba.beta,True,1,6,0.0021593570709228516,0.0013110637664794922,0.0006868839263916016,0.004157304763793945,75,1,78,40,392,533,8561
all/randm06.02.02.15.020_0030.01.aba.beta,True,3,5,0.002788543701171875,0.00263214111328125,0.0007495880126953125,0.0061702728271484375,85,3,85,41,623,585,9179
all/randm06.02.02.15.020_0030.02.aba.beta,True,2,5,0.0035457611083984375,0.0029921531677246094,0.000827789306640625,0.007365703582763672,85,2,85,45,627,612,9709
all/randm06.02.02.15.020_0030.03.aba.beta,True,1,5,0.0017387866973876953,0.0008623600006103516,0.0006988048553466797,0.0032999515533447266,61,1,62,34,324,535,8587
all/randm06.02.02.15.020_0030.04.aba.beta,True,2,5,0.0037109851837158203,0.0024242401123046875,0.0010707378387451172,0.007205963134765625,77,2,77,50,560,560,8854
all/randm06.02.02.15.020_0030.05.aba.beta,True,3,5,0.0031099319458007812,0.0024449825286865234,0.0007736682891845703,0.006328582763671875,80,3,80,37,500,607,9612
all/randm06.02.02.16.020_0030.01.aba.beta,True,1,3,0.0004451274871826172,0.0005118846893310547,0.0008132457733154297,0.0017702579498291016,31,1,31,26,98,524,8503
all/randm06.02.02.16.020_0030.02.aba.beta,True,1,3,0.0004475116729736328,0.00042724609375,0.0006837844848632812,0.001558542251586914,31,1,31,25,98,537,8602
all/randm06.02.02.16.020_0030.03.aba.beta,True,1,3,0.0004634857177734375,0.0004317760467529297,0.0006940364837646484,0.0015892982482910156,31,1,31,23,98,522,8501
all/randm06.02.02.16.020_0030.04.aba.beta,True,1,3,0.0004673004150390625,0.00044226646423339844,0.0006921291351318359,0.0016016960144042969,31,1,31,28,98,539,8603
all/randm06.02.02.16.020_0030.05.aba.beta,True,1,3,0.000461578369140625,0.00044918060302734375,0.0007038116455078125,0.0016145706176757812,31,1,31,28,98,543,8622
all/randm06.02.02.17.020_0030.01.aba.beta,True,1,4,0.0017299652099609375,0.0010721683502197266,0.0011248588562011719,0.003926992416381836,45,1,45,28,171,535,8594
all/randm06.02.02.17.020_0030.02.aba.beta,True,1,4,0.0011334419250488281,0.0011830329895019531,0.0007946491241455078,0.003111124038696289,41,1,41,34,149,542,8615
all/randm06.02.02.17.020_0030.03.aba.beta,True,1,4,0.0016036033630371094,0.0011188983917236328,0.0011467933654785156,0.003869295120239258,42,1,42,30,155,535,8592
all/randm06.02.02.17.020_0030.04.aba.beta,True,1,4,0.0015807151794433594,0.0009775161743164062,0.0011708736419677734,0.003729104995727539,44,1,44,27,168,533,8582
all/randm06.02.02.17.020_0030.05.aba.beta,True,1,4,0.0006742477416992188,0.0006244182586669922,0.0006818771362304688,0.0019805431365966797,39,1,39,28,138,531,8559
all/randm06.02.02.18.020_0030.01.aba.beta,True,2,6,0.005273342132568359,0.004674196243286133,0.0007307529449462891,0.010678291320800781,93,2,101,66,634,565,8887
all/randm06.02.02.18.020_0030.02.aba.beta,True,1,6,0.0018765926361083984,0.0015490055084228516,0.0007176399230957031,0.004143238067626953,70,1,73,40,322,526,8531
all/randm06.02.02.18.020_0030.03.aba.beta,True,1,6,0.003017902374267578,0.00249481201171875,0.00109100341796875,0.006603717803955078,68,1,68,40,307,532,8568
all/randm06.02.02.18.020_0030.04.aba.beta,True,2,6,0.0057184696197509766,0.005949974060058594,0.0012273788452148438,0.012895822525024414,119,2,126,70,949,552,8929
all/randm06.02.02.18.020_0030.05.aba.beta,True,1,6,0.0020334720611572266,0.0013954639434814453,0.0006735324859619141,0.004102468490600586,63,1,63,39,281,533,8578
all/randm06.02.02.19.020_0030.01.aba.beta,True,1,1,0.0001938343048095703,0.0003581047058105469,0.0011470317840576172,0.0016989707946777344,15,1,15,14,34,533,8572
all/randm06.02.02.19.020_0030.02.aba.beta,True,1,1,0.00013709068298339844,0.00022172927856445312,0.0006861686706542969,0.0010449886322021484,15,1,15,14,34,537,8597
all/randm06.02.02.19.020_0030.03.aba.beta,True,1,1,0.0001347064971923828,0.00022172927856445312,0.0006830692291259766,0.0010395050048828125,15,1,15,14,34,533,8578
all/randm06.02.02.19.020_0030.04.aba.beta,True,1,1,0.00012350082397460938,0.00022029876708984375,0.0007219314575195312,0.0010657310485839844,15,1,15,13,34,523,8524
all/randm06.02.02.19.020_0030.05.aba.beta,True,1,1,0.00013327598571777344,0.00021958351135253906,0.0006983280181884766,0.001051187515258789,15,1,15,14,34,525,8527
all/randm07.02.02.01.020_0030.01.aba.beta,True,1,1,0.00013065338134765625,0.00022482872009277344,0.0006668567657470703,0.0010223388671875,15,1,15,14,34,529,8553
all/randm07.02.02.01.020_0030.02.aba.beta,True,1,1,0.0001385211944580078,0.000244140625,0.0009708404541015625,0.0013535022735595703,15,1,15,14,34,526,8542
all/randm07.02.02.01.020_0030.03.aba.beta,True,1,1,0.0001316070556640625,0.00022411346435546875,0.0006935596466064453,0.0010492801666259766,15,1,15,15,34,531,8553
all/randm07.02.02.01.020_0030.04.aba.beta,True,1,1,0.00019669532775878906,0.0003712177276611328,0.0011212825775146484,0.0016891956329345703,15,1,15,15,34,530,8550
all/randm07.02.02.01.020_0030.05.aba.beta,True,1,1,0.0001347064971923828,0.0002281665802001953,0.0009505748748779297,0.0013134479522705078,15,1,15,15,34,540,8609
all/randm07.02.02.02.020_0030.01.aba.beta,True,1,1,0.0001895427703857422,0.000385284423828125,0.0008692741394042969,0.001444101333618164,15,1,15,14,34,535,8587
all/randm07.02.02.02.020_0030.02.aba.beta,True,1,1,0.0001323223114013672,0.00021910667419433594,0.0006794929504394531,0.0010309219360351562,15,1,15,14,34,538,8598
all/randm07.02.02.02.020_0030.03.aba.beta,True,1,1,0.00019741058349609375,0.0003712177276611328,0.0011038780212402344,0.001672506332397461,15,1,15,14,34,533,8583
all/randm07.02.02.02.020_0030.04.aba.beta,True,1,1,0.00012826919555664062,0.0002200603485107422,0.0006577968597412109,0.0010061264038085938,15,1,15,14,34,521,8515
all/randm07.02.02.02.020_0030.05.aba.beta,True,1,1,0.00018596649169921875,0.0002715587615966797,0.0009365081787109375,0.001394033432006836,15,1,15,13,34,531,8576
all/randm07.02.02.03.020_0030.01.aba.beta,True,5,7,0.012669801712036133,0.011008739471435547,0.0007684230804443359,0.024446964263916016,194,4,196,73,1300,574,8859
all/randm07.02.02.03.020_0030.02.aba.beta,True,3,7,0.0067729949951171875,0.0071828365325927734,0.0007393360137939453,0.014695167541503906,148,2,150,60,939,548,8681
all/randm07.02.02.03.020_0030.03.aba.beta,True,10,7,0.021251678466796875,0.021402597427368164,0.0007534027099609375,0.04340767860412598,234,7,234,75,1776,612,9143
all/randm07.02.02.03.020_0030.04.aba.beta,True,8,7,0.015728473663330078,0.019898176193237305,0.0016608238220214844,0.03728747367858887,127,8,138,78,1256,1185,18301
all/randm07.02.02.03.020_0030.05.aba.beta,True,7,7,0.01799750328063965,0.018167734146118164,0.0014100074768066406,0.03757524490356445,186,6,189,78,1574,673,10304
all/randm07.02.02.04.020_0030.01.aba.beta,True,1,4,0.0007796287536621094,0.0006878376007080078,0.0006952285766601562,0.0021626949310302734,39,1,39,33,138,536,8585
all/randm07.02.02.04.020_0030.02.aba.beta,True,2,4,0.0017681121826171875,0.0016078948974609375,0.0007102489471435547,0.00408625602722168,52,2,52,41,249,554,8705
all/randm07.02.02.04.020_0030.03.aba.beta,True,2,4,0.0016772747039794922,0.0013897418975830078,0.0006971359252929688,0.0037641525268554688,51,2,51,40,236,549,8675
all/randm07.02.02.04.020_0030.04.aba.beta,True,1,4,0.0007572174072265625,0.0005891323089599609,0.0006880760192871094,0.002034425735473633,39,1,39,29,138,530,8558
all/randm07.02.02.04.020_0030.05.aba.beta,True,2,4,0.0017528533935546875,0.0013689994812011719,0.0007009506225585938,0.003822803497314453,47,2,47,37,194,541,8618
all/randm07.02.02.05.020_0030.01.aba.beta,True,5,6,0.008677959442138672,0.010670185089111328,0.0010290145874023438,0.020377159118652344,201,3,202,72,1315,585,9185
all/randm07.02.02.05.020_0030.02.aba.beta,True,6,6,0.009381532669067383,0.010846853256225586,0.0014066696166992188,0.021635055541992188,142,5,146,76,1205,706,10827
all/randm07.02.02.05.020_0030.03.aba.beta,True,2,6,0.004227638244628906,0.0031633377075195312,0.0007426738739013672,0.008133649826049805,83,2,84,57,512,550,8791
all/randm07.02.02.05.020_0030.04.aba.beta,True,1,6,0.0019888877868652344,0.0013887882232666016,0.0006861686706542969,0.004063844680786133,70,1,77,47,327,541,8616
all/randm07.02.02.05.020_0030.05.aba.beta,True,4,6,0.005631446838378906,0.006490230560302734,0.0007431507110595703,0.012864828109741211,105,3,105,61,556,589,9169
all/randm07.02.02.06.020_0030.01.aba.beta,True,1,4,0.0009405612945556641,0.0006906986236572266,0.0007071495056152344,0.002338409423828125,41,1,41,32,149,533,8576
all/randm07.02.02.06.020_0030.02.aba.beta,True,1,4,0.0012028217315673828,0.0011196136474609375,0.0011754035949707031,0.0034978389739990234,39,1,39,32,138,538,8598
all/randm07.02.02.06.020_0030.03.aba.beta,True,1,4,0.0007216930389404297,0.0006420612335205078,0.000690460205078125,0.0020542144775390625,39,1,39,31,138,539,8603
all/randm07.02.02.06.020_0030.04.aba.beta,True,1,4,0.001100778579711914,0.0006868839263916016,0.0007081031799316406,0.0024957656860351562,39,1,39,30,138,534,8580
all/randm07.02.02.06.020_0030.05.aba.beta,True,1,4,0.0007197856903076172,0.000659942626953125,0.0007026195526123047,0.002082347869873047,39,1,39,30,138,534,8577
all/randm07.02.02.07.020_0030.01.aba.beta,True,5,6,0.009395360946655273,0.011670351028442383,0.0012142658233642578,0.022279977798461914,157,4,158,88,1407,621,9729
all/randm07.02.02.07.020_0030.02.aba.beta,True,4,6,0.0064239501953125,0.0074710845947265625,0.0009081363677978516,0.014803171157836914,103,4,108,73,848,723,11238
all/randm07.02.02.07.020_0030.03.aba.beta,True,10,6,0.013412952423095703,0.01560831069946289,0.00090789794921875,0.029929161071777344,144,8,146,69,1128,700,10503
all/randm07.02.02.07.020_0030.04.aba.beta,True,8,6,0.00987863540649414,0.012252092361450195,0.0010936260223388672,0.023224353790283203,176,6,176,71,1027,845,13120
all/randm07.02.02.07.020_0030.05.aba.beta,True,5,6,0.009634017944335938,0.010819196701049805,0.0011157989501953125,0.021569013595581055,111,4,115,65,641,838,12870
all/randm07.02.02.08.020_0030.01.aba.beta,True,1,1,0.00020503997802734375,0.000377655029296875,0.0011546611785888672,0.001737356185913086,15,1,15,15,34,542,8613
all/randm07.02.02.08.020_0030.02.aba.beta,True,1,1,0.00018477439880371094,0.00036406517028808594,0.0011663436889648438,0.0017151832580566406,15,1,15,15,34,539,8607
all/randm07.02.02.08.020_0030.03.aba.beta,True,1,1,0.00012969970703125,0.0002243518829345703,0.0006840229034423828,0.0010380744934082031,15,1,15,15,34,534,8577
all/randm07.02.02.08.020_0030.04.aba.beta,True,1,1,0.00019979476928710938,0.0003731250762939453,0.0011138916015625,0.0016868114471435547,15,1,15,14,34,536,8592
all/randm07.02.02.08.020_0030.05.aba.beta,True,1,1,0.00012040138244628906,0.00021982192993164062,0.0007045269012451172,0.0010447502136230469,15,1,15,14,34,536,8587
all/randm07.02.02.09.020_0030.01.aba.beta,True,1,3,0.0007860660552978516,0.000759124755859375,0.0011744499206542969,0.0027196407318115234,31,1,31,27,98,534,8580
all/randm07.02.02.09.020_0030.02.aba.beta,True,1,3,0.00046539306640625,0.0004291534423828125,0.0006959438323974609,0.0015904903411865234,31,1,31,26,98,531,8547
all/randm07.02.02.09.020_0030.03.aba.beta,True,1,3,0.0007677078247070312,0.0004787445068359375,0.0007078647613525391,0.001954317092895508,31,1,31,27,98,540,8608
all/randm07.02.02.09.020_0030.04.aba.beta,True,1,3,0.0007309913635253906,0.0007472038269042969,0.0010075569152832031,0.0024857521057128906,31,1,31,27,98,532,8560
all/randm07.02.02.09.020_0030.05.aba.beta,True,1,3,0.0006787776947021484,0.0007343292236328125,0.0007047653198242188,0.0021178722381591797,31,1,31,25,98,531,8559
all/randm07.02.02.10.020_0030.01.aba.beta,True,1,1,0.00012922286987304688,0.0002200603485107422,0.0006899833679199219,0.001039266586303711,15,1,15,14,34,537,8599
all/randm07.02.02.10.020_0030.02.aba.beta,True,1,1,0.00013113021850585938,0.00029659271240234375,0.0006899833679199219,0.001117706298828125,15,1,15,14,34,540,8608
all/randm07.02.02.10.020_0030.03.aba.beta,True,1,1,0.0001327991485595703,0.0002231597900390625,0.0006690025329589844,0.0010249614715576172,15,1,15,15,34,527,8497
all/randm07.02.02.10.020_0030.04.aba.beta,True,1,1,0.00012946128845214844,0.00022029876708984375,0.0007073879241943359,0.0010571479797363281,15,1,15,14,34,537,8603
all/randm07.02.02.10.020_0030.05.aba.beta,True,1,1,0.0001952648162841797,0.00038504600524902344,0.0011157989501953125,0.0016961097717285156,15,1,15,14,34,528,8551
all/randm07.02.02.11.020_0030.01.aba.beta,True,4,5,0.0040874481201171875,0.004846334457397461,0.0009329319000244141,0.009866714477539062,94,3,94,53,524,661,10461
all/randm07.02.02.11.020_0030.02.aba.beta,True,1,5,0.001333475112915039,0.0010361671447753906,0.0006864070892333984,0.003056049346923828,51,1,51,38,211,535,8586
all/randm07.02.02.11.020_0030.03.aba.beta,True,2,5,0.0034105777740478516,0.002287626266479492,0.0009882450103759766,0.00668644905090332,73,2,74,55,530,732,11834
all/randm07.02.02.11.020_0030.04.aba.beta,True,5,5,0.0059015750885009766,0.0069122314453125,0.0009145736694335938,0.01372838020324707,98,4,99,55,511,694,10888
all/randm07.02.02.11.020_0030.05.aba.beta,True,4,5,0.0058023929595947266,0.00592350959777832,0.0008842945098876953,0.012610197067260742,111,3,112,76,783,631,9890
all/randm07.02.02.12.020_0030.01.aba.beta,True,1,3,0.0004818439483642578,0.00044727325439453125,0.0006835460662841797,0.0016126632690429688,31,1,31,27,98,535,8582
all/randm07.02.02.12.020_0030.02.aba.beta,True,1,3,0.0007128715515136719,0.0007183551788330078,0.0009322166442871094,0.002363443374633789,31,1,31,25,98,535,8590
all/randm07.02.02.12.020_0030.03.aba.beta,True,1,3,0.0004305839538574219,0.00040435791015625,0.0007107257843017578,0.0015456676483154297,31,1,31,23,98,531,8573
all/randm07.02.02.12.020_0030.04.aba.beta,True,1,3,0.0004258155822753906,0.0004115104675292969,0.0007073879241943359,0.0015447139739990234,31,1,31,24,98,527,8548
all/randm07.02.02.12.020_0030.05.aba.beta,True,1,3,0.0007274150848388672,0.0007390975952148438,0.0011513233184814453,0.0026178359985351562,31,1,31,25,98,534,8586
all/randm07.02.02.13.020_0030.01.aba.beta,True,4,7,0.0112457275390625,0.011420965194702148,0.0011093616485595703,0.02377605438232422,98,4,104,64,657,585,9054
all/randm07.02.02.13.020_0030.02.aba.beta,True,4,7,0.00961756706237793,0.012904644012451172,0.001338958740234375,0.023861169815063477,132,4,137,87,946,905,14530
all/randm07.02.02.13.020_0030.03.aba.beta,True,3,7,0.00691986083984375,0.008774995803833008,0.0009229183197021484,0.016617774963378906,102,3,105,74,795,691,10817
all/randm07.02.02.13.020_0030.04.aba.beta,True,4,7,0.00807499885559082,0.009573221206665039,0.0007355213165283203,0.01838374137878418,217,2,217,88,1561,569,9041
all/randm07.02.02.13.020_0030.05.aba.beta,True,3,7,0.0054967403411865234,0.005974531173706055,0.0012145042419433594,0.012685775756835938,97,3,106,65,704,625,9655
all/randm07.02.02.14.020_0030.01.aba.beta,True,1,3,0.0004591941833496094,0.0004382133483886719,0.0006787776947021484,0.0015761852264404297,31,1,31,27,98,542,8619
all/randm07.02.02.14.020_0030.02.aba.beta,True,1,3,0.000476837158203125,0.0004489421844482422,0.0006897449493408203,0.0016155242919921875,31,1,31,28,98,538,8587
all/randm07.02.02.14.020_0030.03.aba.beta,True,1,3,0.000759124755859375,0.0006921291351318359,0.0011425018310546875,0.0025937557220458984,31,1,31,25,98,525,8535
all/randm07.02.02.14.020_0030.04.aba.beta,True,1,3,0.0004355907440185547,0.0004112720489501953,0.0006916522979736328,0.0015385150909423828,31,1,31,24,98,529,8551
all/randm07.02.02.14.020_0030.05.aba.beta,True,1,3,0.0007648468017578125,0.0007894039154052734,0.0011754035949707031,0.002729654312133789,31,1,31,28,98,539,8603
all/randm07.02.02.15.020_0030.01.aba.beta,True,3,7,0.006048917770385742,0.0046844482421875,0.0007102489471435547,0.011443614959716797,130,2,137,65,709,548,8635
all/randm07.02.02.15.020_0030.02.aba.beta,True,6,7,0.01111459732055664,0.012416601181030273,0.0007374286651611328,0.024268627166748047,266,3,271,81,1782,577,9133
all/randm07.02.02.15.020_0030.03.aba.beta,True,4,7,0.007048845291137695,0.006608486175537109,0.0007596015930175781,0.014416933059692383,100,4,103,57,766,581,8908
all/randm07.02.02.15.020_0030.04.aba.beta,True,1,7,0.0037517547607421875,0.0024580955505371094,0.0009393692016601562,0.007149219512939453,81,1,83,46,406,540,8608
all/randm07.02.02.15.020_0030.05.aba.beta,True,8,7,0.018768310546875,0.022909879684448242,0.0012979507446289062,0.04297614097595215,200,6,200,93,1622,991,15517
all/randm07.02.02.16.020_0030.01.aba.beta,True,2,4,0.0019497871398925781,0.001611471176147461,0.0007278919219970703,0.004289150238037109,47,2,47,37,194,552,8671
all/randm07.02.02.16.020_0030.02.aba.beta,True,2,4,0.001310586929321289,0.0013430118560791016,0.0009987354278564453,0.003652334213256836,43,2,43,35,164,544,8620
all/randm07.02.02.16.020_0030.03.aba.beta,True,2,4,0.001893758773803711,0.0018818378448486328,0.000698089599609375,0.004473686218261719,44,2,44,30,174,541,8619
all/randm07.02.02.16.020_0030.04.aba.beta,True,2,4,0.0018475055694580078,0.0014350414276123047,0.0008308887481689453,0.004113435745239258,49,2,49,41,225,541,8586
all/randm07.02.02.16.020_0030.05.aba.beta,True,2,4,0.0021309852600097656,0.0014832019805908203,0.0007064342498779297,0.004320621490478516,55,2,55,44,324,553,8768
all/randm07.02.02.17.020_0030.01.aba.beta,True,5,6,0.013355731964111328,0.013134241104125977,0.0015573501586914062,0.02804732322692871,141,5,143,92,1436,769,11962
all/randm07.02.02.17.020_0030.02.aba.beta,True,7,6,0.015653371810913086,0.017920732498168945,0.0012395381927490234,0.034813642501831055,150,5,153,95,1204,816,12738
all/randm07.02.02.17.020_0030.03.aba.beta,True,3,6,0.004887580871582031,0.004717111587524414,0.0012917518615722656,0.010896444320678711,78,3,78,49,505,623,9721
all/randm07.02.02.17.020_0030.04.aba.beta,True,4,6,0.010326862335205078,0.006513833999633789,0.0008151531219482422,0.01765584945678711,130,4,133,83,1538,639,9990
all/randm07.02.02.17.020_0030.05.aba.beta,True,6,6,0.009181499481201172,0.010251998901367188,0.0007228851318359375,0.020156383514404297,111,4,111,59,670,588,9026
all/randm07.02.02.18.020_0030.01.aba.beta,True,7,7,0.01788616180419922,0.012536048889160156,0.0012352466583251953,0.03165745735168457,220,4,223,76,2145,654,10167
all/randm07.02.02.18.020_0030.02.aba.beta,True,7,7,0.019673824310302734,0.012971878051757812,0.0009021759033203125,0.03354787826538086,207,6,211,84,2218,706,10829
all/randm07.02.02.18.020_0030.03.aba.beta,True,5,7,0.018680572509765625,0.014239311218261719,0.0014503002166748047,0.03437018394470215,209,4,214,95,1954,730,11372
all/randm07.02.02.18.020_0030.04.aba.beta,True,7,7,0.03041362762451172,0.021146059036254883,0.0010526180267333984,0.0526123046875,212,6,233,111,2461,727,11207
all/randm07.02.02.18.020_0030.05.aba.beta,True,11,7,0.042757511138916016,0.037593841552734375,0.0015320777893066406,0.08188343048095703,276,9,301,177,2643,1129,17125
all/randm07.02.02.19.020_0030.01.aba.beta,True,3,5,0.004243612289428711,0.0038993358612060547,0.0007474422454833984,0.008890390396118164,96,2,96,57,626,556,8818
all/randm07.02.02.19.020_0030.02.aba.beta,True,5,5,0.01226186752319336,0.009519815444946289,0.001016378402709961,0.02279806137084961,181,4,184,81,2250,650,10215
all/randm07.02.02.19.020_0030.03.aba.beta,True,2,5,0.0023887157440185547,0.002315521240234375,0.0008034706115722656,0.005507707595825195,73,2,73,56,539,617,9780
all/randm07.02.02.19.020_0030.04.aba.beta,True,4,5,0.006075143814086914,0.00634312629699707,0.0012974739074707031,0.013715744018554688,117,3,117,59,917,595,9337
all/randm07.02.02.19.020_0030.05.aba.beta,True,2,5,0.0030744075775146484,0.0031065940856933594,0.0012428760528564453,0.007423877716064453,55,2,55,34,243,651,10343
all/randm08.02.02.01.020_0030.01.aba.beta,True,5,7,0.008229970932006836,0.010441064834594727,0.0007634162902832031,0.019434452056884766,143,4,143,67,1184,599,9252
all/randm08.02.02.01.020_0030.02.aba.beta,True,5,7,0.010031700134277344,0.014241218566894531,0.001535177230834961,0.025808095932006836,146,4,146,95,979,935,14619
all/randm08.02.02.01.020_0030.03.aba.beta,True,4,7,0.007109880447387695,0.00904536247253418,0.0007834434509277344,0.01693868637084961,140,3,140,76,868,595,9305
all/randm08.02.02.01.020_0030.04.aba.beta,True,3,7,0.007435321807861328,0.008767366409301758,0.0011630058288574219,0.017365694046020508,128,2,128,70,787,771,12259
all/randm08.02.02.01.020_0030.05.aba.beta,True,3,7,0.0048046112060546875,0.006791830062866211,0.0013303756713867188,0.012926816940307617,119,2,119,57,623,598,9497
all/randm08.02.02.02.020_0030.01.aba.beta,True,1,6,0.0023224353790283203,0.0014052391052246094,0.0007109642028808594,0.004438638687133789,79,1,79,39,415,539,8610
all/randm08.02.02.02.020_0030.02.aba.beta,True,3,6,0.007171630859375,0.004862546920776367,0.0007069110870361328,0.0127410888671875,144,2,145,50,909,538,8624
all/randm08.02.02.02.020_0030.03.aba.beta,True,3,6,0.004160165786743164,0.004945516586303711,0.0011436939239501953,0.01024937629699707,89,3,89,38,701,565,8814
all/randm08.02.02.02.020_0030.04.aba.beta,True,5,6,0.010643720626831055,0.010241508483886719,0.0012807846069335938,0.022166013717651367,116,5,117,54,1048,626,9650
all/randm08.02.02.02.020_0030.05.aba.beta,True,4,6,0.008336782455444336,0.008094549179077148,0.0007653236389160156,0.0171966552734375,142,3,142,55,1055,592,9212
all/randm08.02.02.03.020_0030.01.aba.beta,True,5,7,0.007295370101928711,0.010401248931884766,0.0006985664367675781,0.018395185470581055,200,3,200,75,1208,560,8725
all/randm08.02.02.03.020_0030.02.aba.beta,True,5,7,0.008938789367675781,0.012225151062011719,0.0007147789001464844,0.021878719329833984,134,3,134,66,796,568,8823
all/randm08.02.02.03.020_0030.03.aba.beta,True,4,7,0.008419275283813477,0.005534648895263672,0.0006999969482421875,0.014653921127319336,147,3,149,62,874,554,8678
all/randm08.02.02.03.020_0030.04.aba.beta,True,4,7,0.010466337203979492,0.012380361557006836,0.0007700920104980469,0.023616790771484375,92,4,93,58,534,574,8830
all/randm08.02.02.03.020_0030.05.aba.beta,True,3,7,0.010437250137329102,0.01035165786743164,0.0007042884826660156,0.021493196487426758,142,2,144,68,854,559,8780
all/randm08.02.02.04.020_0030.01.aba.beta,True,5,6,0.009991884231567383,0.009379386901855469,0.0008356571197509766,0.020206928253173828,164,4,164,84,1729,653,10211
all/randm08.02.02.04.020_0030.02.aba.beta,True,3,6,0.008778095245361328,0.0046961307525634766,0.0007383823394775391,0.014212608337402344,128,3,132,61,1375,576,9206
all/randm08.02.02.04.020_0030.03.aba.beta,True,5,6,0.010972023010253906,0.010364532470703125,0.0009319782257080078,0.02226853370666504,124,5,127,83,1083,684,10558
all/randm08.02.02.04.020_0030.04.aba.beta,True,2,6,0.0067293643951416016,0.003698587417602539,0.0010759830474853516,0.011503934860229492,106,2,112,62,970,558,8774
all/randm08.02.02.04.020_0030.05.aba.beta,True,6,6,0.010375022888183594,0.012329578399658203,0.0008976459503173828,0.02360224723815918,173,4,173,70,1010,672,10499
all/randm08.02.02.05.020_0030.01.aba.beta,True,1,5,0.0015344619750976562,0.0010838508605957031,0.0007250308990478516,0.003343343734741211,53,1,53,35,241,539,8602
all/randm08.02.02.05.020_0030.02.aba.beta,True,1,5,0.0011157989501953125,0.0008971691131591797,0.0007004737854003906,0.002713441848754883,47,1,47,32,202,538,8602
all/randm08.02.02.05.020_0030.03.aba.beta,True,1,5,0.0012526512145996094,0.0010907649993896484,0.0006768703460693359,0.0030202865600585938,54,1,54,28,252,536,8585
all/randm08.02.02.05.020_0030.04.aba.beta,True,2,5,0.0018649101257324219,0.0016148090362548828,0.0007565021514892578,0.0042362213134765625,58,2,58,29,270,594,9477
all/randm08.02.02.05.020_0030.05.aba.beta,True,2,5,0.002622842788696289,0.0020148754119873047,0.0007126331329345703,0.005350351333618164,80,2,82,46,539,563,8838
all/randm08.02.02.06.020_0030.01.aba.beta,True,2,8,0.010980606079101562,0.008349895477294922,0.0007264614105224609,0.020056962966918945,132,2,137,72,1574,559,8920
all/randm08.02.02.06.020_0030.02.aba.beta,True,6,8,0.01730179786682129,0.01937556266784668,0.0008273124694824219,0.03750467300415039,197,4,203,88,1950,627,9742
all/randm08.02.02.06.020_0030.03.aba.beta,True,4,8,0.010575056076049805,0.013290643692016602,0.0012583732604980469,0.025124073028564453,161,3,163,74,1003,619,9775
all/randm08.02.02.06.020_0030.04.aba.beta,True,1,8,0.006150960922241211,0.004739522933959961,0.0011377334594726562,0.012028217315673828,102,1,108,58,523,540,8605
all/randm08.02.02.06.020_0030.05.aba.beta,True,7,8,0.01846790313720703,0.01943039894104004,0.0008215904235839844,0.038719892501831055,290,4,296,84,2075,603,9410
all/randm08.02.02.07.020_0030.01.aba.beta,True,1,1,0.00013065338134765625,0.00022339820861816406,0.0006783008575439453,0.0010323524475097656,15,1,15,15,34,536,8587
all/randm08.02.02.07.020_0030.02.aba.beta,True,1,1,0.00019550323486328125,0.0003783702850341797,0.0012159347534179688,0.0017898082733154297,15,1,15,14,34,524,8514
all/randm08.02.02.07.020_0030.03.aba.beta,True,1,1,0.0001239776611328125,0.00022649765014648438,0.0006511211395263672,0.001001596450805664,15,1,15,13,34,519,8504
all/randm08.02.02.07.020_0030.04.aba.beta,True,1,1,0.00020360946655273438,0.00036835670471191406,0.0011951923370361328,0.0017671585083007812,15,1,15,14,34,539,8604
all/randm08.02.02.07.020_0030.05.aba.beta,True,1,1,0.00012564659118652344,0.00021982192993164062,0.0006687641143798828,0.0010142326354980469,15,1,15,14,34,530,8566
all/randm08.02.02.08.020_0030.01.aba.beta,True,6,6,0.015170574188232422,0.00995492935180664,0.0007917881011962891,0.02591729164123535,210,4,229,106,1885,629,9712
all/randm08.02.02.08.020_0030.02.aba.beta,True,9,6,0.03641772270202637,0.025935649871826172,0.0010001659393310547,0.0633535385131836,520,6,520,146,4612,787,12209
all/randm08.02.02.08.020_0030.03.aba.beta,True,9,6,0.012653827667236328,0.01436305046081543,0.0012328624725341797,0.028249740600585938,208,7,209,87,1538,960,15037
all/randm08.02.02.08.020_0030.04.aba.beta,True,7,6,0.020366907119750977,0.01390838623046875,0.0012927055358886719,0.0355679988861084,292,5,292,79,3212,639,9640
all/randm08.02.02.08.020_0030.05.aba.beta,True,6,6,0.010162830352783203,0.009192466735839844,0.0013327598571777344,0.02068805694580078,165,4,165,63,1495,604,9322
all/randm08.02.02.09.020_0030.01.aba.beta,True,1,7,0.0034220218658447266,0.0018186569213867188,0.0006887912750244141,0.005929470062255859,79,1,79,43,369,535,8591
all/randm08.02.02.09.020_0030.02.aba.beta,True,4,7,0.01297140121459961,0.012022018432617188,0.0014629364013671875,0.026456356048583984,198,4,205,113,2679,1163,18575
all/randm08.02.02.09.020_0030.03.aba.beta,True,5,7,0.011621952056884766,0.011383771896362305,0.0009486675262451172,0.023954391479492188,140,4,140,70,848,675,10560
all/randm08.02.02.09.020_0030.04.aba.beta,True,5,7,0.014110326766967773,0.014404296875,0.0017192363739013672,0.03023386001586914,160,4,160,80,1086,1068,16748
all/randm08.02.02.09.020_0030.05.aba.beta,True,4,7,0.0069158077239990234,0.005708456039428711,0.0007090568542480469,0.013333320617675781,158,3,160,53,1111,542,8604
all/randm08.02.02.10.020_0030.01.aba.beta,True,5,7,0.014260292053222656,0.011936664581298828,0.0015025138854980469,0.02769947052001953,185,4,186,85,2030,764,12008
all/randm08.02.02.10.020_0030.02.aba.beta,True,7,7,0.013908624649047852,0.015446186065673828,0.001950979232788086,0.031305789947509766,198,6,200,112,2020,1556,24395
all/randm08.02.02.10.020_0030.03.aba.beta,True,5,7,0.0163419246673584,0.01438760757446289,0.0012562274932861328,0.03198575973510742,143,5,151,67,1288,631,9602
all/randm08.02.02.10.020_0030.04.aba.beta,True,8,7,0.02229785919189453,0.019837141036987305,0.0023963451385498047,0.04453134536743164,224,7,227,121,2402,1415,22036
all/randm08.02.02.10.020_0030.05.aba.beta,True,5,7,0.010837793350219727,0.017482280731201172,0.001529693603515625,0.029849767684936523,152,4,152,91,1246,1132,18187
all/randm08.02.02.11.020_0030.01.aba.beta,True,11,8,0.021927833557128906,0.027147531509399414,0.0014042854309082031,0.05047965049743652,222,9,228,70,2165,1085,16441
all/randm08.02.02.11.020_0030.02.aba.beta,True,8,8,0.018239974975585938,0.018505573272705078,0.002820253372192383,0.0395658016204834,197,7,205,71,1695,1510,23882
all/randm08.02.02.11.020_0030.03.aba.beta,True,9,8,0.020142078399658203,0.028026819229125977,0.0010764598846435547,0.049245357513427734,185,7,187,84,1663,828,12733
all/randm08.02.02.11.020_0030.04.aba.beta,True,6,8,0.015604019165039062,0.017247915267944336,0.001096963882446289,0.03394889831542969,130,6,132,66,1008,848,12915
all/randm08.02.02.11.020_0030.05.aba.beta,True,10,8,0.017490386962890625,0.02024078369140625,0.0017232894897460938,0.03945446014404297,189,9,192,81,1595,940,14085
all/randm08.02.02.12.020_0030.01.aba.beta,True,5,5,0.006222963333129883,0.005738258361816406,0.0009002685546875,0.012861490249633789,148,4,148,84,1526,694,10919
all/randm08.02.02.12.020_0030.02.aba.beta,True,4,5,0.008357524871826172,0.007903575897216797,0.0018990039825439453,0.018160104751586914,120,3,120,78,830,809,12856
all/randm08.02.02.12.020_0030.03.aba.beta,True,3,5,0.0030355453491210938,0.003223896026611328,0.0008473396301269531,0.007106781005859375,98,2,98,71,621,647,10186
all/randm08.02.02.12.020_0030.04.aba.beta,True,5,5,0.0070612430572509766,0.006712913513183594,0.00083160400390625,0.01460576057434082,115,4,115,68,707,638,9795
all/randm08.02.02.12.020_0030.05.aba.beta,True,5,5,0.010736227035522461,0.009284496307373047,0.0010247230529785156,0.021045446395874023,142,4,142,78,1441,710,10938
all/randm08.02.02.13.020_0030.01.aba.beta,True,11,8,0.03184223175048828,0.04369616508483887,0.0012364387512207031,0.07677483558654785,322,7,322,144,2789,884,13591
all/randm08.02.02.13.020_0030.02.aba.beta,True,13,8,0.03952813148498535,0.047312259674072266,0.001800537109375,0.08864092826843262,289,9,289,135,2300,1364,20969
all/randm08.02.02.13.020_0030.03.aba.beta,True,9,8,0.02821636199951172,0.03704118728637695,0.0010585784912109375,0.06631612777709961,173,6,178,92,1280,829,12784
all/randm08.02.02.13.020_0030.04.aba.beta,True,9,8,0.02757120132446289,0.0350346565246582,0.0011034011840820312,0.06370925903320312,277,6,279,131,2302,854,13140
all/randm08.02.02.13.020_0030.05.aba.beta,True,13,8,0.05671882629394531,0.05063509941101074,0.001756906509399414,0.10911083221435547,271,9,305,171,2662,1253,19613
all/randm08.02.02.14.020_0030.01.aba.beta,True,10,6,0.03466987609863281,0.03864407539367676,0.0026798248291015625,0.07599377632141113,222,9,222,164,2270,1660,25851
all/randm08.02.02.14.020_0030.02.aba.beta,True,12,6,0.03992271423339844,0.03805351257324219,0.0019540786743164062,0.07993030548095703,275,10,276,161,2682,1430,22241
all/randm08.02.02.14.020_0030.03.aba.beta,True,10,6,0.022397279739379883,0.028588533401489258,0.0013802051544189453,0.052366018295288086,227,8,227,127,1962,961,14841
all/randm08.02.02.14.020_0030.04.aba.beta,True,10,6,0.032448530197143555,0.026567935943603516,0.002032041549682617,0.06104850769042969,351,7,351,145,4240,1263,20177
all/randm08.02.02.14.020_0030.05.aba.beta,True,9,6,0.030936002731323242,0.026169538497924805,0.001800537109375,0.05890607833862305,234,8,235,130,2342,1187,18004
all/randm08.02.02.15.020_0030.01.aba.beta,True,6,5,0.013517379760742188,0.010800600051879883,0.0010409355163574219,0.025358915328979492,129,5,129,94,1142,748,11627
all/randm08.02.02.15.020_0030.02.aba.beta,True,5,5,0.0073430538177490234,0.006103992462158203,0.0015227794647216797,0.014969825744628906,99,5,101,64,764,826,12884
all/randm08.02.02.15.020_0030.03.aba.beta,True,5,5,0.0075032711029052734,0.008179664611816406,0.0012018680572509766,0.016884803771972656,97,4,97,65,615,588,9026
all/randm08.02.02.15.020_0030.04.aba.beta,True,5,5,0.009837865829467773,0.007980108261108398,0.0008590221405029297,0.0186769962310791,84,5,87,56,529,634,9798
all/randm08.02.02.15.020_0030.05.aba.beta,True,4,5,0.004896402359008789,0.004513740539550781,0.0007205009460449219,0.010130643844604492,100,3,101,60,620,568,8945
all/randm08.02.02.16.020_0030.01.aba.beta,True,4,5,0.006822824478149414,0.0058307647705078125,0.0007672309875488281,0.013420820236206055,92,3,93,49,491,586,9147
all/randm08.02.02.16.020_0030.02.aba.beta,True,5,5,0.009871482849121094,0.010578393936157227,0.001369476318359375,0.021819353103637695,126,4,126,83,1177,674,10699
all/randm08.02.02.16.020_0030.03.aba.beta,True,5,5,0.0059049129486083984,0.006500720977783203,0.0014352798461914062,0.013840913772583008,119,4,119,81,857,1120,17683
all/randm08.02.02.16.020_0030.04.aba.beta,True,7,5,0.010950803756713867,0.010901689529418945,0.0013213157653808594,0.023173809051513672,130,6,130,95,981,980,15213
all/randm08.02.02.16.020_0030.05.aba.beta,True,5,5,0.005925416946411133,0.005823850631713867,0.0009760856628417969,0.012725353240966797,97,4,97,58,629,665,10413
all/randm08.02.02.17.020_0030.01.aba.beta,True,2,6,0.0038123130798339844,0.0028192996978759766,0.0007176399230957031,0.007349252700805664,87,2,87,49,481,553,8723
all/randm08.02.02.17.020_0030.02.aba.beta,True,3,6,0.005357503890991211,0.004761934280395508,0.0011451244354248047,0.011264562606811523,125,3,125,72,1608,890,14204
all/randm08.02.02.17.020_0030.03.aba.beta,True,1,6,0.0029904842376708984,0.0013442039489746094,0.0007100105285644531,0.005044698715209961,64,1,66,40,280,534,8589
all/randm08.02.02.17.020_0030.04.aba.beta,True,1,6,0.0030465126037597656,0.0022230148315429688,0.0006933212280273438,0.005962848663330078,78,1,81,42,367,533,8577
all/randm08.02.02.17.020_0030.05.aba.beta,True,2,6,0.003313779830932617,0.0042154788970947266,0.0011403560638427734,0.008669614791870117,95,1,95,41,450,517,8485
all/randm08.02.02.18.020_0030.01.aba.beta,True,4,6,0.00826573371887207,0.004461050033569336,0.0007336139678955078,0.013460397720336914,128,3,129,61,971,558,8778
all/randm08.02.02.18.020_0030.02.aba.beta,True,7,6,0.012808799743652344,0.015195846557617188,0.0017871856689453125,0.029791831970214844,206,4,206,108,1596,995,15785
all/randm08.02.02.18.020_0030.03.aba.beta,True,6,6,0.007099151611328125,0.007947444915771484,0.001626729965209961,0.01667332649230957,118,5,118,73,791,852,13279
all/randm08.02.02.18.020_0030.04.aba.beta,True,7,6,0.019155502319335938,0.016127824783325195,0.0013840198516845703,0.0366673469543457,321,5,322,115,3219,878,13741
all/randm08.02.02.18.020_0030.05.aba.beta,True,9,6,0.01832747459411621,0.018613576889038086,0.0014138221740722656,0.03835487365722656,209,6,209,123,1865,1105,17319
all/randm08.02.02.19.020_0030.01.aba.beta,True,4,8,0.011863470077514648,0.010735511779785156,0.0007333755493164062,0.02333235740661621,173,3,181,75,1274,572,8818
all/randm08.02.02.19.020_0030.02.aba.beta,True,4,8,0.01049947738647461,0.01264810562133789,0.0012767314910888672,0.024424314498901367,164,4,172,95,2087,953,15362
all/randm08.02.02.19.020_0030.03.aba.beta,True,5,8,0.009034872055053711,0.011561155319213867,0.0008862018585205078,0.021482229232788086,155,4,155,77,989,633,9770
all/randm08.02.02.19.020_0030.04.aba.beta,True,6,8,0.01977372169494629,0.022351503372192383,0.0007901191711425781,0.04291534423828125,197,4,207,84,1323,589,9150
all/randm08.02.02.19.020_0030.05.aba.beta,True,8,8,0.01825547218322754,0.02622056007385254,0.0012607574462890625,0.04573678970336914,194,7,194,83,1406,977,14864
all/randm09.02.02.01.020_0030.01.aba.beta,True,11,9,0.03888583183288574,0.044077396392822266,0.0015988349914550781,0.08456206321716309,314,8,314,96,2502,1216,19076
all/randm09.02.02.01.020_0030.02.aba.beta,True,4,7,0.01799607276916504,0.011584758758544922,0.0011620521545410156,0.030742883682250977,161,3,173,83,1082,590,9262
all/randm09.02.02.01.020_0030.03.aba.beta,True,12,9,0.03293466567993164,0.04804253578186035,0.0013082027435302734,0.08228540420532227,510,8,510,111,4490,1008,15554
all/randm09.02.02.01.020_0030.04.aba.beta,True,10,9,0.0361475944519043,0.03771328926086426,0.001295328140258789,0.07515621185302734,297,7,316,126,2181,1050,16082
all/randm09.02.02.01.020_0030.05.aba.beta,True,11,9,0.047629594802856445,0.04851508140563965,0.0018208026885986328,0.09796547889709473,379,6,385,103,3763,1043,16211
all/randm09.02.02.02.020_0030.01.aba.beta,True,12,8,0.04701995849609375,0.047531843185424805,0.0018682479858398438,0.0964200496673584,311,9,313,91,2502,1161,17511
all/randm09.02.02.02.020_0030.02.aba.beta,True,8,7,0.024502038955688477,0.018927812576293945,0.0014984607696533203,0.04492831230163574,187,7,208,98,1462,1088,16861
all/randm09.02.02.02.020_0030.03.aba.beta,True,8,8,0.026369094848632812,0.0298159122467041,0.0018074512481689453,0.05799245834350586,141,8,144,84,999,1005,15214
all/randm09.02.02.02.020_0030.04.aba.beta,True,20,8,0.08136320114135742,0.0686028003692627,0.0037245750427246094,0.15369057655334473,645,16,645,128,6555,2228,34853
all/randm09.02.02.02.020_0030.05.aba.beta,True,15,7,0.04621481895446777,0.03749680519104004,0.002646207809448242,0.08635783195495605,331,12,345,129,3251,1484,22597
all/randm09.02.02.03.020_0030.01.aba.beta,True,7,8,0.02367377281188965,0.028233766555786133,0.0017857551574707031,0.053693294525146484,214,6,219,99,1506,1004,15548
all/randm09.02.02.03.020_0030.02.aba.beta,True,5,8,0.017009973526000977,0.01882314682006836,0.0010001659393310547,0.03683328628540039,181,5,183,95,2238,716,11327
all/randm09.02.02.03.020_0030.03.aba.beta,True,8,8,0.02858734130859375,0.025421857833862305,0.0009546279907226562,0.05496382713317871,248,7,248,81,3339,710,10890
all/randm09.02.02.03.020_0030.04.aba.beta,True,7,8,0.02482008934020996,0.027629613876342773,0.0017285346984863281,0.05417823791503906,240,7,242,106,2393,946,14512
all/randm09.02.02.03.020_0030.05.aba.beta,True,8,8,0.03258204460144043,0.04149127006530762,0.001689910888671875,0.07576322555541992,209,8,209,118,2360,1054,16072
all/randm09.02.02.04.020_0030.01.aba.beta,True,5,7,0.009126901626586914,0.0110015869140625,0.0007407665252685547,0.02086925506591797,139,3,139,80,936,592,9201
all/randm09.02.02.04.020_0030.02.aba.beta,True,5,7,0.01199650764465332,0.014502286911010742,0.0015788078308105469,0.02807760238647461,132,5,132,85,1101,775,12075
all/randm09.02.02.04.020_0030.03.aba.beta,True,2,7,0.006935596466064453,0.006078004837036133,0.0013685226440429688,0.014382123947143555,92,2,94,54,648,601,9528
all/randm09.02.02.04.020_0030.04.aba.beta,True,1,7,0.0027887821197509766,0.0019385814666748047,0.0007557868957519531,0.005483150482177734,78,1,78,46,374,540,8607
all/randm09.02.02.04.020_0030.05.aba.beta,True,5,7,0.0076372623443603516,0.009670257568359375,0.0008695125579833984,0.018177032470703125,137,4,140,68,796,677,10470
all/randm09.02.02.05.020_0030.01.aba.beta,True,6,8,0.012864828109741211,0.02454996109008789,0.0009829998016357422,0.038397789001464844,152,5,152,70,966,669,10242
all/randm09.02.02.05.020_0030.02.aba.beta,True,5,8,0.01302957534790039,0.01822948455810547,0.0007331371307373047,0.031992197036743164,162,4,162,64,941,577,8819
all/randm09.02.02.05.020_0030.03.aba.beta,True,8,8,0.01618218421936035,0.01966094970703125,0.0010919570922851562,0.03693509101867676,166,6,168,64,970,794,12220
all/randm09.02.02.05.020_0030.04.aba.beta,True,7,8,0.014287471771240234,0.019823551177978516,0.001415252685546875,0.035526275634765625,182,6,185,85,1264,1105,17163
all/randm09.02.02.05.020_0030.05.aba.beta,True,5,8,0.012203693389892578,0.015176773071289062,0.0008172988891601562,0.028197765350341797,155,4,155,76,1042,608,9445
all/randm09.02.02.06.020_0030.01.aba.beta,True,6,9,0.02002692222595215,0.023735761642456055,0.0008633136749267578,0.04462599754333496,186,4,186,85,1429,646,10033
all/randm09.02.02.06.020_0030.02.aba.beta,True,7,9,0.01593494415283203,0.017970561981201172,0.0008385181427001953,0.0347440242767334,194,5,207,72,1460,654,9910
all/randm09.02.02.06.020_0030.03.aba.beta,True,5,9,0.018004894256591797,0.025791406631469727,0.0009179115295410156,0.04471421241760254,333,3,336,112,2976,660,10429
all/randm09.02.02.06.020_0030.04.aba.beta,True,9,9,0.02449941635131836,0.02913069725036621,0.0008873939514160156,0.054517507553100586,314,6,314,82,2309,606,9084
all/randm09.02.02.06.020_0030.05.aba.beta,True,8,9,0.029425382614135742,0.032421112060546875,0.0011081695556640625,0.06295466423034668,349,6,363,97,2862,754,11550
all/randm09.02.02.07.020_0030.01.aba.beta,True,1,1,0.0001251697540283203,0.00022363662719726562,0.0006783008575439453,0.0010271072387695312,15,1,15,13,34,511,8445
all/randm09.02.02.07.020_0030.02.aba.beta,True,1,1,0.0001881122589111328,0.00037932395935058594,0.0011744499206542969,0.0017418861389160156,15,1,15,14,34,530,8553
all/randm09.02.02.07.020_0030.03.aba.beta,True,1,1,0.0001900196075439453,0.0003619194030761719,0.0011305809020996094,0.0016825199127197266,15,1,15,14,34,533,8573
all/randm09.02.02.07.020_0030.04.aba.beta,True,1,1,0.0001933574676513672,0.0003609657287597656,0.0011603832244873047,0.0017147064208984375,15,1,15,14,34,527,8550
all/randm09.02.02.07.020_0030.05.aba.beta,True,1,1,0.00019693374633789062,0.00036787986755371094,0.0011477470397949219,0.0017125606536865234,15,1,15,14,34,536,8586
all/randm09.02.02.08.020_0030.01.aba.beta,True,2,6,0.002956867218017578,0.0026717185974121094,0.0007028579711914062,0.006331443786621094,82,2,82,39,416,541,8610
all/randm09.02.02.08.020_0030.02.aba.beta,True,2,6,0.004107236862182617,0.0031337738037109375,0.0007114410400390625,0.007952451705932617,75,2,77,50,355,549,8649
all/randm09.02.02.08.020_0030.03.aba.beta,True,2,6,0.005581378936767578,0.005045175552368164,0.0007231235504150391,0.011349678039550781,92,2,92,65,681,567,8983
all/randm09.02.02.08.020_0030.04.aba.beta,True,1,6,0.0027441978454589844,0.0015523433685302734,0.0006802082061767578,0.004976749420166016,82,1,87,49,401,536,8591
all/randm09.02.02.08.020_0030.05.aba.beta,True,1,6,0.002243518829345703,0.0014681816101074219,0.0007004737854003906,0.004412174224853516,75,1,75,40,349,531,8560
all/randm09.02.02.09.020_0030.01.aba.beta,True,7,9,0.017832517623901367,0.033086538314819336,0.0015707015991210938,0.0524897575378418,193,6,193,87,1315,1206,19284
all/randm09.02.02.09.020_0030.02.aba.beta,True,9,9,0.028782129287719727,0.040587663650512695,0.0015115737915039062,0.07088136672973633,253,6,253,102,2945,956,14771
all/randm09.02.02.09.020_0030.03.aba.beta,True,7,9,0.01907491683959961,0.031206130981445312,0.0007569789886474609,0.05103802680969238,214,6,215,88,1521,610,9265
all/randm09.02.02.09.020_0030.04.aba.beta,True,5,9,0.013617992401123047,0.019318342208862305,0.0014262199401855469,0.0343625545501709,174,4,174,88,1145,1108,17351
all/randm09.02.02.09.020_0030.05.aba.beta,True,6,9,0.0173647403717041,0.027191877365112305,0.0017287731170654297,0.046285390853881836,207,4,208,99,1608,981,15391
all/randm09.02.02.10.020_0030.01.aba.beta,True,3,6,0.005042552947998047,0.005011320114135742,0.0016360282897949219,0.011689901351928711,79,3,79,47,515,819,13151
all/randm09.02.02.10.020_0030.02.aba.beta,True,3,6,0.0058269500732421875,0.005289793014526367,0.0008385181427001953,0.01195526123046875,104,3,106,66,1102,603,9541
all/randm09.02.02.10.020_0030.03.aba.beta,True,6,6,0.012411355972290039,0.012779474258422852,0.0014035701751708984,0.02659440040588379,140,5,143,66,953,748,11477
all/randm09.02.02.10.020_0030.04.aba.beta,True,3,6,0.007567644119262695,0.005883932113647461,0.0012214183807373047,0.014672994613647461,102,3,102,39,644,561,8748
all/randm09.02.02.10.020_0030.05.aba.beta,True,2,6,0.0032923221588134766,0.0023903846740722656,0.000705718994140625,0.006388425827026367,79,2,79,44,588,559,8738
all/randm09.02.02.11.020_0030.01.aba.beta,True,5,8,0.009135961532592773,0.012283563613891602,0.0008175373077392578,0.022237062454223633,150,3,150,87,1007,628,9850
all/randm09.02.02.11.020_0030.02.aba.beta,True,6,8,0.014179706573486328,0.02278614044189453,0.0009262561798095703,0.03789210319519043,176,4,178,76,2114,581,9087
all/randm09.02.02.11.020_0030.03.aba.beta,True,4,8,0.010802984237670898,0.01638174057006836,0.001317739486694336,0.028502464294433594,121,4,121,79,780,640,9835
all/randm09.02.02.11.020_0030.04.aba.beta,True,4,8,0.012881755828857422,0.011272430419921875,0.0007443428039550781,0.024898529052734375,180,3,186,77,1139,565,8818
all/randm09.02.02.11.020_0030.05.aba.beta,True,5,8,0.010793209075927734,0.013093709945678711,0.0007328987121582031,0.02461981773376465,174,3,176,79,1491,577,9090
all/randm09.02.02.12.020_0030.01.aba.beta,True,5,8,0.009630680084228516,0.011598825454711914,0.0007460117340087891,0.02197551727294922,166,4,168,73,1050,572,8856
all/randm09.02.02.12.020_0030.02.aba.beta,True,2,8,0.005829572677612305,0.004800081253051758,0.0010678768157958984,0.011697530746459961,136,1,137,58,739,534,8574
all/randm09.02.02.12.020_0030.03.aba.beta,True,6,8,0.015917301177978516,0.018488407135009766,0.0013594627380371094,0.03576517105102539,213,5,213,89,1601,739,11217
all/randm09.02.02.12.020_0030.04.aba.beta,True,6,8,0.017185211181640625,0.018520116806030273,0.0009670257568359375,0.036672353744506836,174,5,175,84,1213,746,11553
all/randm09.02.02.12.020_0030.05.aba.beta,True,7,8,0.017682552337646484,0.024591445922851562,0.0013887882232666016,0.04366278648376465,176,7,181,95,1731,865,13061
all/randm09.02.02.13.020_0030.01.aba.beta,True,6,8,0.014626741409301758,0.020244359970092773,0.0012619495391845703,0.0361330509185791,225,5,231,110,2113,954,15113
all/randm09.02.02.13.020_0030.02.aba.beta,True,5,8,0.015616893768310547,0.01747870445251465,0.0009009838104248047,0.03399658203125,171,5,175,93,1512,716,11005
all/randm09.02.02.13.020_0030.03.aba.beta,True,6,8,0.032738447189331055,0.02195453643798828,0.0010738372802734375,0.05576682090759277,296,4,312,96,4155,720,11181
all/randm09.02.02.13.020_0030.04.aba.beta,True,6,8,0.02366328239440918,0.029315471649169922,0.0015883445739746094,0.05456709861755371,215,5,219,115,1846,757,11733
all/randm09.02.02.13.020_0030.05.aba.beta,True,15,8,0.03660941123962402,0.046309471130371094,0.0016660690307617188,0.08458495140075684,256,14,262,116,2397,1152,17024
all/randm09.02.02.14.020_0030.01.aba.beta,True,2,6,0.0023887157440185547,0.002228975296020508,0.0007026195526123047,0.005320310592651367,69,2,74,36,359,543,8618
all/randm09.02.02.14.020_0030.02.aba.beta,True,4,6,0.006587028503417969,0.007364988327026367,0.00080108642578125,0.014753103256225586,98,4,99,71,820,638,9876
all/randm09.02.02.14.020_0030.03.aba.beta,True,3,6,0.0071604251861572266,0.007344484329223633,0.0011518001556396484,0.015656709671020508,73,3,73,52,425,564,8795
all/randm09.02.02.14.020_0030.04.aba.beta,True,2,6,0.006766080856323242,0.004041194915771484,0.0008304119110107422,0.011637687683105469,80,2,80,51,481,579,9159
all/randm09.02.02.14.020_0030.05.aba.beta,True,6,6,0.011384725570678711,0.013546228408813477,0.0011358261108398438,0.02606678009033203,175,5,176,100,1892,800,12384
all/randm09.02.02.15.020_0030.01.aba.beta,True,5,8,0.010822534561157227,0.014661312103271484,0.0011944770812988281,0.02667832374572754,162,4,162,85,1133,918,14395
all/randm09.02.02.15.020_0030.02.aba.beta,True,6,8,0.012949705123901367,0.019804000854492188,0.0008263587951660156,0.03358006477355957,151,5,153,75,937,613,9297
all/randm09.02.02.15.020_0030.03.aba.beta,True,6,8,0.014688968658447266,0.01950383186340332,0.0007619857788085938,0.03495478630065918,161,5,162,73,1139,599,9289
all/randm09.02.02.15.020_0030.04.aba.beta,True,3,8,0.011950254440307617,0.012768030166625977,0.0011653900146484375,0.02588367462158203,144,2,144,75,857,557,8785
all/randm09.02.02.15.020_0030.05.aba.beta,True,7,8,0.018155813217163086,0.02050304412841797,0.0014057159423828125,0.04006457328796387,134,7,147,75,880,762,12065
all/randm09.02.02.16.020_0030.01.aba.beta,True,1,6,0.0018768310546875,0.0013489723205566406,0.0007538795471191406,0.003979682922363281,69,1,69,35,316,526,8543
all/randm09.02.02.16.020_0030.02.aba.beta,True,2,6,0.0031385421752929688,0.002376079559326172,0.0008358955383300781,0.006350517272949219,83,2,83,41,445,657,10366
all/randm09.02.02.16.020_0030.03.aba.beta,True,2,6,0.0025451183319091797,0.0022268295288085938,0.0009667873382568359,0.005738735198974609,88,2,88,40,608,723,11626
all/randm09.02.02.16.020_0030.04.aba.beta,True,1,6,0.002301454544067383,0.0014407634735107422,0.0006897449493408203,0.004431962966918945,79,1,80,43,379,531,8558
all/randm09.02.02.16.020_0030.05.aba.beta,True,1,6,0.003632068634033203,0.0020351409912109375,0.001157522201538086,0.0068247318267822266,73,1,75,45,336,532,8559
all/randm09.02.02.17.020_0030.01.aba.beta,True,7,9,0.026949644088745117,0.033789634704589844,0.0009417533874511719,0.06168103218078613,233,5,239,114,1808,676,10484
all/randm09.02.02.17.020_0030.02.aba.beta,True,7,9,0.022738218307495117,0.033762216567993164,0.0010344982147216797,0.05753493309020996,214,6,214,127,1851,815,12508
all/randm09.02.02.17.020_0030.03.aba.beta,True,3,9,0.008589744567871094,0.011008977890014648,0.0007205009460449219,0.020319223403930664,153,2,153,74,868,555,8710
all/randm09.02.02.17.020_0030.04.aba.beta,True,9,9,0.027397632598876953,0.04024028778076172,0.0008771419525146484,0.06851506233215332,191,7,191,74,1212,674,10176
all/randm09.02.02.17.020_0030.05.aba.beta,True,9,9,0.04241299629211426,0.055153846740722656,0.0022444725036621094,0.09981131553649902,217,9,222,117,1905,1557,24202
all/randm09.02.02.18.020_0030.01.aba.beta,True,6,7,0.011408090591430664,0.011769771575927734,0.0009827613830566406,0.02416062355041504,163,5,163,75,1450,737,11380
all/randm09.02.02.18.020_0030.02.aba.beta,True,6,7,0.009108543395996094,0.011689424514770508,0.0007493495941162109,0.021547317504882812,149,4,149,64,1122,588,9194
all/randm09.02.02.18.020_0030.03.aba.beta,True,7,7,0.014413118362426758,0.01644420623779297,0.0012099742889404297,0.032067298889160156,184,5,184,82,1414,957,14795
all/randm09.02.02.18.020_0030.04.aba.beta,True,8,7,0.014113903045654297,0.016021728515625,0.0013227462768554688,0.031458377838134766,172,7,174,81,1311,1023,15491
all/randm09.02.02.18.020_0030.05.aba.beta,True,5,7,0.019501686096191406,0.016904115676879883,0.001979351043701172,0.03838515281677246,225,5,229,100,3373,966,15389
all/randm09.02.02.19.020_0030.01.aba.beta,True,10,8,0.026828527450561523,0.023969173431396484,0.0012054443359375,0.05200314521789551,288,9,288,82,3657,958,14684
all/randm09.02.02.19.020_0030.02.aba.beta,True,12,8,0.03489398956298828,0.03850984573364258,0.0021266937255859375,0.0755305290222168,319,11,327,131,2948,1645,25416
all/randm09.02.02.19.020_0030.03.aba.beta,True,9,8,0.028377056121826172,0.028750896453857422,0.0014851093292236328,0.05861306190490723,379,5,387,121,4486,735,11298
all/randm09.02.02.19.020_0030.04.aba.beta,True,9,8,0.019054651260375977,0.021810293197631836,0.0008585453033447266,0.04172348976135254,185,6,185,76,1710,675,10369
all/randm09.02.02.19.020_0030.05.aba.beta,True,9,8,0.024196624755859375,0.028151988983154297,0.0018892288208007812,0.05423784255981445,327,6,329,127,2861,1451,22803
all/randm10.02.02.01.020_0030.01.aba.beta,True,3,6,0.004683256149291992,0.006078004837036133,0.0011470317840576172,0.011908292770385742,72,3,72,46,355,558,8703
all/randm10.02.02.01.020_0030.02.aba.beta,True,2,6,0.0027773380279541016,0.0024721622467041016,0.0007724761962890625,0.006021976470947266,76,2,77,38,358,592,9458
all/randm10.02.02.01.020_0030.03.aba.beta,True,3,6,0.00533747673034668,0.004967451095581055,0.001195669174194336,0.01150059700012207,74,3,74,40,400,553,8660
all/randm10.02.02.01.020_0030.04.aba.beta,True,3,6,0.003963470458984375,0.00392913818359375,0.0007774829864501953,0.00867009162902832,82,3,82,46,568,566,8792
all/randm10.02.02.01.020_0030.05.aba.beta,True,3,6,0.007281064987182617,0.005914211273193359,0.0017673969268798828,0.01496267318725586,117,2,118,50,612,1047,16768
all/randm10.02.02.02.020_0030.01.aba.beta,True,9,9,0.03347134590148926,0.036013126373291016,0.00152587890625,0.07101035118103027,222,7,238,116,1611,768,11505
all/randm10.02.02.02.020_0030.02.aba.beta,True,9,9,0.023825883865356445,0.03461933135986328,0.0011103153228759766,0.0595555305480957,309,6,319,125,2288,856,13245
all/randm10.02.02.02.020_0030.03.aba.beta,True,11,9,0.0397341251373291,0.05893135070800781,0.0019001960754394531,0.10056567192077637,397,8,400,134,3245,1190,18725
all/randm10.02.02.02.020_0030.04.aba.beta,True,9,9,0.03468489646911621,0.03746485710144043,0.0012240409851074219,0.07337379455566406,244,8,246,105,2010,829,12708
all/randm10.02.02.02.020_0030.05.aba.beta,True,9,9,0.025502681732177734,0.03642559051513672,0.0016291141510009766,0.06355738639831543,203,7,204,97,1447,779,11687
all/randm10.02.02.03.020_0030.01.aba.beta,True,6,8,0.014368772506713867,0.016135692596435547,0.0010097026824951172,0.03151416778564453,151,5,152,70,874,742,11403
all/randm10.02.02.03.020_0030.02.aba.beta,True,3,8,0.008716821670532227,0.011069059371948242,0.0007338523864746094,0.020519733428955078,145,2,145,83,920,569,8887
all/randm10.02.02.03.020_0030.03.aba.beta,True,6,8,0.0152130126953125,0.017531871795654297,0.0008118152618408203,0.03355669975280762,201,5,209,104,1645,628,9801
all/randm10.02.02.03.020_0030.04.aba.beta,True,8,8,0.026195526123046875,0.033190011978149414,0.0010755062103271484,0.06046104431152344,300,6,303,111,2167,798,12193
all/randm10.02.02.03.020_0030.05.aba.beta,True,11,8,0.021674394607543945,0.038307905197143555,0.0015418529510498047,0.061524152755737305,211,10,218,106,1648,1141,17354
all/randm10.02.02.04.020_0030.01.aba.beta,True,1,5,0.0014560222625732422,0.0011019706726074219,0.0007097721099853516,0.0032677650451660156,52,1,52,38,215,538,8598
all/randm10.02.02.04.020_0030.02.aba.beta,True,3,5,0.003577709197998047,0.0034914016723632812,0.0007734298706054688,0.007842540740966797,101,2,101,58,526,554,8699
all/randm10.02.02.04.020_0030.03.aba.beta,True,1,5,0.0010454654693603516,0.0008580684661865234,0.0007696151733398438,0.0026731491088867188,55,1,55,28,231,517,8509
all/randm10.02.02.04.020_0030.04.aba.beta,True,1,5,0.0013909339904785156,0.0010783672332763672,0.0007011890411376953,0.003170490264892578,53,1,53,38,221,537,8587
all/randm10.02.02.04.020_0030.05.aba.beta,True,1,5,0.0013952255249023438,0.0010313987731933594,0.0006866455078125,0.003113269805908203,51,1,51,38,212,542,8614
all/randm10.02.02.05.020_0030.01.aba.beta,True,6,8,0.012791633605957031,0.01684713363647461,0.0008959770202636719,0.030534744262695312,162,5,162,80,1027,686,10682
all/randm10.02.02.05.020_0030.02.aba.beta,True,3,7,0.004240512847900391,0.004818916320800781,0.0011601448059082031,0.010219573974609375,138,2,138,61,1025,902,14289
all/randm10.02.02.05.020_0030.03.aba.beta,True,3,8,0.006213188171386719,0.008414745330810547,0.0015001296997070312,0.016128063201904297,156,2,158,85,1056,781,12388
all/randm10.02.02.05.020_0030.04.aba.beta,True,1,8,0.0055043697357177734,0.0041005611419677734,0.0011570453643798828,0.01076197624206543,88,1,91,49,440,540,8609
all/randm10.02.02.05.020_0030.05.aba.beta,True,6,8,0.021473407745361328,0.021704912185668945,0.0018203258514404297,0.0449986457824707,336,4,337,122,4334,1330,21056
all/randm10.02.02.06.020_0030.01.aba.beta,True,4,9,0.016382694244384766,0.021843433380126953,0.0010218620300292969,0.039247989654541016,186,4,192,74,1465,793,12427
all/randm10.02.02.06.020_0030.02.aba.beta,True,8,9,0.0323185920715332,0.036835670471191406,0.001954793930053711,0.07110905647277832,320,7,329,126,3706,1130,17666
all/randm10.02.02.06.020_0030.03.aba.beta,True,11,9,0.03754854202270508,0.05874824523925781,0.0014338493347167969,0.09773063659667969,340,9,340,120,2884,1051,16130
all/randm10.02.02.06.020_0030.04.aba.beta,True,6,9,0.022369861602783203,0.029759645462036133,0.0008831024169921875,0.05301260948181152,278,5,288,105,2614,698,10878
all/randm10.02.02.06.020_0030.05.aba.beta,True,8,9,0.037918806076049805,0.037104129791259766,0.0013165473937988281,0.0763394832611084,473,6,476,125,5988,917,14431
all/randm10.02.02.07.020_0030.01.aba.beta,True,11,9,0.037656307220458984,0.05340266227722168,0.002057313919067383,0.09311628341674805,288,10,321,164,2887,1429,22219
all/randm10.02.02.07.020_0030.02.aba.beta,True,9,9,0.02945709228515625,0.033288002014160156,0.0013284683227539062,0.06407356262207031,340,5,340,110,2718,887,14009
all/randm10.02.02.07.020_0030.03.aba.beta,True,7,9,0.02844548225402832,0.04499673843383789,0.0013480186462402344,0.07479023933410645,199,6,201,103,1518,772,11869
all/randm10.02.02.07.020_0030.04.aba.beta,True,10,9,0.044179677963256836,0.05786633491516113,0.0012466907501220703,0.10329270362854004,344,7,350,137,2851,971,14794
all/randm10.02.02.07.020_0030.05.aba.beta,True,8,9,0.03256678581237793,0.04777884483337402,0.0015196800231933594,0.08186531066894531,333,6,333,129,2792,801,12342
all/randm10.02.02.08.020_0030.01.aba.beta,True,4,9,0.012238502502441406,0.013211727142333984,0.0007610321044921875,0.026211261749267578,173,3,174,80,1156,593,9370
all/randm10.02.02.08.020_0030.02.aba.beta,True,7,9,0.021517276763916016,0.027104854583740234,0.0008993148803710938,0.049521446228027344,196,6,200,83,1334,685,10511
all/randm10.02.02.08.020_0030.03.aba.beta,True,3,9,0.011121749877929688,0.011758565902709961,0.0009877681732177734,0.023868083953857422,295,1,296,86,1917,541,8614
all/randm10.02.02.08.020_0030.04.aba.beta,True,6,9,0.020370006561279297,0.02837204933166504,0.0012660026550292969,0.05000805854797363,227,5,228,78,1664,589,9040
all/randm10.02.02.08.020_0030.05.aba.beta,True,3,9,0.011053800582885742,0.013583660125732422,0.0007023811340332031,0.025339841842651367,165,2,166,77,1014,554,8751
all/randm10.02.02.09.020_0030.01.aba.beta,True,7,7,0.014805793762207031,0.013654708862304688,0.0009763240814208984,0.029436826705932617,161,7,174,72,1210,747,11476
all/randm10.02.02.09.020_0030.02.aba.beta,True,6,7,0.010230779647827148,0.013651132583618164,0.0008056163787841797,0.024687528610229492,165,5,167,92,1306,638,9815
all/randm10.02.02.09.020_0030.03.aba.beta,True,4,7,0.006627321243286133,0.008987188339233398,0.0007526874542236328,0.016367197036743164,142,3,142,81,978,600,9414
all/randm10.02.02.09.020_0030.04.aba.beta,True,7,7,0.017132043838500977,0.021893024444580078,0.0013935565948486328,0.04041862487792969,193,5,193,88,1527,670,10353
all/randm10.02.02.09.020_0030.05.aba.beta,True,5,7,0.01522517204284668,0.016559839248657227,0.0008840560913085938,0.0326690673828125,254,3,255,95,1884,626,9923
all/randm10.02.02.10.020_0030.01.aba.beta,True,3,7,0.008980274200439453,0.009509563446044922,0.0012676715850830078,0.019757509231567383,111,3,113,70,885,587,9148
all/randm10.02.02.10.020_0030.02.aba.beta,True,5,7,0.011611461639404297,0.013781070709228516,0.001470804214477539,0.02686333656311035,161,4,161,95,1132,842,13033
all/randm10.02.02.10.020_0030.03.aba.beta,True,1,7,0.004675626754760742,0.0031380653381347656,0.0007040500640869141,0.008517742156982422,84,1,87,51,412,535,8583
all/randm10.02.02.10.020_0030.04.aba.beta,True,4,7,0.00694584846496582,0.009840726852416992,0.0011334419250488281,0.01792001724243164,124,3,124,52,661,549,8646
all/randm10.02.02.10.020_0030.05.aba.beta,True,5,7,0.008402824401855469,0.011876583099365234,0.0012583732604980469,0.02153778076171875,144,4,144,73,961,639,9980
all/randm10.02.02.11.020_0030.01.aba.beta,True,1,7,0.004069089889526367,0.003085613250732422,0.0006575584411621094,0.0078122615814208984,81,1,81,47,379,537,8591
all/randm10.02.02.11.020_0030.02.aba.beta,True,1,7,0.0044384002685546875,0.0034987926483154297,0.0011799335479736328,0.00911712646484375,81,1,81,50,375,543,8624
all/randm10.02.02.11.020_0030.03.aba.beta,True,6,7,0.012298583984375,0.014891386032104492,0.0015342235565185547,0.028724193572998047,143,6,145,69,1030,842,12964
all/randm10.02.02.11.020_0030.04.aba.beta,True,3,7,0.0069582462310791016,0.006686210632324219,0.0008320808410644531,0.014476537704467773,114,3,119,71,733,595,9298
all/randm10.02.02.11.020_0030.05.aba.beta,True,1,7,0.002354145050048828,0.0018863677978515625,0.0007050037384033203,0.004945516586303711,78,1,78,47,359,541,8616
all/randm10.02.02.12.020_0030.01.aba.beta,True,7,8,0.0208587646484375,0.025469064712524414,0.0010006427764892578,0.04732847213745117,133,7,137,76,997,730,10986
all/randm10.02.02.12.020_0030.02.aba.beta,True,12,8,0.030867576599121094,0.04779505729675293,0.0013079643249511719,0.0799705982208252,203,9,206,93,1681,958,15018
all/randm10.02.02.12.020_0030.03.aba.beta,True,7,8,0.01343846321105957,0.016669750213623047,0.0010137557983398438,0.03112196922302246,171,5,173,73,1383,664,10368
all/randm10.02.02.12.020_0030.04.aba.beta,True,8,8,0.016962051391601562,0.017522096633911133,0.0011854171752929688,0.035669565200805664,203,6,221,86,1887,618,9365
all/randm10.02.02.12.020_0030.05.aba.beta,True,9,8,0.030942678451538086,0.037573814392089844,0.0019626617431640625,0.07047915458679199,363,7,365,129,3219,1383,21487
all/randm10.02.02.13.020_0030.01.aba.beta,True,2,6,0.0034999847412109375,0.0034232139587402344,0.0007414817810058594,0.007664680480957031,85,2,85,59,600,561,8905
all/randm10.02.02.13.020_0030.02.aba.beta,True,3,6,0.007597684860229492,0.007852315902709961,0.0016965866088867188,0.017146587371826172,89,3,89,68,737,804,12793
all/randm10.02.02.13.020_0030.03.aba.beta,True,4,6,0.005955934524536133,0.0060634613037109375,0.0008752346038818359,0.012894630432128906,123,3,123,67,930,683,10678
all/randm10.02.02.13.020_0030.04.aba.beta,True,5,6,0.006842136383056641,0.009124994277954102,0.001512765884399414,0.017479896545410156,120,4,120,72,855,810,12832
all/randm10.02.02.13.020_0030.05.aba.beta,True,6,6,0.01300954818725586,0.015059947967529297,0.0014188289642333984,0.029488325119018555,131,6,134,103,1460,1044,16093
all/randm10.02.02.14.020_0030.01.aba.beta,True,15,9,0.06232094764709473,0.08451008796691895,0.0015566349029541016,0.14838767051696777,381,12,386,133,3351,1190,17794
all/randm10.02.02.14.020_0030.02.aba.beta,True,8,9,0.03896594047546387,0.03278613090515137,0.0009927749633789062,0.07274484634399414,262,8,269,92,3286,732,11121
all/randm10.02.02.14.020_0030.03.aba.beta,True,9,9,0.022653579711914062,0.034195899963378906,0.0013196468353271484,0.05816912651062012,317,6,319,124,2587,1001,15723
all/randm10.02.02.14.020_0030.04.aba.beta,True,14,9,0.06081676483154297,0.06918954849243164,0.0016548633575439453,0.13166117668151855,535,10,544,152,6813,1271,19854
all/randm10.02.02.14.020_0030.05.aba.beta,True,11,9,0.06886124610900879,0.06357622146606445,0.0009539127349853516,0.1333913803100586,745,7,746,142,8951,739,11394
all/randm10.02.02.15.020_0030.01.aba.beta,True,8,8,0.01872992515563965,0.0233457088470459,0.0010173320770263672,0.043092966079711914,162,6,162,74,1030,788,12038
all/randm10.02.02.15.020_0030.02.aba.beta,True,6,8,0.01366114616394043,0.014300823211669922,0.0007567405700683594,0.02871870994567871,156,5,156,60,1022,602,9168
all/randm10.02.02.15.020_0030.03.aba.beta,True,6,8,0.012445688247680664,0.017650365829467773,0.0009315013885498047,0.031027555465698242,178,5,180,87,1283,723,11074
all/randm10.02.02.15.020_0030.04.aba.beta,True,5,8,0.010134220123291016,0.012998580932617188,0.0008585453033447266,0.02399134635925293,170,4,173,79,1089,685,10588
all/randm10.02.02.15.020_0030.05.aba.beta,True,8,8,0.01861119270324707,0.02044391632080078,0.001341104507446289,0.04039621353149414,191,6,191,68,1308,684,10330
all/randm10.02.02.16.020_0030.01.aba.beta,True,13,8,0.04329848289489746,0.03806662559509277,0.0020399093627929688,0.0834050178527832,436,11,438,124,4572,1091,16457
all/randm10.02.02.16.020_0030.02.aba.beta,True,10,8,0.03970074653625488,0.04322075843811035,0.002195596694946289,0.08511710166931152,332,8,338,136,3888,1202,18639
all/randm10.02.02.16.020_0030.03.aba.beta,True,8,8,0.026042461395263672,0.023488283157348633,0.001119375228881836,0.05065011978149414,212,7,221,99,1871,844,12763
all/randm10.02.02.16.020_0030.04.aba.beta,True,7,8,0.017995595932006836,0.020437240600585938,0.0009806156158447266,0.0394134521484375,211,6,228,123,1816,790,11935
all/randm10.02.02.16.020_0030.05.aba.beta,True,11,8,0.04919290542602539,0.057492733001708984,0.001924753189086914,0.10861039161682129,382,9,388,159,3804,1190,18471
all/randm10.02.02.17.020_0030.01.aba.beta,True,4,7,0.013543844223022461,0.009967803955078125,0.000751495361328125,0.02426314353942871,122,4,131,78,925,612,9501
all/randm10.02.02.17.020_0030.02.aba.beta,True,8,7,0.022988557815551758,0.01873636245727539,0.0018329620361328125,0.04355788230895996,201,8,230,123,1829,927,14316
all/randm10.02.02.17.020_0030.03.aba.beta,True,6,7,0.01476287841796875,0.01661825180053711,0.001451253890991211,0.03283238410949707,147,5,147,84,1136,674,10339
all/randm10.02.02.17.020_0030.04.aba.beta,True,8,7,0.021161556243896484,0.023471593856811523,0.0018320083618164062,0.046465158462524414,157,8,161,100,1456,1006,15319
all/randm10.02.02.17.020_0030.05.aba.beta,True,6,7,0.015555620193481445,0.012958765029907227,0.0010366439819335938,0.029551029205322266,198,5,203,101,1790,792,12471
all/randm10.02.02.18.020_0030.01.aba.beta,True,1,1,0.00013399124145507812,0.00022482872009277344,0.0006914138793945312,0.0010502338409423828,15,1,15,15,34,539,8607
all/randm10.02.02.18.020_0030.02.aba.beta,True,1,1,0.00013303756713867188,0.00022268295288085938,0.0006933212280273438,0.001049041748046875,15,1,15,14,34,537,8599
all/randm10.02.02.18.020_0030.03.aba.beta,True,1,1,0.00021123886108398438,0.0003788471221923828,0.0012047290802001953,0.0017948150634765625,15,1,15,15,34,537,8596
all/randm10.02.02.18.020_0030.04.aba.beta,True,1,1,0.0001804828643798828,0.0003612041473388672,0.0012121200561523438,0.0017538070678710938,15,1,15,15,34,536,8587
all/randm10.02.02.18.020_0030.05.aba.beta,True,1,1,0.00012826919555664062,0.0002200603485107422,0.0006530284881591797,0.0010013580322265625,15,1,15,14,34,537,8596
all/randm10.02.02.19.020_0030.01.aba.beta,True,3,10,0.01329493522644043,0.021321535110473633,0.0008165836334228516,0.035433053970336914,164,3,171,90,1153,657,10297
all/randm10.02.02.19.020_0030.02.aba.beta,True,3,10,0.013865232467651367,0.013072729110717773,0.0007178783416748047,0.027655839920043945,215,2,221,79,1395,554,8725
all/randm10.02.02.19.020_0030.03.aba.beta,True,10,10,0.05278825759887695,0.08087539672851562,0.002571582794189453,0.13623523712158203,350,8,350,131,2609,1561,24206
all/randm10.02.02.19.020_0030.04.aba.beta,True,6,10,0.03436446189880371,0.03759503364562988,0.0019593238830566406,0.07391881942749023,329,5,344,134,2685,1125,17672
all/randm10.02.02.19.020_0030.05.aba.beta,True,9,10,0.045522451400756836,0.07665276527404785,0.0023860931396484375,0.12456130981445312,301,8,326,185,2778,1390,21709
all/randm11.02.02.01.020_0030.01.aba.beta,True,12,10,0.04354095458984375,0.05756950378417969,0.001058340072631836,0.10216879844665527,372,10,372,99,3440,832,12147
all/randm11.02.02.01.020_0030.02.aba.beta,True,9,10,0.03251528739929199,0.03922104835510254,0.0009810924530029297,0.07271742820739746,394,6,403,118,3585,773,11783
all/randm11.02.02.01.020_0030.03.aba.beta,True,20,10,0.10944533348083496,0.1512317657470703,0.003510713577270508,0.2641878128051758,605,16,623,189,7233,2294,35515
all/randm11.02.02.01.020_0030.04.aba.beta,True,8,10,0.03694415092468262,0.04838895797729492,0.0009386539459228516,0.08627176284790039,370,5,370,116,3031,708,10956
all/randm11.02.02.01.020_0030.05.aba.beta,True,7,10,0.019933223724365234,0.026943445205688477,0.0012161731719970703,0.04809284210205078,362,4,364,104,3022,928,14442
all/randm11.02.02.02.020_0030.01.aba.beta,True,2,9,0.010205745697021484,0.007518768310546875,0.0011391639709472656,0.018863677978515625,189,2,190,73,1400,846,13637
all/randm11.02.02.02.020_0030.02.aba.beta,True,6,10,0.023123741149902344,0.035567522048950195,0.0024538040161132812,0.06114506721496582,236,5,251,114,1808,1501,24027
all/randm11.02.02.02.020_0030.03.aba.beta,True,6,10,0.01967906951904297,0.030535459518432617,0.001956939697265625,0.05217146873474121,239,5,246,103,1714,1087,16868
all/randm11.02.02.02.020_0030.04.aba.beta,True,7,10,0.03403019905090332,0.04283928871154785,0.0016162395477294922,0.07848572731018066,347,6,364,145,4494,1287,20178
all/randm11.02.02.02.020_0030.05.aba.beta,True,6,10,0.020572662353515625,0.032343387603759766,0.0009703636169433594,0.05388641357421875,238,5,248,94,1690,709,10907
all/randm11.02.02.03.020_0030.01.aba.beta,True,12,10,0.03995561599731445,0.04593992233276367,0.0018658638000488281,0.08776140213012695,356,9,356,85,2996,1179,17793
all/randm11.02.02.03.020_0030.02.aba.beta,True,12,10,0.04572153091430664,0.05875873565673828,0.0011067390441894531,0.10558700561523438,648,8,648,122,5750,877,13356
all/randm11.02.02.03.020_0030.03.aba.beta,True,11,10,0.06267452239990234,0.06494450569152832,0.0014371871948242188,0.12905621528625488,502,8,514,142,5987,979,15011
all/randm11.02.02.03.020_0030.04.aba.beta,True,17,10,0.07178997993469238,0.08621358871459961,0.0012352466583251953,0.1592388153076172,765,12,776,142,7406,922,13609
all/randm11.02.02.03.020_0030.05.aba.beta,True,10,10,0.038149118423461914,0.05131387710571289,0.0011162757873535156,0.09057927131652832,582,6,584,117,4815,825,12695
all/randm11.02.02.04.020_0030.01.aba.beta,True,8,9,0.02560257911682129,0.03400850296020508,0.0015363693237304688,0.061147451400756836,202,8,243,141,1717,745,11178
all/randm11.02.02.04.020_0030.02.aba.beta,True,4,9,0.011117696762084961,0.010619163513183594,0.0006797313690185547,0.02241659164428711,273,1,274,74,1776,534,8590
all/randm11.02.02.04.020_0030.03.aba.beta,True,2,9,0.005928516387939453,0.01064610481262207,0.0007078647613525391,0.017282485961914062,120,2,128,62,640,549,8647
all/randm11.02.02.04.020_0030.04.aba.beta,True,4,9,0.014575719833374023,0.01851511001586914,0.0009930133819580078,0.03408384323120117,151,4,154,96,1154,791,12280
all/randm11.02.02.04.020_0030.05.aba.beta,True,3,9,0.009666681289672852,0.010520219802856445,0.0008935928344726562,0.021080493927001953,118,3,118,71,807,675,10681
all/randm11.02.02.05.020_0030.01.aba.beta,True,7,8,0.019608736038208008,0.02301812171936035,0.0009400844573974609,0.04356694221496582,253,5,255,104,2754,704,10886
all/randm11.02.02.05.020_0030.02.aba.beta,True,7,8,0.015088558197021484,0.022249221801757812,0.001379251480102539,0.038717031478881836,255,5,256,82,1634,708,10939
all/randm11.02.02.05.020_0030.03.aba.beta,True,5,8,0.017900705337524414,0.020136356353759766,0.0008134841918945312,0.03885054588317871,247,3,247,86,1585,593,9226
all/randm11.02.02.05.020_0030.04.aba.beta,True,6,8,0.018970727920532227,0.027553319931030273,0.0009024143218994141,0.047426462173461914,173,5,179,90,1262,644,9990
all/randm11.02.02.05.020_0030.05.aba.beta,True,5,8,0.009912729263305664,0.011491537094116211,0.0007441043853759766,0.02214837074279785,159,3,160,74,997,590,9290
all/randm11.02.02.06.020_0030.01.aba.beta,True,4,8,0.008797645568847656,0.011539459228515625,0.0008323192596435547,0.021169424057006836,148,3,148,76,957,649,10199
all/randm11.02.02.06.020_0030.02.aba.beta,True,7,8,0.016909360885620117,0.015337467193603516,0.0013484954833984375,0.03359532356262207,276,6,297,113,2889,1023,16382
all/randm11.02.02.06.020_0030.03.aba.beta,True,4,8,0.009559154510498047,0.010703325271606445,0.0010094642639160156,0.021271944046020508,140,3,142,62,766,664,10379
all/randm11.02.02.06.020_0030.04.aba.beta,True,9,8,0.019244670867919922,0.02716970443725586,0.0013659000396728516,0.04778027534484863,198,7,200,95,1700,857,13033
all/randm11.02.02.06.020_0030.05.aba.beta,True,5,8,0.011940240859985352,0.013627767562866211,0.0007929801940917969,0.02636098861694336,170,3,172,73,1567,582,9088
all/randm11.02.02.07.020_0030.01.aba.beta,True,7,9,0.0216519832611084,0.031015872955322266,0.0019788742065429688,0.05464673042297363,299,5,300,105,2048,1195,18515
all/randm11.02.02.07.020_0030.02.aba.beta,True,6,9,0.018017053604125977,0.030532360076904297,0.0010654926300048828,0.049614906311035156,299,4,299,120,2209,820,12751
all/randm11.02.02.07.020_0030.03.aba.beta,True,8,9,0.021824121475219727,0.03270292282104492,0.0018203258514404297,0.05634737014770508,340,6,342,141,2670,1244,19474
all/randm11.02.02.07.020_0030.04.aba.beta,True,10,9,0.0377354621887207,0.0446927547454834,0.001020669937133789,0.08344888687133789,537,7,537,113,4196,808,12573
all/randm11.02.02.07.020_0030.05.aba.beta,True,6,9,0.017115116119384766,0.027540206909179688,0.0010907649993896484,0.0457460880279541,283,4,283,114,1927,704,10795
all/randm11.02.02.08.020_0030.01.aba.beta,True,1,6,0.0021212100982666016,0.0016710758209228516,0.0006997585296630859,0.004492044448852539,69,1,69,43,364,533,8578
all/randm11.02.02.08.020_0030.02.aba.beta,True,3,6,0.00426483154296875,0.0034439563751220703,0.0007464885711669922,0.008455276489257812,89,3,89,33,532,581,9083
all/randm11.02.02.08.020_0030.03.aba.beta,True,3,6,0.005429983139038086,0.00508880615234375,0.0008821487426757812,0.011400938034057617,79,3,79,59,552,704,11065
all/randm11.02.02.08.020_0030.04.aba.beta,True,5,6,0.008569002151489258,0.008176803588867188,0.0008246898651123047,0.01757049560546875,124,5,125,70,1021,664,10141
all/randm11.02.02.08.020_0030.05.aba.beta,True,5,6,0.009195327758789062,0.007183551788330078,0.0007636547088623047,0.017142534255981445,112,5,117,49,938,601,9143
all/randm11.02.02.09.020_0030.01.aba.beta,True,2,6,0.0025894641876220703,0.0018703937530517578,0.0006732940673828125,0.005133152008056641,105,1,108,47,551,521,8502
all/randm11.02.02.09.020_0030.02.aba.beta,True,3,6,0.00569915771484375,0.0070078372955322266,0.0012502670288085938,0.01395726203918457,119,2,120,68,682,584,9207
all/randm11.02.02.09.020_0030.03.aba.beta,True,8,6,0.016681432723999023,0.020916223526000977,0.0017313957214355469,0.03932905197143555,156,7,156,107,1371,1169,18120
all/randm11.02.02.09.020_0030.04.aba.beta,True,8,6,0.018446683883666992,0.02226424217224121,0.0012631416320800781,0.04197406768798828,156,7,156,101,1220,915,14161
all/randm11.02.02.09.020_0030.05.aba.beta,True,5,6,0.008815288543701172,0.011685848236083984,0.0013175010681152344,0.02181863784790039,122,4,122,75,787,615,9458
all/randm11.02.02.10.020_0030.01.aba.beta,True,20,9,0.08959603309631348,0.11344146728515625,0.0036821365356445312,0.20671963691711426,715,15,715,192,9098,2209,34060
all/randm11.02.02.10.020_0030.02.aba.beta,True,12,9,0.039743661880493164,0.05158042907714844,0.0021636486053466797,0.09348773956298828,386,8,386,127,4086,1223,18729
all/randm11.02.02.10.020_0030.03.aba.beta,True,12,9,0.046286821365356445,0.0490419864654541,0.001458883285522461,0.09678769111633301,334,10,339,111,4545,1156,17944
all/randm11.02.02.10.020_0030.04.aba.beta,True,20,9,0.09241604804992676,0.10620665550231934,0.0019893646240234375,0.20061206817626953,394,16,394,113,4822,1444,21654
all/randm11.02.02.10.020_0030.05.aba.beta,True,8,8,0.025840044021606445,0.03179454803466797,0.0012538433074951172,0.05888843536376953,352,6,353,147,4161,879,13672
all/randm11.02.02.11.020_0030.01.aba.beta,True,6,11,0.024634122848510742,0.03376436233520508,0.0031158924102783203,0.06151437759399414,228,5,232,73,1400,1982,31790
all/randm11.02.02.11.020_0030.02.aba.beta,True,2,10,0.013337373733520508,0.012923955917358398,0.0011644363403320312,0.027425765991210938,199,1,199,64,1170,533,8575
all/randm11.02.02.11.020_0030.03.aba.beta,True,3,11,0.016465187072753906,0.021526098251342773,0.0011646747589111328,0.03915596008300781,157,3,157,64,918,552,8675
all/randm11.02.02.11.020_0030.04.aba.beta,True,6,11,0.02583169937133789,0.05130171775817871,0.002611398696899414,0.07974481582641602,247,6,259,116,2002,1959,31240
all/randm11.02.02.11.020_0030.05.aba.beta,True,6,11,0.023717403411865234,0.0299835205078125,0.001470327377319336,0.05517125129699707,263,4,267,77,1801,1064,16839
all/randm11.02.02.12.020_0030.01.aba.beta,True,5,6,0.009058475494384766,0.010393381118774414,0.0010249614715576172,0.020476818084716797,182,3,182,78,1134,753,11871
all/randm11.02.02.12.020_0030.02.aba.beta,True,3,6,0.004586696624755859,0.0040280818939208984,0.0007545948028564453,0.009369373321533203,89,3,93,60,683,587,9358
all/randm11.02.02.12.020_0030.03.aba.beta,True,4,6,0.0075910091400146484,0.006055355072021484,0.0007908344268798828,0.014437198638916016,104,4,112,63,1052,594,9313
all/randm11.02.02.12.020_0030.04.aba.beta,True,1,6,0.0028333663940429688,0.0013127326965332031,0.0010368824005126953,0.005182981491088867,73,1,75,40,340,537,8599
all/randm11.02.02.12.020_0030.05.aba.beta,True,5,6,0.009253501892089844,0.0077478885650634766,0.0008919239044189453,0.017893314361572266,188,3,189,75,1198,680,10776
all/randm11.02.02.13.020_0030.01.aba.beta,True,9,9,0.033077239990234375,0.03981661796569824,0.0016124248504638672,0.07450628280639648,218,8,223,93,2077,879,13291
all/randm11.02.02.13.020_0030.02.aba.beta,True,6,9,0.02348637580871582,0.028398752212524414,0.0009107589721679688,0.0527958869934082,350,4,353,104,2556,718,11118
all/randm11.02.02.13.020_0030.03.aba.beta,True,6,9,0.018001556396484375,0.023426055908203125,0.0007739067077636719,0.04220151901245117,187,5,190,80,1229,619,9354
all/randm11.02.02.13.020_0030.04.aba.beta,True,7,9,0.028601884841918945,0.0299072265625,0.0012462139129638672,0.05975532531738281,260,6,275,122,3296,918,14192
all/randm11.02.02.13.020_0030.05.aba.beta,True,7,9,0.025571107864379883,0.04466128349304199,0.0011391639709472656,0.07137155532836914,211,6,211,103,1673,864,13264
all/randm11.02.02.14.020_0030.01.aba.beta,True,13,9,0.05266404151916504,0.0698707103729248,0.001641988754272461,0.1241767406463623,402,10,402,152,3771,1295,19888
all/randm11.02.02.14.020_0030.02.aba.beta,True,12,9,0.05418109893798828,0.09159064292907715,0.0029189586639404297,0.14869070053100586,340,10,341,153,2805,1692,26014
all/randm11.02.02.14.020_0030.03.aba.beta,True,10,9,0.03799915313720703,0.05227255821228027,0.0020246505737304688,0.09229636192321777,252,8,255,132,2260,1181,18378
all/randm11.02.02.14.020_0030.04.aba.beta,True,14,9,0.06593537330627441,0.10041952133178711,0.0021266937255859375,0.16848158836364746,376,12,377,190,3577,1542,23532
all/randm11.02.02.14.020_0030.05.aba.beta,True,14,9,0.06731390953063965,0.10973596572875977,0.001886606216430664,0.17893648147583008,516,11,516,154,4306,1261,19885
all/randm11.02.02.15.020_0030.01.aba.beta,True,5,10,0.017308712005615234,0.02375197410583496,0.0008025169372558594,0.041863203048706055,359,3,360,88,2508,558,8707
all/randm11.02.02.15.020_0030.02.aba.beta,True,2,10,0.013654232025146484,0.011925697326660156,0.0007076263427734375,0.026287555694580078,154,2,161,66,967,540,8614
all/randm11.02.02.15.020_0030.03.aba.beta,True,4,10,0.016165494918823242,0.0238492488861084,0.001238107681274414,0.041252851486206055,198,3,198,89,1392,588,9174
all/randm11.02.02.15.020_0030.04.aba.beta,True,10,10,0.03574991226196289,0.05707049369812012,0.0013854503631591797,0.09420585632324219,234,7,237,91,1873,697,10599
all/randm11.02.02.15.020_0030.05.aba.beta,True,7,10,0.02637624740600586,0.045725107192993164,0.0012323856353759766,0.073333740234375,252,6,259,123,2113,804,12571
all/randm11.02.02.16.020_0030.01.aba.beta,True,4,9,0.011209726333618164,0.013285636901855469,0.0007300376892089844,0.025225400924682617,186,2,189,76,1162,581,9119
all/randm11.02.02.16.020_0030.02.aba.beta,True,2,9,0.006631135940551758,0.007133007049560547,0.0009200572967529297,0.014684200286865234,156,2,157,70,1712,693,11091
all/randm11.02.02.16.020_0030.03.aba.beta,True,11,9,0.03334641456604004,0.049932241439819336,0.0023272037506103516,0.08560585975646973,327,8,329,111,2360,1202,18527
all/randm11.02.02.16.020_0030.04.aba.beta,True,6,9,0.016684532165527344,0.019457340240478516,0.0008447170257568359,0.036986589431762695,328,4,328,100,2476,657,10288
all/randm11.02.02.16.020_0030.05.aba.beta,True,3,9,0.011413335800170898,0.010634183883666992,0.000978708267211914,0.023026227951049805,178,3,178,82,1800,738,11700
all/randm11.02.02.17.020_0030.01.aba.beta,True,13,11,0.05222606658935547,0.08062744140625,0.0010001659393310547,0.13385367393493652,472,11,507,146,4355,798,11658
all/randm11.02.02.17.020_0030.02.aba.beta,True,9,11,0.042516231536865234,0.06240367889404297,0.0010263919830322266,0.10594630241394043,382,5,382,101,2935,706,10960
all/randm11.02.02.17.020_0030.03.aba.beta,True,14,11,0.05594062805175781,0.10126328468322754,0.001428842544555664,0.15863275527954102,447,12,453,159,3901,1135,17072
all/randm11.02.02.17.020_0030.04.aba.beta,True,12,11,0.059938669204711914,0.08970284461975098,0.0010952949523925781,0.15073680877685547,429,8,433,132,3636,837,12858
all/randm11.02.02.17.020_0030.05.aba.beta,True,18,11,0.08180546760559082,0.13446617126464844,0.0017352104187011719,0.21800684928894043,910,14,910,177,9613,1251,19262
all/randm11.02.02.18.020_0030.01.aba.beta,True,7,7,0.01672983169555664,0.024422645568847656,0.0010919570922851562,0.04224443435668945,151,6,156,81,1043,851,12991
all/randm11.02.02.18.020_0030.02.aba.beta,True,12,7,0.03586387634277344,0.04548788070678711,0.0021469593048095703,0.08349871635437012,201,11,201,124,2093,1359,20583
all/randm11.02.02.18.020_0030.03.aba.beta,True,5,7,0.008881092071533203,0.010450601577758789,0.0012218952178955078,0.0205535888671875,132,4,133,63,768,628,9650
all/randm11.02.02.18.020_0030.04.aba.beta,True,2,7,0.0068356990814208984,0.004219770431518555,0.0011320114135742188,0.012187480926513672,94,2,94,41,516,538,8581
all/randm11.02.02.18.020_0030.05.aba.beta,True,6,7,0.00959014892578125,0.009285211563110352,0.001294851303100586,0.020170211791992188,111,6,111,42,690,987,15572
all/randm11.02.02.19.020_0030.01.aba.beta,True,15,11,0.06954360008239746,0.07222890853881836,0.0013871192932128906,0.1431596279144287,773,12,777,119,8650,956,14432
all/randm11.02.02.19.020_0030.02.aba.beta,True,13,11,0.06283140182495117,0.09664249420166016,0.0017535686492919922,0.16122746467590332,456,9,456,140,5207,1235,19145
all/randm11.02.02.19.020_0030.03.aba.beta,True,11,11,0.04221296310424805,0.07721757888793945,0.0018258094787597656,0.12125635147094727,290,10,290,138,2591,1371,20850
all/randm11.02.02.19.020_0030.04.aba.beta,True,9,11,0.03162789344787598,0.04260683059692383,0.0010142326354980469,0.07524895668029785,412,5,421,112,3379,716,11217
all/randm11.02.02.19.020_0030.05.aba.beta,True,13,11,0.061786651611328125,0.06333541870117188,0.0021517276763916016,0.1272737979888916,488,8,488,109,4359,1317,20597
all/randm12.02.02.01.020_0030.01.aba.beta,True,6,8,0.017062902450561523,0.021318912506103516,0.0010914802551269531,0.03947329521179199,220,5,235,108,2384,829,13082
all/randm12.02.02.01.020_0030.02.aba.beta,True,2,8,0.0048329830169677734,0.005596637725830078,0.0006995201110839844,0.011129140853881836,86,2,87,59,415,555,8675
all/randm12.02.02.01.020_0030.03.aba.beta,True,3,8,0.008106470108032227,0.007935762405395508,0.0008614063262939453,0.01690363883972168,118,3,120,64,667,691,10893
all/randm12.02.02.01.020_0030.04.aba.beta,True,3,8,0.009232521057128906,0.008291959762573242,0.0012965202331542969,0.018821001052856445,181,2,184,79,1179,574,9183
all/randm12.02.02.01.020_0030.05.aba.beta,True,2,8,0.006858110427856445,0.0067059993743896484,0.0007147789001464844,0.014278888702392578,102,2,102,58,564,572,9118
all/randm12.02.02.02.020_0030.01.aba.beta,True,11,11,0.07134437561035156,0.07704830169677734,0.0015673637390136719,0.14996004104614258,624,8,640,136,8460,843,13069
all/randm12.02.02.02.020_0030.02.aba.beta,True,12,11,0.05026507377624512,0.07089424133300781,0.0010411739349365234,0.12220048904418945,318,9,338,106,3202,808,11844
all/randm12.02.02.02.020_0030.03.aba.beta,True,6,11,0.025398731231689453,0.03805112838745117,0.0006897449493408203,0.06413960456848145,640,2,641,103,5062,549,8664
all/randm12.02.02.02.020_0030.04.aba.beta,True,7,11,0.044849395751953125,0.059081077575683594,0.0008754730224609375,0.10480594635009766,394,4,394,107,3000,633,9837
all/randm12.02.02.02.020_0030.05.aba.beta,True,12,11,0.05273723602294922,0.08124995231628418,0.0011532306671142578,0.13514041900634766,289,10,303,122,3696,812,12228
all/randm12.02.02.03.020_0030.01.aba.beta,True,9,11,0.04646897315979004,0.07606077194213867,0.0010979175567626953,0.1236276626586914,291,7,294,98,2245,777,11681
all/randm12.02.02.03.020_0030.02.aba.beta,True,7,11,0.04457283020019531,0.07123613357543945,0.0011258125305175781,0.11693477630615234,444,5,451,129,3865,800,12299
all/randm12.02.02.03.020_0030.03.aba.beta,True,6,11,0.021437644958496094,0.037172794342041016,0.001135110855102539,0.05974555015563965,261,5,265,104,2018,768,11928
all/randm12.02.02.03.020_0030.04.aba.beta,True,6,11,0.02653789520263672,0.04600214958190918,0.0013620853424072266,0.07390213012695312,236,5,236,109,1705,801,12305
all/randm12.02.02.03.020_0030.05.aba.beta,True,9,11,0.038663625717163086,0.0641179084777832,0.0013849735260009766,0.10416650772094727,235,7,242,96,1738,701,10656
all/randm12.02.02.04.020_0030.01.aba.beta,True,7,11,0.03281736373901367,0.04771542549133301,0.0014505386352539062,0.08198332786560059,410,4,412,125,4838,679,10661
all/randm12.02.02.04.020_0030.02.aba.beta,True,16,11,0.08005523681640625,0.13558125495910645,0.001443624496459961,0.21708011627197266,472,13,478,168,4466,1108,16415
all/randm12.02.02.04.020_0030.03.aba.beta,True,9,11,0.06081819534301758,0.07822728157043457,0.0010962486267089844,0.14014172554016113,751,6,753,138,7643,831,12708
all/randm12.02.02.04.020_0030.04.aba.beta,True,10,11,0.04043436050415039,0.05091071128845215,0.001384735107421875,0.09272980690002441,424,6,438,123,3915,652,9971
all/randm12.02.02.04.020_0030.05.aba.beta,True,13,11,0.06083178520202637,0.0809028148651123,0.0014824867248535156,0.1432170867919922,323,12,339,148,3606,1101,16516
all/randm12.02.02.05.020_0030.01.aba.beta,True,17,10,0.09717512130737305,0.13039302825927734,0.004637956619262695,0.23220610618591309,633,13,637,209,9378,3135,49241
all/randm12.02.02.05.020_0030.02.aba.beta,True,20,10,0.08487439155578613,0.08341455459594727,0.0020842552185058594,0.17037320137023926,497,15,497,122,6887,1529,22907
all/randm12.02.02.05.020_0030.03.aba.beta,True,27,12,0.31423115730285645,0.34116291999816895,0.0060274600982666016,0.661421537399292,1473,21,1473,215,23706,3365,51925
all/randm12.02.02.05.020_0030.04.aba.beta,True,17,12,0.24170374870300293,0.2436521053314209,0.0044498443603515625,0.4898056983947754,1729,12,1734,233,22523,2644,41632
all/randm12.02.02.05.020_0030.05.aba.beta,True,16,10,0.130645751953125,0.1052253246307373,0.0021448135375976562,0.23801589012145996,1391,10,1400,194,18134,1520,23804
all/randm12.02.02.06.020_0030.01.aba.beta,True,27,10,0.24196076393127441,0.5328123569488525,0.007894039154052734,0.7826671600341797,732,23,761,329,7398,5440,85728
all/randm12.02.02.06.020_0030.02.aba.beta,True,24,9,0.21104121208190918,0.2849464416503906,0.0060882568359375,0.5020759105682373,900,20,900,230,8566,3668,57009
all/randm12.02.02.06.020_0030.03.aba.beta,True,30,10,0.3702077865600586,1.0288217067718506,0.008872032165527344,1.4079015254974365,1248,26,1249,301,13612,5734,88612
all/randm12.02.02.06.020_0030.04.aba.beta,True,29,10,0.37261462211608887,1.0588932037353516,0.004888057708740234,1.4363958835601807,1870,23,1870,260,27133,3178,49946
all/randm12.02.02.06.020_0030.05.aba.beta,True,22,11,0.24437785148620605,0.27599382400512695,0.0055084228515625,0.5258800983428955,1382,15,1393,249,14382,3162,49407
all/randm12.02.02.07.020_0030.01.aba.beta,True,4,7,0.008344650268554688,0.009013175964355469,0.001232147216796875,0.01858997344970703,130,4,130,83,1374,962,14861
all/randm12.02.02.07.020_0030.02.aba.beta,True,10,7,0.021328210830688477,0.019063949584960938,0.0014560222625732422,0.041848182678222656,195,7,196,78,2366,729,11088
all/randm12.02.02.07.020_0030.03.aba.beta,True,3,7,0.008638381958007812,0.0070989131927490234,0.0012423992156982422,0.016979694366455078,171,3,185,87,1913,841,13393
all/randm12.02.02.07.020_0030.04.aba.beta,True,5,7,0.008153915405273438,0.008886337280273438,0.0007493495941162109,0.017789602279663086,149,3,149,67,1145,584,9177
all/randm12.02.02.07.020_0030.05.aba.beta,True,6,7,0.013501882553100586,0.014243602752685547,0.0009310245513916016,0.028676509857177734,183,4,184,95,1608,720,11440
all/randm12.02.02.08.020_0030.01.aba.beta,True,8,8,0.01750802993774414,0.020304203033447266,0.0009174346923828125,0.03872966766357422,282,6,283,79,2337,693,10459
all/randm12.02.02.08.020_0030.02.aba.beta,True,14,8,0.033521175384521484,0.05537676811218262,0.0017304420471191406,0.09062838554382324,305,12,305,131,2502,1245,18969
all/randm12.02.02.08.020_0030.03.aba.beta,True,15,8,0.060415029525756836,0.07724332809448242,0.002521038055419922,0.14017939567565918,409,13,409,165,3708,1899,29747
all/randm12.02.02.08.020_0030.04.aba.beta,True,7,8,0.020708799362182617,0.023845434188842773,0.0009965896606445312,0.04555082321166992,319,5,340,122,2692,768,12125
all/randm12.02.02.08.020_0030.05.aba.beta,True,7,8,0.015151262283325195,0.018886327743530273,0.0008001327514648438,0.03483772277832031,255,5,255,89,1873,639,9766
all/randm12.02.02.09.020_0030.01.aba.beta,True,12,10,0.06120800971984863,0.08554553985595703,0.0015151500701904297,0.1482686996459961,308,10,313,135,3572,1068,16458
all/randm12.02.02.09.020_0030.02.aba.beta,True,12,10,0.05595064163208008,0.0680086612701416,0.0010488033294677734,0.12500810623168945,268,10,275,131,2246,852,12551
all/randm12.02.02.09.020_0030.03.aba.beta,True,12,10,0.05746006965637207,0.07010889053344727,0.0011720657348632812,0.12874102592468262,545,8,546,120,4337,871,13280
all/randm12.02.02.09.020_0030.04.aba.beta,True,10,10,0.04395866394042969,0.05767965316772461,0.001337289810180664,0.10297560691833496,453,6,471,141,3782,687,10545
all/randm12.02.02.09.020_0030.05.aba.beta,True,13,10,0.060018062591552734,0.06393790245056152,0.0010576248168945312,0.1250135898590088,422,10,438,125,3418,824,12295
all/randm12.02.02.10.020_0030.01.aba.beta,True,14,11,0.06669855117797852,0.10882449150085449,0.002790689468383789,0.1783137321472168,467,12,475,163,4291,1788,27414
all/randm12.02.02.10.020_0030.02.aba.beta,True,19,11,0.10516953468322754,0.13028693199157715,0.0029332637786865234,0.2383897304534912,863,13,867,165,11764,1961,29963
all/randm12.02.02.10.020_0030.03.aba.beta,True,17,11,0.09694314002990723,0.14456486701965332,0.002198457717895508,0.24370646476745605,715,13,725,169,6663,1439,21687
all/randm12.02.02.10.020_0030.04.aba.beta,True,10,11,0.040045738220214844,0.04925227165222168,0.0018761157989501953,0.09117412567138672,295,7,329,129,2657,1074,16559
all/randm12.02.02.10.020_0030.05.aba.beta,True,14,11,0.058829545974731445,0.10416793823242188,0.0017364025115966797,0.16473388671875,362,10,386,193,4362,1298,20146
all/randm12.02.02.11.020_0030.01.aba.beta,True,9,11,0.04329705238342285,0.07852721214294434,0.0032079219818115234,0.1250321865081787,271,8,284,122,2056,2073,32792
all/randm12.02.02.11.020_0030.02.aba.beta,True,8,11,0.03409290313720703,0.05092048645019531,0.0007884502410888672,0.08580183982849121,591,4,591,110,4490,592,9163
all/randm12.02.02.11.020_0030.03.aba.beta,True,7,11,0.027670860290527344,0.05108189582824707,0.001402139663696289,0.0801548957824707,230,5,234,115,1660,722,11003
all/randm12.02.02.11.020_0030.04.aba.beta,True,7,11,0.034078359603881836,0.049414873123168945,0.0007672309875488281,0.08426046371459961,638,4,638,118,4897,607,9354
all/randm12.02.02.11.020_0030.05.aba.beta,True,6,11,0.02163863182067871,0.0311434268951416,0.0007941722869873047,0.05357623100280762,222,4,229,99,1448,614,9442
all/randm12.02.02.12.020_0030.01.aba.beta,True,6,9,0.0128631591796875,0.019594430923461914,0.0007233619689941406,0.033180952072143555,170,4,171,70,1006,567,8793
all/randm12.02.02.12.020_0030.02.aba.beta,True,4,9,0.016924381256103516,0.023406028747558594,0.0017056465148925781,0.04203605651855469,168,4,168,83,1111,802,12427
all/randm12.02.02.12.020_0030.03.aba.beta,True,8,9,0.023796558380126953,0.027480602264404297,0.0021185874938964844,0.053395748138427734,219,6,224,83,1455,1408,22204
all/randm12.02.02.12.020_0030.04.aba.beta,True,5,9,0.015243053436279297,0.02222895622253418,0.0019233226776123047,0.03939533233642578,206,4,212,87,1335,949,14871
all/randm12.02.02.12.020_0030.05.aba.beta,True,6,9,0.015154838562011719,0.02219843864440918,0.0010714530944824219,0.03842473030090332,197,5,199,100,1321,853,13326
all/randm12.02.02.13.020_0030.01.aba.beta,True,9,9,0.025092601776123047,0.027054309844970703,0.001207113265991211,0.05335402488708496,226,9,232,79,1915,953,14202
all/randm12.02.02.13.020_0030.02.aba.beta,True,4,9,0.01666736602783203,0.022200345993041992,0.0013043880462646484,0.04017210006713867,143,4,143,65,936,584,9011
all/randm12.02.02.13.020_0030.03.aba.beta,True,8,9,0.024573326110839844,0.03731131553649902,0.001550436019897461,0.06343507766723633,200,7,201,100,1532,727,10972
all/randm12.02.02.13.020_0030.04.aba.beta,True,6,9,0.019565105438232422,0.020727872848510742,0.0007715225219726562,0.04106450080871582,275,5,303,112,2435,623,9609
all/randm12.02.02.13.020_0030.05.aba.beta,True,7,9,0.020932674407958984,0.02322244644165039,0.0009205341339111328,0.04507565498352051,167,7,173,88,1575,688,10390
all/randm12.02.02.14.020_0030.01.aba.beta,True,24,9,0.16324472427368164,0.20503997802734375,0.004149436950683594,0.372434139251709,697,18,714,225,7509,3009,46900
all/randm12.02.02.14.020_0030.02.aba.beta,True,21,9,0.1168813705444336,0.20399880409240723,0.0030241012573242188,0.32390427589416504,934,17,934,237,9461,2266,34913
all/randm12.02.02.14.020_0030.03.aba.beta,True,29,9,0.19521236419677734,0.33428525924682617,0.006360054016113281,0.5358576774597168,640,25,640,246,6496,4437,69223
all/randm12.02.02.14.020_0030.04.aba.beta,True,27,9,0.23442935943603516,0.3363499641418457,0.007841348648071289,0.5786206722259521,815,23,820,263,8422,4489,69502
all/randm12.02.02.14.020_0030.05.aba.beta,True,18,8,0.09523773193359375,0.12396097183227539,0.0032973289489746094,0.22249603271484375,432,15,440,209,5028,2215,35101
all/randm12.02.02.15.020_0030.01.aba.beta,True,3,5,0.0027170181274414062,0.0028641223907470703,0.0007190704345703125,0.006300210952758789,58,3,58,44,307,562,8773
all/randm12.02.02.15.020_0030.02.aba.beta,True,2,5,0.002005338668823242,0.00234222412109375,0.0006666183471679688,0.005014181137084961,89,1,89,50,417,535,8555
all/randm12.02.02.15.020_0030.03.aba.beta,True,1,5,0.0014195442199707031,0.0009448528289794922,0.0007135868072509766,0.003077983856201172,51,1,51,35,210,541,8613
all/randm12.02.02.15.020_0030.04.aba.beta,True,2,5,0.0021533966064453125,0.0021784305572509766,0.0007066726684570312,0.00503849983215332,95,1,100,46,473,519,8491
all/randm12.02.02.15.020_0030.05.aba.beta,True,1,5,0.0014989376068115234,0.0009899139404296875,0.0007016658782958984,0.0031905174255371094,54,1,56,39,232,535,8581
all/randm12.02.02.16.020_0030.01.aba.beta,True,1,1,0.0001246929168701172,0.0002205371856689453,0.0006897449493408203,0.0010349750518798828,15,1,15,15,34,534,8555
all/randm12.02.02.16.020_0030.02.aba.beta,True,1,1,0.0001277923583984375,0.00022029876708984375,0.0006825923919677734,0.0010306835174560547,15,1,15,14,34,533,8582
all/randm12.02.02.16.020_0030.03.aba.beta,True,1,1,0.00013375282287597656,0.00022077560424804688,0.0006957054138183594,0.0010502338409423828,15,1,15,15,34,543,8621
all/randm12.02.02.16.020_0030.04.aba.beta,True,1,1,0.00012230873107910156,0.00021648406982421875,0.0006799697875976562,0.0010187625885009766,15,1,15,14,34,539,8609
all/randm12.02.02.16.020_0030.05.aba.beta,True,1,1,0.0001246929168701172,0.00022530555725097656,0.0007405281066894531,0.0010905265808105469,15,1,15,13,34,526,8544
all/randm12.02.02.17.020_0030.01.aba.beta,True,15,12,0.12766194343566895,0.14746999740600586,0.0013608932495117188,0.2764928340911865,1496,10,1503,182,16898,943,14388
all/randm12.02.02.17.020_0030.02.aba.beta,True,18,12,0.125748872756958,0.22167658805847168,0.0015490055084228516,0.34897446632385254,896,13,896,161,8172,1232,18178
all/randm12.02.02.17.020_0030.03.aba.beta,True,14,12,0.10637664794921875,0.1389925479888916,0.0012378692626953125,0.24660706520080566,927,10,929,164,9296,984,14758
all/randm12.02.02.17.020_0030.04.aba.beta,True,17,12,0.13246917724609375,0.19150495529174805,0.0016770362854003906,0.3256511688232422,545,12,551,167,5264,1233,18856
all/randm12.02.02.17.020_0030.05.aba.beta,True,17,12,0.10165023803710938,0.15146780014038086,0.0014445781707763672,0.2545626163482666,831,13,832,144,8625,1086,16146
all/randm12.02.02.18.020_0030.01.aba.beta,True,9,10,0.03919219970703125,0.047997474670410156,0.0009112358093261719,0.08810091018676758,403,7,421,130,4211,687,10417
all/randm12.02.02.18.020_0030.02.aba.beta,True,10,10,0.04178810119628906,0.06042194366455078,0.001119375228881836,0.10332942008972168,394,8,395,102,3849,795,12119
all/randm12.02.02.18.020_0030.03.aba.beta,True,11,10,0.051583051681518555,0.054567813873291016,0.001394033432006836,0.1075448989868164,523,9,525,108,6328,989,15188
all/randm12.02.02.18.020_0030.04.aba.beta,True,11,10,0.050017595291137695,0.07210564613342285,0.0012888908386230469,0.1234121322631836,460,9,478,157,5038,990,14909
all/randm12.02.02.18.020_0030.05.aba.beta,True,9,10,0.041417598724365234,0.06443428993225098,0.0014393329620361328,0.10729122161865234,418,7,425,132,3940,1004,15461
all/randm12.02.02.19.020_0030.01.aba.beta,True,2,10,0.007135868072509766,0.008036136627197266,0.0007662773132324219,0.015938282012939453,130,2,131,62,754,573,9090
all/randm12.02.02.19.020_0030.02.aba.beta,True,7,10,0.021509408950805664,0.03647899627685547,0.0010383129119873047,0.05902671813964844,362,5,363,107,2751,611,9305
all/randm12.02.02.19.020_0030.03.aba.beta,True,4,10,0.012141942977905273,0.01708078384399414,0.0007946491241455078,0.030017375946044922,214,3,221,86,1344,607,9574
all/randm12.02.02.19.020_0030.04.aba.beta,True,2,10,0.007333040237426758,0.008580446243286133,0.000858306884765625,0.016771793365478516,154,2,156,63,917,602,9512
all/randm12.02.02.19.020_0030.05.aba.beta,True,3,10,0.009997844696044922,0.016268014907836914,0.0007359981536865234,0.02700185775756836,308,1,310,79,2006,534,8586
all/randm13.02.02.01.020_0030.01.aba.beta,True,7,9,0.024550676345825195,0.030996084213256836,0.002009153366088867,0.0575559139251709,242,6,242,122,2337,1266,19955
all/randm13.02.02.01.020_0030.02.aba.beta,True,14,9,0.04295825958251953,0.06597399711608887,0.0019605159759521484,0.11089277267456055,332,12,338,138,2693,1478,22539
all/randm13.02.02.01.020_0030.03.aba.beta,True,12,9,0.04120635986328125,0.062143802642822266,0.0020208358764648438,0.10537099838256836,290,9,291,138,3476,1369,21209
all/randm13.02.02.01.020_0030.04.aba.beta,True,7,9,0.023636579513549805,0.02829599380493164,0.0011830329895019531,0.0531156063079834,203,6,205,94,1442,803,12215
all/randm13.02.02.01.020_0030.05.aba.beta,True,11,9,0.040493011474609375,0.05934619903564453,0.0016794204711914062,0.10151863098144531,366,9,368,142,3554,912,13646
all/randm13.02.02.02.020_0030.01.aba.beta,True,4,8,0.008580207824707031,0.01187753677368164,0.0007729530334472656,0.021230697631835938,163,3,163,87,1170,612,9551
all/randm13.02.02.02.020_0030.02.aba.beta,True,3,8,0.00806117057800293,0.009568452835083008,0.0017583370208740234,0.01938796043395996,163,2,165,76,979,988,15641
all/randm13.02.02.02.020_0030.03.aba.beta,True,5,8,0.013959169387817383,0.015317201614379883,0.0008058547973632812,0.030082225799560547,185,3,186,91,1366,598,9484
all/randm13.02.02.02.020_0030.04.aba.beta,True,8,8,0.020288944244384766,0.02437901496887207,0.0008368492126464844,0.04550480842590332,285,5,286,109,2143,632,9776
all/randm13.02.02.02.020_0030.05.aba.beta,True,4,8,0.016811847686767578,0.016143321990966797,0.0007822513580322266,0.0337374210357666,188,3,189,83,1537,627,9749
all/randm13.02.02.03.020_0030.01.aba.beta,True,10,11,0.04149436950683594,0.0842287540435791,0.0016160011291503906,0.12733912467956543,468,8,473,148,4686,1157,17542
all/randm13.02.02.03.020_0030.02.aba.beta,True,15,11,0.13198041915893555,0.1490325927734375,0.0018885135650634766,0.2829015254974365,1060,11,1060,203,16460,1475,22630
all/randm13.02.02.03.020_0030.03.aba.beta,True,12,11,0.05815529823303223,0.10118389129638672,0.0044138431549072266,0.16375303268432617,383,11,432,169,4660,3085,48710
all/randm13.02.02.03.020_0030.04.aba.beta,True,17,11,0.08324003219604492,0.1502382755279541,0.0024967193603515625,0.23597502708435059,444,14,447,152,4630,1615,24093
all/randm13.02.02.03.020_0030.05.aba.beta,True,9,11,0.037790536880493164,0.04756331443786621,0.0008542537689208984,0.08620810508728027,440,7,451,110,4535,652,9901
all/randm13.02.02.04.020_0030.01.aba.beta,True,20,12,0.19921588897705078,0.2948331832885742,0.002437591552734375,0.4964866638183594,1888,13,1889,178,22521,1722,26494
all/randm13.02.02.04.020_0030.02.aba.beta,True,25,12,0.16999197006225586,0.20804905891418457,0.002752542495727539,0.38079357147216797,731,19,735,164,11212,2043,31034
all/randm13.02.02.04.020_0030.03.aba.beta,True,12,12,0.04998922348022461,0.07516694068908691,0.0010821819305419922,0.12623834609985352,474,10,474,98,4124,822,12067
all/randm13.02.02.04.020_0030.04.aba.beta,True,13,12,0.058849334716796875,0.0975189208984375,0.0015833377838134766,0.15795159339904785,380,12,419,151,3649,1127,16739
all/randm13.02.02.04.020_0030.05.aba.beta,True,18,12,0.0889892578125,0.16084933280944824,0.0025854110717773438,0.2524240016937256,438,15,446,142,3813,1906,28668
all/randm13.02.02.05.020_0030.01.aba.beta,True,9,12,0.03642439842224121,0.06739115715026855,0.0009703636169433594,0.10478591918945312,312,7,312,102,2735,765,11415
all/randm13.02.02.05.020_0030.02.aba.beta,True,9,12,0.046340227127075195,0.07324910163879395,0.001493215560913086,0.12108254432678223,349,8,391,154,2940,1093,17104
all/randm13.02.02.05.020_0030.03.aba.beta,True,9,12,0.03693985939025879,0.06586265563964844,0.0014867782592773438,0.10428929328918457,276,8,285,95,2036,724,10915
all/randm13.02.02.05.020_0030.04.aba.beta,True,10,12,0.057636260986328125,0.07820415496826172,0.0019118785858154297,0.13775229454040527,600,8,604,120,5890,1102,16950
all/randm13.02.02.05.020_0030.05.aba.beta,True,14,12,0.07234644889831543,0.11372637748718262,0.0014557838439941406,0.1875286102294922,425,11,428,121,3204,1157,17256
all/randm13.02.02.06.020_0030.01.aba.beta,True,4,9,0.010216474533081055,0.011530399322509766,0.0007839202880859375,0.022530794143676758,203,3,203,57,1277,599,9487
all/randm13.02.02.06.020_0030.02.aba.beta,True,5,9,0.020335674285888672,0.0320742130279541,0.0015132427215576172,0.05392313003540039,284,4,284,118,2322,680,10687
all/randm13.02.02.06.020_0030.03.aba.beta,True,10,9,0.035895586013793945,0.03644919395446777,0.0011837482452392578,0.07352852821350098,360,8,366,107,4075,904,13817
all/randm13.02.02.06.020_0030.04.aba.beta,True,9,9,0.03674125671386719,0.048203468322753906,0.0014767646789550781,0.08642148971557617,255,8,265,116,2235,1028,15776
all/randm13.02.02.06.020_0030.05.aba.beta,True,5,9,0.01442098617553711,0.0207216739654541,0.0007929801940917969,0.03593564033508301,183,5,183,84,1588,641,9878
all/randm13.02.02.07.020_0030.01.aba.beta,True,6,11,0.0243227481842041,0.03294038772583008,0.0010149478912353516,0.05827808380126953,359,3,361,101,2607,707,11163
all/randm13.02.02.07.020_0030.02.aba.beta,True,11,11,0.04619884490966797,0.07126259803771973,0.0010688304901123047,0.1185302734375,289,9,312,117,2297,774,11560
all/randm13.02.02.07.020_0030.03.aba.beta,True,3,11,0.0205230712890625,0.017899036407470703,0.0007462501525878906,0.039168357849121094,244,3,266,97,2198,560,8813
all/randm13.02.02.07.020_0030.04.aba.beta,True,12,11,0.04830431938171387,0.06906366348266602,0.0011794567108154297,0.11854743957519531,265,9,275,102,2132,909,13502
all/randm13.02.02.07.020_0030.05.aba.beta,True,5,11,0.01842188835144043,0.03219437599182129,0.0007486343383789062,0.051364898681640625,241,3,250,87,1516,586,9158
all/randm13.02.02.08.020_0030.01.aba.beta,True,16,11,0.07275891304016113,0.10509157180786133,0.0011677742004394531,0.17901825904846191,488,12,488,136,4329,917,13750
all/randm13.02.02.08.020_0030.02.aba.beta,True,8,11,0.04067730903625488,0.0724799633026123,0.0008649826049804688,0.11402225494384766,600,5,600,115,4534,652,9975
all/randm13.02.02.08.020_0030.03.aba.beta,True,18,11,0.1244974136352539,0.13042712211608887,0.0019567012786865234,0.2568812370300293,1112,13,1115,152,9608,1472,22519
all/randm13.02.02.08.020_0030.04.aba.beta,True,7,11,0.0263059139251709,0.034685611724853516,0.001306772232055664,0.06229829788208008,383,4,383,107,2955,665,10470
all/randm13.02.02.08.020_0030.05.aba.beta,True,8,11,0.03700613975524902,0.04961228370666504,0.0012652873992919922,0.08788371086120605,422,4,429,122,3406,875,13596
all/randm13.02.02.09.020_0030.01.aba.beta,True,17,11,0.08407998085021973,0.11509895324707031,0.002037525177001953,0.201216459274292,485,12,488,159,6030,1448,22685
all/randm13.02.02.09.020_0030.02.aba.beta,True,12,11,0.07691812515258789,0.0939033031463623,0.0016872882843017578,0.17250871658325195,458,9,472,133,4904,1113,16805
all/randm13.02.02.09.020_0030.03.aba.beta,True,18,11,0.10779118537902832,0.10714936256408691,0.002146005630493164,0.2170865535736084,585,14,600,143,7034,1543,23432
all/randm13.02.02.09.020_0030.04.aba.beta,True,17,11,0.12106633186340332,0.15200519561767578,0.004199028015136719,0.2772705554962158,587,13,606,180,6060,2822,44113
all/randm13.02.02.09.020_0030.05.aba.beta,True,12,11,0.0627140998840332,0.07887482643127441,0.002418994903564453,0.14400792121887207,742,8,742,144,6476,1760,27536
all/randm13.02.02.10.020_0030.01.aba.beta,True,7,11,0.027129650115966797,0.047159433364868164,0.0008933544158935547,0.07518243789672852,371,5,372,117,2640,705,10824
all/randm13.02.02.10.020_0030.02.aba.beta,True,12,12,0.05037879943847656,0.11913609504699707,0.0029065608978271484,0.17242145538330078,295,11,300,129,2203,2262,35320
all/randm13.02.02.10.020_0030.03.aba.beta,True,4,10,0.017416000366210938,0.029251813888549805,0.0007469654083251953,0.04741477966308594,206,3,207,81,1390,569,8902
all/randm13.02.02.10.020_0030.04.aba.beta,True,12,12,0.07949614524841309,0.1328258514404297,0.0019683837890625,0.21429038047790527,585,9,600,155,6180,1417,22212
all/randm13.02.02.10.020_0030.05.aba.beta,True,10,12,0.05152320861816406,0.10636425018310547,0.0026378631591796875,0.16052532196044922,405,8,407,131,3051,1677,26179
all/randm13.02.02.11.020_0030.01.aba.beta,True,10,11,0.042478322982788086,0.06984210014343262,0.0012199878692626953,0.1135404109954834,361,8,367,124,2755,726,10989
all/randm13.02.02.11.020_0030.02.aba.beta,True,8,11,0.03887677192687988,0.06150197982788086,0.0014536380767822266,0.10183238983154297,427,5,435,125,3261,747,11467
all/randm13.02.02.11.020_0030.03.aba.beta,True,12,11,0.047899723052978516,0.08781933784484863,0.001659393310546875,0.13737845420837402,385,9,391,130,2983,1086,16694
all/randm13.02.02.11.020_0030.04.aba.beta,True,6,11,0.027102947235107422,0.039977312088012695,0.0007696151733398438,0.06784987449645996,361,3,364,99,2437,590,9155
all/randm13.02.02.11.020_0030.05.aba.beta,True,5,11,0.022284269332885742,0.03349018096923828,0.0007059574127197266,0.05648040771484375,584,2,585,102,4314,545,8628
all/randm13.02.02.12.020_0030.01.aba.beta,True,4,7,0.007397890090942383,0.00829625129699707,0.0008347034454345703,0.016528844833374023,114,4,114,73,1306,649,10162
all/randm13.02.02.12.020_0030.02.aba.beta,True,1,7,0.003301858901977539,0.0023140907287597656,0.0007050037384033203,0.006320953369140625,81,1,85,50,378,533,8556
all/randm13.02.02.12.020_0030.03.aba.beta,True,1,7,0.0024623870849609375,0.0018954277038574219,0.0006911754608154297,0.005048990249633789,74,1,76,46,336,532,8543
all/randm13.02.02.12.020_0030.04.aba.beta,True,1,7,0.002606630325317383,0.0016181468963623047,0.0006856918334960938,0.004910469055175781,85,1,86,39,409,526,8531
all/randm13.02.02.12.020_0030.05.aba.beta,True,3,7,0.00651097297668457,0.00858616828918457,0.0007889270782470703,0.01588606834411621,144,2,145,73,1011,614,9841
all/randm13.02.02.13.020_0030.01.aba.beta,True,22,12,0.12912487983703613,0.2283611297607422,0.0020546913146972656,0.3595407009124756,834,16,834,187,7649,1502,22280
all/randm13.02.02.13.020_0030.02.aba.beta,True,25,12,0.26203370094299316,0.7273368835449219,0.003597259521484375,0.9929678440093994,1673,19,1697,259,17706,2550,38812
all/randm13.02.02.13.020_0030.03.aba.beta,True,17,12,0.12887835502624512,0.16072463989257812,0.001861572265625,0.29146456718444824,1193,10,1199,188,15852,1421,21855
all/randm13.02.02.13.020_0030.04.aba.beta,True,22,12,0.19688081741333008,0.4066178798675537,0.0034093856811523438,0.6069080829620361,949,16,952,209,9214,2016,31180
all/randm13.02.02.13.020_0030.05.aba.beta,True,19,12,0.1081533432006836,0.25126218795776367,0.0027284622192382812,0.36214399337768555,791,14,791,175,8012,2002,31606
all/randm13.02.02.14.020_0030.01.aba.beta,True,15,9,0.058118343353271484,0.09557628631591797,0.0023386478424072266,0.15603327751159668,423,13,429,135,4821,1692,26314
all/randm13.02.02.14.020_0030.02.aba.beta,True,11,9,0.03573775291442871,0.05405473709106445,0.0017387866973876953,0.09153127670288086,372,7,376,109,3474,921,14156
all/randm13.02.02.14.020_0030.03.aba.beta,True,18,9,0.08339524269104004,0.08210396766662598,0.0021893978118896484,0.16768860816955566,512,14,518,147,5913,1492,22520
all/randm13.02.02.14.020_0030.04.aba.beta,True,11,9,0.037291526794433594,0.056388139724731445,0.0018634796142578125,0.09554314613342285,281,10,285,125,2829,1213,18644
all/randm13.02.02.14.020_0030.05.aba.beta,True,12,9,0.04390525817871094,0.05213165283203125,0.0014078617095947266,0.09744477272033691,345,9,347,110,3940,973,14589
all/randm13.02.02.15.020_0030.01.aba.beta,True,15,11,0.07620382308959961,0.13626337051391602,0.0016338825225830078,0.21410107612609863,703,10,703,140,8821,1176,18396
all/randm13.02.02.15.020_0030.02.aba.beta,True,18,11,0.12554311752319336,0.16088390350341797,0.0031232833862304688,0.2895503044128418,1065,15,1091,253,12850,2419,36992
all/randm13.02.02.15.020_0030.03.aba.beta,True,13,11,0.06223797798156738,0.07747316360473633,0.0010936260223388672,0.14080476760864258,684,8,687,140,5848,815,12462
all/randm13.02.02.15.020_0030.04.aba.beta,True,20,11,0.14278125762939453,0.20720481872558594,0.004605531692504883,0.35459160804748535,744,15,755,201,7837,2812,43583
all/randm13.02.02.15.020_0030.05.aba.beta,True,14,11,0.07269024848937988,0.09955239295959473,0.0012054443359375,0.1734480857849121,688,9,688,139,5860,910,13686
all/randm13.02.02.16.020_0030.01.aba.beta,True,13,11,0.05311703681945801,0.09913849830627441,0.0014052391052246094,0.15366077423095703,431,11,445,158,3697,1054,16294
all/randm13.02.02.16.020_0030.02.aba.beta,True,10,11,0.03628110885620117,0.05574989318847656,0.0012254714965820312,0.09325647354125977,426,8,432,123,3597,945,14340
all/randm13.02.02.16.020_0030.03.aba.beta,True,5,11,0.01826953887939453,0.03138327598571777,0.00070953369140625,0.050362348556518555,201,3,201,78,1275,571,8834
all/randm13.02.02.16.020_0030.04.aba.beta,True,7,11,0.03077244758605957,0.042246103286743164,0.0008943080902099609,0.0739128589630127,375,5,393,126,2718,705,10775
all/randm13.02.02.16.020_0030.05.aba.beta,True,6,11,0.021686315536499023,0.03816795349121094,0.0009794235229492188,0.06083369255065918,385,3,385,106,2850,660,10487
all/randm13.02.02.17.020_0030.01.aba.beta,True,7,9,0.01891160011291504,0.027697324752807617,0.001018524169921875,0.04762744903564453,182,6,182,72,1111,719,10961
all/randm13.02.02.17.020_0030.02.aba.beta,True,6,9,0.016808271408081055,0.02705979347229004,0.0007524490356445312,0.044620513916015625,194,4,202,83,1335,591,9193
all/randm13.02.02.17.020_0030.03.aba.beta,True,5,9,0.015238046646118164,0.02156996726989746,0.0007715225219726562,0.03757953643798828,177,3,179,86,1210,590,9155
all/randm13.02.02.17.020_0030.04.aba.beta,True,6,9,0.0187685489654541,0.023459434509277344,0.0014421939849853516,0.0436701774597168,206,4,206,88,1501,681,10594
all/randm13.02.02.17.020_0030.05.aba.beta,True,7,9,0.021133899688720703,0.02252674102783203,0.0007548332214355469,0.04441547393798828,207,5,209,88,1419,600,9164
all/randm13.02.02.18.020_0030.01.aba.beta,True,9,10,0.038034915924072266,0.06183338165283203,0.0012736320495605469,0.10114192962646484,246,7,248,145,2159,899,13908
all/randm13.02.02.18.020_0030.02.aba.beta,True,12,10,0.04240250587463379,0.05376887321472168,0.0014040470123291016,0.09757542610168457,261,10,274,123,2044,1093,16463
all/randm13.02.02.18.020_0030.03.aba.beta,True,7,10,0.03229355812072754,0.05628561973571777,0.0020520687103271484,0.09063124656677246,230,6,233,129,1906,1061,16421
all/randm13.02.02.18.020_0030.04.aba.beta,True,14,10,0.0831611156463623,0.10325813293457031,0.0026645660400390625,0.18908381462097168,489,10,492,171,5074,1669,26524
all/randm13.02.02.18.020_0030.05.aba.beta,True,12,10,0.045485496520996094,0.06663942337036133,0.0015337467193603516,0.11365866661071777,294,11,296,118,2560,1207,18346
all/randm13.02.02.19.020_0030.01.aba.beta,True,9,12,0.04995298385620117,0.07955813407897949,0.0010440349578857422,0.1305551528930664,798,6,809,146,6699,833,12828
all/randm13.02.02.19.020_0030.02.aba.beta,True,8,12,0.04376578330993652,0.06644105911254883,0.0007295608520507812,0.11093640327453613,1245,3,1245,136,10585,571,8908
all/randm13.02.02.19.020_0030.03.aba.beta,True,11,12,0.06629395484924316,0.11002397537231445,0.0012669563293457031,0.17758488655090332,489,7,507,163,3996,919,14047
all/randm13.02.02.19.020_0030.04.aba.beta,True,10,12,0.14109253883361816,0.13623976707458496,0.0013742446899414062,0.27870655059814453,2743,3,2753,158,29097,630,10053
all/randm13.02.02.19.020_0030.05.aba.beta,True,12,12,0.10322904586791992,0.13693475723266602,0.0019202232360839844,0.24208402633666992,571,10,575,169,7047,1395,21304
all/randm14.02.02.01.020_0030.01.aba.beta,True,1,3,0.0004937648773193359,0.0004489421844482422,0.0006966590881347656,0.0016393661499023438,31,1,31,27,106,535,8574
all/randm14.02.02.01.020_0030.02.aba.beta,True,1,3,0.0004870891571044922,0.0004277229309082031,0.0007059574127197266,0.0016207695007324219,31,1,31,26,106,532,8565
all/randm14.02.02.01.020_0030.03.aba.beta,True,1,3,0.0005147457122802734,0.0004172325134277344,0.0007059574127197266,0.0016379356384277344,35,1,35,25,130,532,8568
all/randm14.02.02.01.020_0030.04.aba.beta,True,1,3,0.000881195068359375,0.0006825923919677734,0.0012767314910888672,0.0028405189514160156,38,1,38,21,149,528,8550
all/randm14.02.02.01.020_0030.05.aba.beta,True,1,3,0.0006616115570068359,0.0004551410675048828,0.0006949901580810547,0.0018117427825927734,32,1,32,28,112,529,8529
all/randm14.02.02.02.020_0030.01.aba.beta,True,6,9,0.027854442596435547,0.029457569122314453,0.0007944107055664062,0.058106422424316406,553,3,567,114,4973,622,9675
all/randm14.02.02.02.020_0030.02.aba.beta,True,4,9,0.012506484985351562,0.014313697814941406,0.0007622241973876953,0.027582406997680664,225,3,228,75,2050,581,9090
all/randm14.02.02.02.020_0030.03.aba.beta,True,3,9,0.00946187973022461,0.008199214935302734,0.0006694793701171875,0.01833057403564453,290,1,293,70,2048,537,8595
all/randm14.02.02.02.020_0030.04.aba.beta,True,5,9,0.012919187545776367,0.02014780044555664,0.0007555484771728516,0.03382253646850586,308,2,313,99,2353,555,8780
all/randm14.02.02.02.020_0030.05.aba.beta,True,7,9,0.020693540573120117,0.019121646881103516,0.0008380413055419922,0.040653228759765625,329,5,331,88,2449,641,9850
all/randm14.02.02.03.020_0030.01.aba.beta,True,8,12,0.03647112846374512,0.05768156051635742,0.0009291172027587891,0.09508180618286133,760,5,760,136,7201,662,10210
all/randm14.02.02.03.020_0030.02.aba.beta,True,15,12,0.10804414749145508,0.1655588150024414,0.0015070438385009766,0.27511000633239746,746,11,748,148,6018,1097,16583
all/randm14.02.02.03.020_0030.03.aba.beta,True,11,12,0.049982309341430664,0.1013484001159668,0.0011343955993652344,0.1524651050567627,782,7,783,169,6673,816,12477
all/randm14.02.02.03.020_0030.04.aba.beta,True,12,12,0.07331657409667969,0.13766860961914062,0.0016417503356933594,0.21262693405151367,717,9,717,166,6102,1188,18611
all/randm14.02.02.03.020_0030.05.aba.beta,True,8,12,0.04399681091308594,0.06893682479858398,0.0014832019805908203,0.11441683769226074,668,4,668,128,5281,667,10349
all/randm14.02.02.04.020_0030.01.aba.beta,True,15,12,0.052367210388183594,0.1124417781829834,0.0017170906066894531,0.16652607917785645,424,13,426,115,3319,1259,18974
all/randm14.02.02.04.020_0030.02.aba.beta,True,12,12,0.06339168548583984,0.09926176071166992,0.0014955997467041016,0.16414904594421387,494,8,508,168,5227,1167,17850
all/randm14.02.02.04.020_0030.03.aba.beta,True,11,12,0.0450897216796875,0.07042884826660156,0.0008966922760009766,0.11641526222229004,280,10,300,106,2092,718,10483
all/randm14.02.02.04.020_0030.04.aba.beta,True,8,12,0.030330657958984375,0.06596922874450684,0.0020432472229003906,0.0983431339263916,265,7,270,118,2305,1475,23040
all/randm14.02.02.04.020_0030.05.aba.beta,True,18,12,0.09646821022033691,0.15674161911010742,0.00157928466796875,0.2547891139984131,592,13,600,154,6122,1253,18903
all/randm14.02.02.05.020_0030.01.aba.beta,True,11,12,0.08486199378967285,0.08765316009521484,0.0016369819641113281,0.17415213584899902,618,6,620,123,7249,832,12907
all/randm14.02.02.05.020_0030.02.aba.beta,True,14,12,0.08605217933654785,0.15442132949829102,0.0026907920837402344,0.2431643009185791,756,11,758,173,6440,1724,26782
all/randm14.02.02.05.020_0030.03.aba.beta,True,22,12,0.1026310920715332,0.19054102897644043,0.0028731822967529297,0.29604530334472656,494,20,495,147,5087,1944,29127
all/randm14.02.02.05.020_0030.04.aba.beta,True,12,12,0.05328965187072754,0.10669803619384766,0.001064300537109375,0.16105198860168457,420,9,421,131,3425,803,12148
all/randm14.02.02.05.020_0030.05.aba.beta,True,14,12,0.05280733108520508,0.08992886543273926,0.0016984939575195312,0.14443469047546387,369,13,372,112,3539,982,14404
all/randm14.02.02.06.020_0030.01.aba.beta,True,27,11,0.21697115898132324,0.34845781326293945,0.006552934646606445,0.5719819068908691,835,21,852,230,8547,4114,65386
all/randm14.02.02.06.020_0030.02.aba.beta,True,20,11,0.17630743980407715,0.21022486686706543,0.003318309783935547,0.3898506164550781,1133,16,1166,259,17979,2431,37757
all/randm14.02.02.06.020_0030.03.aba.beta,True,18,11,0.11306095123291016,0.1407003402709961,0.0025424957275390625,0.2563037872314453,492,14,500,175,5080,1974,30723
all/randm14.02.02.06.020_0030.04.aba.beta,True,19,11,0.17686724662780762,0.24027609825134277,0.00312042236328125,0.42026376724243164,1586,13,1586,185,19386,1658,25736
all/randm14.02.02.06.020_0030.05.aba.beta,True,26,11,0.20993995666503906,0.3247964382171631,0.004681587219238281,0.5394179821014404,1507,20,1507,212,16716,3313,51005
all/randm14.02.02.07.020_0030.01.aba.beta,True,15,12,0.11434745788574219,0.15661406517028809,0.0015368461608886719,0.27249836921691895,1001,8,1001,151,11167,1157,17794
all/randm14.02.02.07.020_0030.02.aba.beta,True,18,12,0.1524031162261963,0.20889997482299805,0.0021567344665527344,0.36345982551574707,1872,11,1874,199,21397,1450,22590
all/randm14.02.02.07.020_0030.03.aba.beta,True,15,12,0.09213423728942871,0.1514604091644287,0.0018072128295898438,0.24540185928344727,719,11,726,151,6525,1269,19709
all/randm14.02.02.07.020_0030.04.aba.beta,True,23,12,0.3048524856567383,0.5607550144195557,0.004668474197387695,0.8702759742736816,1538,17,1541,216,20556,3112,49871
all/randm14.02.02.07.020_0030.05.aba.beta,True,13,12,0.07325625419616699,0.10568428039550781,0.0017135143280029297,0.18065404891967773,749,8,749,141,7043,1311,20589
all/randm14.02.02.08.020_0030.01.aba.beta,True,10,10,0.03914380073547363,0.05283999443054199,0.0009140968322753906,0.09289789199829102,679,6,680,128,6185,720,10882
all/randm14.02.02.08.020_0030.02.aba.beta,True,12,10,0.04466652870178223,0.04929018020629883,0.0010561943054199219,0.09501290321350098,511,9,511,107,6477,826,12644
all/randm14.02.02.08.020_0030.03.aba.beta,True,14,10,0.0612640380859375,0.08570265769958496,0.0022177696228027344,0.1491844654083252,348,14,369,174,4883,1594,24531
all/randm14.02.02.08.020_0030.04.aba.beta,True,11,10,0.05235457420349121,0.06692051887512207,0.00193023681640625,0.12120532989501953,461,9,470,151,4488,1041,15872
all/randm14.02.02.08.020_0030.05.aba.beta,True,11,10,0.03902697563171387,0.05429196357727051,0.001589059829711914,0.09490799903869629,344,9,344,102,3818,1213,18676
all/randm14.02.02.09.020_0030.01.aba.beta,True,13,12,0.0684819221496582,0.10860013961791992,0.0011882781982421875,0.1782703399658203,781,8,785,140,6805,950,14396
all/randm14.02.02.09.020_0030.02.aba.beta,True,14,12,0.05490612983703613,0.08801007270812988,0.002122640609741211,0.14503884315490723,517,10,531,147,5245,1129,17685
all/randm14.02.02.09.020_0030.03.aba.beta,True,13,12,0.06224989891052246,0.12202191352844238,0.0024292469024658203,0.18670105934143066,504,9,518,180,4763,1764,27515
all/randm14.02.02.09.020_0030.04.aba.beta,True,12,12,0.04314827919006348,0.0837547779083252,0.0020258426666259766,0.12892889976501465,428,9,433,143,3468,1180,17918
all/randm14.02.02.09.020_0030.05.aba.beta,True,8,12,0.03667497634887695,0.05811452865600586,0.0010094642639160156,0.09579896926879883,446,5,457,124,3721,765,11831
all/randm14.02.02.10.020_0030.01.aba.beta,True,4,5,0.0047359466552734375,0.004920005798339844,0.0015742778778076172,0.011230230331420898,108,3,109,58,618,738,11750
all/randm14.02.02.10.020_0030.02.aba.beta,True,4,5,0.005585193634033203,0.004564046859741211,0.0009984970092773438,0.011147737503051758,107,3,109,69,622,674,10527
all/randm14.02.02.10.020_0030.03.aba.beta,True,3,5,0.00425410270690918,0.002853870391845703,0.0007257461547851562,0.007833719253540039,108,2,109,61,722,552,8866
all/randm14.02.02.10.020_0030.04.aba.beta,True,2,5,0.0035088062286376953,0.002832651138305664,0.0013301372528076172,0.0076715946197509766,76,2,82,54,437,582,9193
all/randm14.02.02.10.020_0030.05.aba.beta,True,5,5,0.008236169815063477,0.005837202072143555,0.0007982254028320312,0.014871597290039062,123,4,125,79,882,647,10043
all/randm14.02.02.11.020_0030.01.aba.beta,True,8,10,0.04300951957702637,0.0433657169342041,0.0015647411346435547,0.08793997764587402,325,7,328,100,3687,764,11643
all/randm14.02.02.11.020_0030.02.aba.beta,True,7,10,0.02336859703063965,0.029323101043701172,0.0012352466583251953,0.053926944732666016,227,6,237,104,1752,808,12686
all/randm14.02.02.11.020_0030.03.aba.beta,True,10,10,0.05231833457946777,0.051770687103271484,0.0013575553894042969,0.10544657707214355,392,8,395,121,3887,930,14300
all/randm14.02.02.11.020_0030.04.aba.beta,True,12,10,0.0627894401550293,0.07271051406860352,0.0027008056640625,0.1382007598876953,479,10,487,147,4420,1512,23163
all/randm14.02.02.11.020_0030.05.aba.beta,True,9,10,0.04119729995727539,0.04008173942565918,0.0017910003662109375,0.08307003974914551,303,8,315,115,2824,914,14124
all/randm14.02.02.12.020_0030.01.aba.beta,True,13,11,0.10090374946594238,0.10463428497314453,0.0010635852813720703,0.20660161972045898,875,8,879,138,8903,774,11425
all/randm14.02.02.12.020_0030.02.aba.beta,True,16,11,0.06834530830383301,0.10820865631103516,0.0017888545989990234,0.1783428192138672,768,12,780,162,6740,1362,20743
all/randm14.02.02.12.020_0030.03.aba.beta,True,18,11,0.0989687442779541,0.13830280303955078,0.0021402835845947266,0.2394118309020996,597,14,599,166,6622,1606,24456
all/randm14.02.02.12.020_0030.04.aba.beta,True,17,11,0.07158994674682617,0.13882780075073242,0.0016586780548095703,0.21207642555236816,798,14,800,153,8557,1209,17760
all/randm14.02.02.12.020_0030.05.aba.beta,True,15,11,0.04672694206237793,0.06911563873291016,0.0011854171752929688,0.11702799797058105,436,12,436,125,4134,946,14267
all/randm14.02.02.13.020_0030.01.aba.beta,True,15,13,0.18935251235961914,0.20112180709838867,0.00170135498046875,0.39217567443847656,2720,9,2721,177,29741,1131,17533
all/randm14.02.02.13.020_0030.02.aba.beta,True,15,13,0.07703828811645508,0.14329910278320312,0.001209259033203125,0.22154664993286133,815,11,818,155,7118,955,14200
all/randm14.02.02.13.020_0030.03.aba.beta,True,17,13,0.12885379791259766,0.21883225440979004,0.002993345260620117,0.3506793975830078,687,14,718,170,6505,1787,27492
all/randm14.02.02.13.020_0030.04.aba.beta,True,18,13,0.10778999328613281,0.16443538665771484,0.0013589859008789062,0.27358436584472656,954,13,954,150,9644,1037,15697
all/randm14.02.02.13.020_0030.05.aba.beta,True,21,13,0.2128129005432129,0.3220953941345215,0.0036101341247558594,0.5385184288024902,1231,17,1236,194,13171,2145,32860
all/randm14.02.02.14.020_0030.01.aba.beta,True,20,11,0.11532950401306152,0.16873383522033691,0.00318145751953125,0.2872447967529297,733,17,736,160,6290,1637,24653
all/randm14.02.02.14.020_0030.02.aba.beta,True,5,11,0.01953434944152832,0.03116464614868164,0.0008914470672607422,0.0515904426574707,175,5,182,88,1198,694,10703
all/randm14.02.02.14.020_0030.03.aba.beta,True,9,11,0.027129411697387695,0.04487156867980957,0.0009772777557373047,0.07297825813293457,264,8,267,89,1833,772,11503
all/randm14.02.02.14.020_0030.04.aba.beta,True,5,11,0.02124309539794922,0.033307552337646484,0.0007789134979248047,0.05532956123352051,272,3,279,93,2500,577,9065
all/randm14.02.02.14.020_0030.05.aba.beta,True,6,11,0.020270109176635742,0.03626537322998047,0.0009691715240478516,0.05750465393066406,201,6,207,78,1499,745,11541
all/randm14.02.02.15.020_0030.01.aba.beta,True,9,12,0.046518564224243164,0.07533144950866699,0.0010776519775390625,0.12292766571044922,415,6,416,135,3339,757,11785
all/randm14.02.02.15.020_0030.02.aba.beta,True,12,12,0.08151626586914062,0.12353372573852539,0.0017647743225097656,0.20681476593017578,831,8,836,167,7180,1348,21084
all/randm14.02.02.15.020_0030.03.aba.beta,True,17,12,0.08349394798278809,0.13283467292785645,0.0020873546600341797,0.2184159755706787,782,12,784,158,6636,1379,20756
all/randm14.02.02.15.020_0030.04.aba.beta,True,18,12,0.13507986068725586,0.19027304649353027,0.0023550987243652344,0.32770800590515137,898,14,901,187,8711,1778,27228
all/randm14.02.02.15.020_0030.05.aba.beta,True,12,12,0.05611371994018555,0.10217857360839844,0.0016319751739501953,0.15992426872253418,470,8,472,157,3961,1248,19537
all/randm14.02.02.16.020_0030.01.aba.beta,True,20,10,0.12663626670837402,0.15442848205566406,0.002254486083984375,0.28331923484802246,500,14,509,164,5781,1514,22959
all/randm14.02.02.16.020_0030.02.aba.beta,True,19,10,0.10694074630737305,0.14065337181091309,0.0037369728088378906,0.251331090927124,767,13,773,178,8130,2555,39362
all/randm14.02.02.16.020_0030.03.aba.beta,True,15,10,0.06384658813476562,0.07915353775024414,0.0032694339752197266,0.1462695598602295,422,9,422,135,6522,2014,31381
all/randm14.02.02.16.020_0030.04.aba.beta,True,19,11,0.12249445915222168,0.20014643669128418,0.002866983413696289,0.32550787925720215,1310,14,1310,180,15474,2021,31188
all/randm14.02.02.16.020_0030.05.aba.beta,True,17,10,0.09602522850036621,0.1407768726348877,0.0023651123046875,0.2391672134399414,703,12,703,157,8825,1789,27440
all/randm14.02.02.17.020_0030.01.aba.beta,True,20,11,0.12471985816955566,0.15398645401000977,0.0019521713256835938,0.280658483505249,506,16,515,179,4890,1512,22667
all/randm14.02.02.17.020_0030.02.aba.beta,True,17,11,0.09593892097473145,0.141876220703125,0.0032029151916503906,0.24101805686950684,497,13,504,167,4829,2076,32285
all/randm14.02.02.17.020_0030.03.aba.beta,True,23,11,0.17940258979797363,0.1916215419769287,0.0022864341735839844,0.37331056594848633,671,17,671,161,8776,1651,25571
all/randm14.02.02.17.020_0030.04.aba.beta,True,18,11,0.1042165756225586,0.12505817413330078,0.0014219284057617188,0.2306966781616211,729,14,729,134,6630,1075,15642
all/randm14.02.02.17.020_0030.05.aba.beta,True,16,11,0.09747076034545898,0.10421967506408691,0.0020368099212646484,0.20372724533081055,427,11,427,109,3531,1052,15580
all/randm14.02.02.18.020_0030.01.aba.beta,True,13,13,0.12038469314575195,0.1934831142425537,0.0018427371978759766,0.31571054458618164,1544,8,1544,178,15246,924,14207
all/randm14.02.02.18.020_0030.02.aba.beta,True,18,13,0.18332552909851074,0.3597562313079834,0.004225015640258789,0.5473067760467529,1045,13,1057,221,13755,2399,37588
all/randm14.02.02.18.020_0030.03.aba.beta,True,10,13,0.07133603096008301,0.14497637748718262,0.003021717071533203,0.21933412551879883,510,8,513,156,4503,1505,23600
all/randm14.02.02.18.020_0030.04.aba.beta,True,19,13,0.19470930099487305,0.29262280464172363,0.002045154571533203,0.4893772602081299,888,14,891,186,8389,1532,23741
all/randm14.02.02.18.020_0030.05.aba.beta,True,16,13,0.08421015739440918,0.19663143157958984,0.00220489501953125,0.2830464839935303,399,13,405,152,4343,1507,23950
all/randm14.02.02.19.020_0030.01.aba.beta,True,5,13,0.021280765533447266,0.04258441925048828,0.0011112689971923828,0.06497645378112793,263,4,268,101,1791,842,13200
all/randm14.02.02.19.020_0030.02.aba.beta,True,14,13,0.07549643516540527,0.1336972713470459,0.0014386177062988281,0.21063232421875,397,11,410,127,4274,1118,16728
all/randm14.02.02.19.020_0030.03.aba.beta,True,5,13,0.031743526458740234,0.05252671241760254,0.0008671283721923828,0.08513736724853516,440,3,445,118,3137,659,10192
all/randm14.02.02.19.020_0030.04.aba.beta,True,8,13,0.05124187469482422,0.0776669979095459,0.0008652210235595703,0.1297740936279297,304,6,311,102,2202,656,10020
all/randm14.02.02.19.020_0030.05.aba.beta,True,7,13,0.043572187423706055,0.08074569702148438,0.0008473396301269531,0.12516522407531738,465,5,469,118,3571,668,10214
all/randm15.02.02.01.020_0030.01.aba.beta,True,19,13,0.17622590065002441,0.34108829498291016,0.0033626556396484375,0.520676851272583,933,15,959,212,9970,2457,37846
all/randm15.02.02.01.020_0030.02.aba.beta,True,16,13,0.11943864822387695,0.17623162269592285,0.002593994140625,0.2982642650604248,834,11,834,157,8501,1960,30413
all/randm15.02.02.01.020_0030.03.aba.beta,True,23,13,0.5686163902282715,0.9113264083862305,0.003283262252807617,1.4832260608673096,2882,16,2882,245,29834,2236,33931
all/randm15.02.02.01.020_0030.04.aba.beta,True,16,13,0.1198740005493164,0.2388927936553955,0.0034470558166503906,0.3622138500213623,551,14,554,194,5243,2161,33688
all/randm15.02.02.01.020_0030.05.aba.beta,True,27,13,0.1600022315979004,0.2849550247192383,0.0032482147216796875,0.44820547103881836,889,22,908,212,8515,2344,36037
all/randm15.02.02.02.020_0030.01.aba.beta,True,16,10,0.11227655410766602,0.09728574752807617,0.0016932487487792969,0.21125555038452148,853,10,853,149,8758,1187,18067
all/randm15.02.02.02.020_0030.02.aba.beta,True,14,10,0.06406188011169434,0.07108807563781738,0.0012798309326171875,0.1364297866821289,391,10,398,129,3968,1001,14885
all/randm15.02.02.02.020_0030.03.aba.beta,True,15,10,0.08025836944580078,0.08049583435058594,0.0010766983032226562,0.16183090209960938,1172,11,1174,128,12085,794,11678
all/randm15.02.02.02.020_0030.04.aba.beta,True,8,10,0.032654523849487305,0.024847745895385742,0.0008058547973632812,0.05830812454223633,448,6,456,106,4448,640,9714
all/randm15.02.02.02.020_0030.05.aba.beta,True,12,10,0.0697011947631836,0.0726921558380127,0.001934051513671875,0.14432740211486816,831,7,846,171,8264,1104,17025
all/randm15.02.02.03.020_0030.01.aba.beta,True,22,12,0.30938220024108887,0.41885828971862793,0.002620697021484375,0.7308611869812012,1978,15,1981,203,30341,1555,23700
all/randm15.02.02.03.020_0030.02.aba.beta,True,16,11,0.09049630165100098,0.137070894241333,0.003040790557861328,0.2306079864501953,567,11,591,210,5702,2150,33405
all/randm15.02.02.03.020_0030.03.aba.beta,True,18,12,0.10685920715332031,0.18627500534057617,0.0019450187683105469,0.29507923126220703,887,14,897,194,9749,1369,20525
all/randm15.02.02.03.020_0030.04.aba.beta,True,13,12,0.07256460189819336,0.10579681396484375,0.0010502338409423828,0.1794116497039795,459,9,467,130,3875,818,12188
all/randm15.02.02.03.020_0030.05.aba.beta,True,18,12,0.1608128547668457,0.19620275497436523,0.003349781036376953,0.3603653907775879,1147,12,1153,212,14293,2093,32353
all/randm15.02.02.04.020_0030.01.aba.beta,True,7,12,0.04052090644836426,0.04038810729980469,0.0008831024169921875,0.08179211616516113,431,5,446,125,5574,654,10184
all/randm15.02.02.04.020_0030.02.aba.beta,True,22,12,0.12163305282592773,0.1794586181640625,0.0028526782989501953,0.30394434928894043,832,16,832,139,7930,1821,28148
all/randm15.02.02.04.020_0030.03.aba.beta,True,14,12,0.08313202857971191,0.16272425651550293,0.0014431476593017578,0.2472994327545166,1289,9,1290,155,11336,942,14200
all/randm15.02.02.04.020_0030.04.aba.beta,True,22,12,0.24042892456054688,0.4866602420806885,0.0038971900939941406,0.7309863567352295,1030,16,1030,230,14233,2337,36591
all/randm15.02.02.04.020_0030.05.aba.beta,True,16,12,0.14279937744140625,0.1707005500793457,0.002500772476196289,0.31600069999694824,647,12,647,158,7670,1724,26950
all/randm15.02.02.05.020_0030.01.aba.beta,True,16,11,0.07625985145568848,0.12380313873291016,0.002134084701538086,0.20219707489013672,593,13,624,196,5794,1587,25012
all/randm15.02.02.05.020_0030.02.aba.beta,True,15,11,0.07230639457702637,0.1037895679473877,0.00142669677734375,0.1775226593017578,460,11,462,124,4672,1081,16420
all/randm15.02.02.05.020_0030.03.aba.beta,True,10,11,0.03903007507324219,0.06706881523132324,0.0014510154724121094,0.10754990577697754,415,7,431,114,3431,660,9909
all/randm15.02.02.05.020_0030.04.aba.beta,True,12,11,0.07069206237792969,0.09652256965637207,0.0017025470733642578,0.16891717910766602,492,9,505,146,5485,1143,17557
all/randm15.02.02.05.020_0030.05.aba.beta,True,10,11,0.03511357307434082,0.05435466766357422,0.0016040802001953125,0.09107232093811035,376,8,378,113,2925,1171,18070
all/randm15.02.02.06.020_0030.01.aba.beta,True,21,11,0.21658921241760254,0.24516677856445312,0.0018875598907470703,0.46364355087280273,2096,15,2096,191,21521,1239,18566
all/randm15.02.02.06.020_0030.02.aba.beta,True,21,11,0.16485905647277832,0.28397250175476074,0.0028955936431884766,0.45172715187072754,1395,16,1395,175,17857,1849,27828
all/randm15.02.02.06.020_0030.03.aba.beta,True,20,11,0.10060358047485352,0.13219380378723145,0.0029449462890625,0.23574233055114746,869,14,879,193,8647,2267,35084
all/randm15.02.02.06.020_0030.04.aba.beta,True,20,11,0.12015104293823242,0.20987892150878906,0.0029904842376708984,0.3330204486846924,926,16,926,199,11990,2109,32604
all/randm15.02.02.06.020_0030.05.aba.beta,True,17,11,0.08557844161987305,0.1278553009033203,0.0024805068969726562,0.21591424942016602,745,12,745,163,8309,1850,28188
all/randm15.02.02.07.020_0030.01.aba.beta,True,15,13,0.06964612007141113,0.13284754753112793,0.0022737979888916016,0.20476746559143066,535,11,542,151,5154,1235,18736
all/randm15.02.02.07.020_0030.02.aba.beta,True,13,13,0.09430456161499023,0.14755678176879883,0.0022783279418945312,0.2441396713256836,446,11,463,186,4425,1421,22059
all/randm15.02.02.07.020_0030.03.aba.beta,True,17,13,0.13234925270080566,0.26828932762145996,0.003907918930053711,0.40454649925231934,823,12,825,204,7340,2731,43294
all/randm15.02.02.07.020_0030.04.aba.beta,True,17,13,0.1055746078491211,0.16535568237304688,0.003377676010131836,0.2743079662322998,874,13,878,164,7384,2112,32370
all/randm15.02.02.07.020_0030.05.aba.beta,True,12,13,0.07527804374694824,0.11415863037109375,0.0018301010131835938,0.19126677513122559,343,11,371,170,2795,1417,21476
all/randm15.02.02.08.020_0030.01.aba.beta,True,14,11,0.0758359432220459,0.11805057525634766,0.0013680458068847656,0.19525456428527832,420,12,427,137,3425,1011,14803
all/randm15.02.02.08.020_0030.02.aba.beta,True,13,11,0.0641319751739502,0.09396100044250488,0.0019326210021972656,0.16002559661865234,498,10,501,136,5192,1336,20337
all/randm15.02.02.08.020_0030.03.aba.beta,True,19,11,0.16706085205078125,0.21188139915466309,0.0017497539520263672,0.3806920051574707,1293,12,1293,162,14558,1178,17572
all/randm15.02.02.08.020_0030.04.aba.beta,True,12,11,0.06027531623840332,0.07039618492126465,0.0014879703521728516,0.13215947151184082,343,10,353,126,3305,1076,16002
all/randm15.02.02.08.020_0030.05.aba.beta,True,11,11,0.0656590461730957,0.07796716690063477,0.0020906925201416016,0.14571690559387207,306,9,325,131,2483,1166,17964
all/randm15.02.02.09.020_0030.01.aba.beta,True,19,11,0.22408390045166016,1.467895746231079,0.002660036087036133,1.6946396827697754,3129,13,3132,194,32728,1609,24578
all/randm15.02.02.09.020_0030.02.aba.beta,True,16,11,0.18016624450683594,0.43496179580688477,0.0019769668579101562,0.6171050071716309,1850,10,1858,190,17386,1041,15968
all/randm15.02.02.09.020_0030.03.aba.beta,True,21,11,0.29563450813293457,2.9251484870910645,0.0015728473663330078,3.222355842590332,3118,14,3118,169,32139,1147,17437
all/randm15.02.02.09.020_0030.04.aba.beta,True,28,11,0.3366096019744873,0.5643761157989502,0.004507541656494141,0.9054932594299316,1496,21,1496,246,15815,2692,40980
all/randm15.02.02.09.020_0030.05.aba.beta,True,26,11,0.2935056686401367,2.5658884048461914,0.0038046836853027344,2.863198757171631,2377,21,2377,209,28865,2418,36836
all/randm15.02.02.10.020_0030.01.aba.beta,True,1,4,0.0008330345153808594,0.0005555152893066406,0.0007009506225585938,0.0020895004272460938,48,1,48,25,217,540,8607
all/randm15.02.02.10.020_0030.02.aba.beta,True,1,4,0.0017740726470947266,0.0010497570037841797,0.00113677978515625,0.003960609436035156,42,1,42,30,175,536,8598
all/randm15.02.02.10.020_0030.03.aba.beta,True,1,4,0.001581430435180664,0.0011031627655029297,0.0011301040649414062,0.003814697265625,44,1,45,25,190,538,8606
all/randm15.02.02.10.020_0030.04.aba.beta,True,1,4,0.0014286041259765625,0.00080108642578125,0.0007944107055664062,0.0030241012573242188,46,1,46,26,205,534,8587
all/randm15.02.02.10.020_0030.05.aba.beta,True,1,4,0.001146554946899414,0.0005643367767333984,0.0006830692291259766,0.002393960952758789,53,1,53,25,255,530,8547
all/randm15.02.02.11.020_0030.01.aba.beta,True,9,12,0.05484414100646973,0.08102560043334961,0.001611471176147461,0.1374812126159668,255,7,257,117,1854,1038,15917
all/randm15.02.02.11.020_0030.02.aba.beta,True,8,12,0.0485837459564209,0.07767677307128906,0.0010967254638671875,0.12735724449157715,310,6,315,130,2542,864,13298
all/randm15.02.02.11.020_0030.03.aba.beta,True,12,12,0.07249903678894043,0.1477971076965332,0.0020537376403808594,0.2223498821258545,468,10,470,163,3932,1154,17748
all/randm15.02.02.11.020_0030.04.aba.beta,True,15,12,0.14568471908569336,0.19215035438537598,0.0017879009246826172,0.33962297439575195,910,10,918,179,12313,1293,20077
all/randm15.02.02.11.020_0030.05.aba.beta,True,10,12,0.05453896522521973,0.09542298316955566,0.0012054443359375,0.1511673927307129,316,7,329,139,2531,935,14251
all/randm15.02.02.12.020_0030.01.aba.beta,True,20,14,0.14319062232971191,0.2546963691711426,0.0021522045135498047,0.4000391960144043,945,15,950,184,8780,1265,18637
all/randm15.02.02.12.020_0030.02.aba.beta,True,22,14,0.26368021965026855,0.5280141830444336,0.0032646656036376953,0.7949590682983398,1155,15,1155,207,14494,1785,27322
all/randm15.02.02.12.020_0030.03.aba.beta,True,17,14,0.15027761459350586,0.20403385162353516,0.0018143653869628906,0.3561258316040039,962,11,969,192,8941,1335,20278
all/randm15.02.02.12.020_0030.04.aba.beta,True,11,14,0.07910847663879395,0.09965991973876953,0.0008530616760253906,0.17962145805358887,916,5,924,138,8206,658,10098
all/randm15.02.02.12.020_0030.05.aba.beta,True,19,14,0.16559147834777832,0.2599151134490967,0.0021049976348876953,0.4276115894317627,667,15,692,183,6874,1483,22129
all/randm15.02.02.13.020_0030.01.aba.beta,True,25,10,0.21854901313781738,3.2203218936920166,0.00473332405090332,3.4436042308807373,1299,20,1302,238,17325,3325,52433
all/randm15.02.02.13.020_0030.02.aba.beta,True,25,10,0.32711172103881836,0.948826789855957,0.004907369613647461,1.2808458805084229,2748,18,2748,269,37634,3159,49307
all/randm15.02.02.13.020_0030.03.aba.beta,True,31,10,0.6009397506713867,6.986622095108032,0.006123781204223633,7.593685626983643,2935,24,2935,283,41826,4009,62314
all/randm15.02.02.13.020_0030.04.aba.beta,True,18,10,0.22564411163330078,0.27216410636901855,0.0023992061614990234,0.5002074241638184,1700,12,1717,216,26061,1614,25359
all/randm15.02.02.13.020_0030.05.aba.beta,True,24,10,0.6898224353790283,3.9948015213012695,0.004929304122924805,4.689553260803223,5353,18,5353,241,74412,3142,48613
all/randm15.02.02.14.020_0030.01.aba.beta,True,6,12,0.022185564041137695,0.03448915481567383,0.0009002685546875,0.05757498741149902,249,5,259,90,1693,647,9826
all/randm15.02.02.14.020_0030.02.aba.beta,True,10,12,0.059827566146850586,0.07929801940917969,0.0010509490966796875,0.14017653465270996,364,8,418,155,3376,792,11982
all/randm15.02.02.14.020_0030.03.aba.beta,True,8,12,0.04337143898010254,0.07372164726257324,0.0010645389556884766,0.11815762519836426,468,6,477,133,3930,840,12796
all/randm15.02.02.14.020_0030.04.aba.beta,True,12,12,0.0700235366821289,0.09093475341796875,0.0029609203338623047,0.16391921043395996,393,9,414,133,3450,2010,31595
all/randm15.02.02.14.020_0030.05.aba.beta,True,9,12,0.034833431243896484,0.06736969947814941,0.0009660720825195312,0.10316920280456543,251,8,251,100,1836,799,11864
all/randm15.02.02.15.020_0030.01.aba.beta,True,6,11,0.022870302200317383,0.03283333778381348,0.0008096694946289062,0.056513309478759766,227,4,227,93,1732,654,10124
all/randm15.02.02.15.020_0030.02.aba.beta,True,10,11,0.050864458084106445,0.0533292293548584,0.0013763904571533203,0.10557007789611816,479,6,483,91,4328,845,13175
all/randm15.02.02.15.020_0030.03.aba.beta,True,6,11,0.027867555618286133,0.03570723533630371,0.0008206367492675781,0.06439542770385742,378,4,380,93,2948,640,9844
all/randm15.02.02.15.020_0030.04.aba.beta,True,14,11,0.05371594429016113,0.08265376091003418,0.0022537708282470703,0.13862347602844238,334,11,337,112,3047,1571,24316
all/randm15.02.02.15.020_0030.05.aba.beta,True,11,11,0.08509635925292969,0.07835054397583008,0.0012156963348388672,0.16466259956359863,1477,5,1477,152,15011,935,14600
all/randm15.02.02.16.020_0030.01.aba.beta,True,17,14,0.307894229888916,0.27383875846862793,0.0026962757110595703,0.5844292640686035,2194,12,2225,241,28529,1886,29860
all/randm15.02.02.16.020_0030.02.aba.beta,True,18,14,0.16404271125793457,0.28345179557800293,0.0027947425842285156,0.450289249420166,887,15,888,187,8106,1976,30477
all/randm15.02.02.16.020_0030.03.aba.beta,True,22,14,0.23231768608093262,0.3647143840789795,0.003659486770629883,0.600691556930542,2208,16,2208,204,26381,2715,42752
all/randm15.02.02.16.020_0030.04.aba.beta,True,17,14,0.18379974365234375,0.2565577030181885,0.0017299652099609375,0.44208741188049316,1041,13,1077,196,11394,1339,20536
all/randm15.02.02.16.020_0030.05.aba.beta,True,8,14,0.040435075759887695,0.08148789405822754,0.001051187515258789,0.12297415733337402,523,4,527,116,4780,804,12663
all/randm15.02.02.17.020_0030.01.aba.beta,True,4,7,0.006020545959472656,0.007138490676879883,0.0008237361907958984,0.013982772827148438,145,3,147,70,873,630,10047
all/randm15.02.02.17.020_0030.02.aba.beta,True,5,7,0.008266925811767578,0.011524200439453125,0.0010478496551513672,0.02083897590637207,167,4,167,103,1358,826,12868
all/randm15.02.02.17.020_0030.03.aba.beta,True,4,7,0.007274627685546875,0.006955385208129883,0.0007557868957519531,0.014985799789428711,147,3,148,70,941,589,9303
all/randm15.02.02.17.020_0030.04.aba.beta,True,4,7,0.007251262664794922,0.008116722106933594,0.0008661746978759766,0.016234159469604492,144,3,145,86,991,685,10757
all/randm15.02.02.17.020_0030.05.aba.beta,True,5,7,0.011092901229858398,0.014517545700073242,0.001253366470336914,0.026863813400268555,163,4,165,91,1246,772,12189
all/randm15.02.02.18.020_0030.01.aba.beta,True,25,13,0.1949310302734375,0.38024020195007324,0.0030248165130615234,0.5781960487365723,958,19,999,250,9878,2154,32664
all/randm15.02.02.18.020_0030.02.aba.beta,True,17,13,0.22220587730407715,0.42061662673950195,0.0019545555114746094,0.6447770595550537,1843,11,1843,208,18858,1455,22443
all/randm15.02.02.18.020_0030.03.aba.beta,True,26,13,0.555535078048706,1.175015926361084,0.004151344299316406,1.7347023487091064,3428,19,3430,230,43609,2966,45743
all/randm15.02.02.18.020_0030.04.aba.beta,True,17,13,0.10426807403564453,0.1870737075805664,0.0023584365844726562,0.2937002182006836,630,13,631,173,7794,1378,20637
all/randm15.02.02.18.020_0030.05.aba.beta,True,31,13,0.523571252822876,0.7879159450531006,0.003513813018798828,1.3150010108947754,3482,23,3482,229,48734,2494,38360
all/randm15.02.02.19.020_0030.01.aba.beta,True,17,15,0.18233776092529297,0.2769737243652344,0.0025229454040527344,0.4618344306945801,755,11,755,184,10355,1959,30115
all/randm15.02.02.19.020_0030.02.aba.beta,True,16,13,0.11929917335510254,0.1893296241760254,0.0019447803497314453,0.3105735778808594,887,12,887,160,8541,1375,21044
all/randm15.02.02.19.020_0030.03.aba.beta,True,15,13,0.13425731658935547,0.1731417179107666,0.0024919509887695312,0.3098909854888916,897,11,901,184,7716,1601,24453
all/randm15.02.02.19.020_0030.04.aba.beta,True,21,15,0.20423221588134766,0.4142496585845947,0.00507354736328125,0.6235554218292236,644,18,650,193,5793,2773,43134
all/randm15.02.02.19.020_0030.05.aba.beta,True,18,13,0.1625056266784668,0.26157069206237793,0.0027904510498046875,0.4268667697906494,835,14,847,183,7203,2027,31490
all/randm16.02.02.01.020_0030.01.aba.beta,True,28,12,0.5427217483520508,0.5920016765594482,0.005617856979370117,1.1403412818908691,3021,21,3024,231,41737,3507,53463
all/randm16.02.02.01.020_0030.02.aba.beta,True,25,12,0.20330333709716797,0.37773990631103516,0.0052378177642822266,0.5862810611724854,1494,18,1494,243,17362,3386,53731
all/randm16.02.02.01.020_0030.03.aba.beta,True,24,11,0.31209373474121094,0.5213110446929932,0.0035970211029052734,0.8370018005371094,2413,19,2416,248,32952,2497,39352
all/randm16.02.02.01.020_0030.04.aba.beta,True,23,12,0.20264840126037598,0.3891298770904541,0.005420207977294922,0.597198486328125,1282,18,1288,257,20436,3915,61794
all/randm16.02.02.01.020_0030.05.aba.beta,True,22,12,0.26777100563049316,1.2834279537200928,0.0028362274169921875,1.5540351867675781,4192,16,4194,242,54438,2010,30619
all/randm16.02.02.02.020_0030.01.aba.beta,True,24,15,0.28670763969421387,0.3958895206451416,0.001916646957397461,0.6845138072967529,1231,17,1272,209,14094,1337,20178
all/randm16.02.02.02.020_0030.02.aba.beta,True,27,15,0.5446224212646484,1.1134576797485352,0.004431724548339844,1.6625118255615234,3687,18,3691,268,47724,2874,44758
all/randm16.02.02.02.020_0030.03.aba.beta,True,34,15,1.0009570121765137,1.012026309967041,0.004140377044677734,2.0171236991882324,5264,22,5265,254,80204,3046,46650
all/randm16.02.02.02.020_0030.04.aba.beta,True,18,15,0.20428752899169922,0.273531436920166,0.001920461654663086,0.4797394275665283,1962,11,1964,168,22927,1481,22488
all/randm16.02.02.02.020_0030.05.aba.beta,True,25,15,0.3762631416320801,0.4971632957458496,0.0029249191284179688,0.8763513565063477,4084,17,4097,243,56326,1958,29833
all/randm16.02.02.03.020_0030.01.aba.beta,True,9,11,0.040328264236450195,0.06705904006958008,0.0022513866424560547,0.10963869094848633,329,8,331,140,2760,1409,21997
all/randm16.02.02.03.020_0030.02.aba.beta,True,18,11,0.10138463973999023,0.1803271770477295,0.0014951229095458984,0.2832069396972656,820,14,820,162,9170,1133,16958
all/randm16.02.02.03.020_0030.03.aba.beta,True,11,11,0.046492576599121094,0.07595539093017578,0.0012018680572509766,0.12364983558654785,688,8,691,148,6599,943,14400
all/randm16.02.02.03.020_0030.04.aba.beta,True,10,11,0.04747509956359863,0.07622337341308594,0.002579212188720703,0.12627768516540527,420,7,420,146,3970,1610,24878
all/randm16.02.02.03.020_0030.05.aba.beta,True,11,11,0.07627511024475098,0.09315609931945801,0.0019032955169677734,0.17133450508117676,740,8,750,156,6815,1047,16245
all/randm16.02.02.04.020_0030.01.aba.beta,True,9,13,0.04261922836303711,0.10536718368530273,0.0016684532165527344,0.14965486526489258,300,8,308,122,2310,1178,18320
all/randm16.02.02.04.020_0030.02.aba.beta,True,21,13,0.14637041091918945,0.25416064262390137,0.003003835678100586,0.4035348892211914,609,17,631,193,5558,2175,33907
all/randm16.02.02.04.020_0030.03.aba.beta,True,9,13,0.09086775779724121,0.11767840385437012,0.0011734962463378906,0.20971965789794922,918,5,955,188,10410,880,13832
all/randm16.02.02.04.020_0030.04.aba.beta,True,9,13,0.036123037338256836,0.05741381645202637,0.0009975433349609375,0.09453439712524414,318,7,331,92,2408,776,11874
all/randm16.02.02.04.020_0030.05.aba.beta,True,13,13,0.08489489555358887,0.13944363594055176,0.0033714771270751953,0.22771000862121582,546,9,546,146,5224,2127,33820
all/randm16.02.02.05.020_0030.01.aba.beta,True,26,13,0.23681879043579102,0.3150138854980469,0.0032508373260498047,0.5550835132598877,984,20,993,206,12730,2318,36119
all/randm16.02.02.05.020_0030.02.aba.beta,True,21,13,0.2047281265258789,0.44381189346313477,0.0027587413787841797,0.6512987613677979,1703,14,1712,196,18682,1792,28224
all/randm16.02.02.05.020_0030.03.aba.beta,True,20,13,0.1887814998626709,0.2823066711425781,0.002760648727416992,0.473848819732666,1394,15,1435,250,21894,2078,31917
all/randm16.02.02.05.020_0030.04.aba.beta,True,25,13,0.3604450225830078,0.49439191818237305,0.004010438919067383,0.8588473796844482,2867,19,2867,190,40030,2223,33744
all/randm16.02.02.05.020_0030.05.aba.beta,True,18,13,0.1553330421447754,0.29907751083374023,0.003319263458251953,0.4577298164367676,881,14,897,201,9749,2316,36364
all/randm16.02.02.06.020_0030.01.aba.beta,True,10,12,0.055605411529541016,0.09890341758728027,0.0015952587127685547,0.15610408782958984,334,8,355,159,3089,1228,19071
all/randm16.02.02.06.020_0030.02.aba.beta,True,12,12,0.0652017593383789,0.08796119689941406,0.0009775161743164062,0.15414047241210938,410,10,436,137,4191,756,11220
all/randm16.02.02.06.020_0030.03.aba.beta,True,21,12,0.17272162437438965,0.1938009262084961,0.002361297607421875,0.3688838481903076,805,15,832,179,9615,1627,25357
all/randm16.02.02.06.020_0030.04.aba.beta,True,9,12,0.041716814041137695,0.06767034530639648,0.0012233257293701172,0.1106104850769043,269,7,285,127,1970,814,12340
all/randm16.02.02.06.020_0030.05.aba.beta,True,10,12,0.043193817138671875,0.08013296127319336,0.0017900466918945312,0.12511682510375977,297,9,313,121,2234,1380,21431
all/randm16.02.02.07.020_0030.01.aba.beta,True,17,11,0.09784722328186035,0.16843438148498535,0.0023212432861328125,0.2686028480529785,658,13,658,156,5563,1697,25848
all/randm16.02.02.07.020_0030.02.aba.beta,True,9,10,0.029549360275268555,0.04411816596984863,0.0014815330505371094,0.0751490592956543,270,6,270,120,2897,1151,17777
all/randm16.02.02.07.020_0030.03.aba.beta,True,13,11,0.05920553207397461,0.10046148300170898,0.001592874526977539,0.16125988960266113,425,10,428,150,4851,1115,16965
all/randm16.02.02.07.020_0030.04.aba.beta,True,13,10,0.06904888153076172,0.08314037322998047,0.0029087066650390625,0.15509796142578125,671,10,674,144,6990,1828,29126
all/randm16.02.02.07.020_0030.05.aba.beta,True,17,11,0.07969403266906738,0.1480247974395752,0.0035293102264404297,0.231248140335083,717,13,726,200,6418,2442,38190
all/randm16.02.02.08.020_0030.01.aba.beta,True,19,14,0.19055962562561035,0.3044154644012451,0.002487659454345703,0.49746274948120117,993,14,997,171,9756,1306,19567
all/randm16.02.02.08.020_0030.02.aba.beta,True,18,14,0.18775606155395508,0.2820394039154053,0.0015916824340820312,0.4713871479034424,966,14,970,157,12506,1226,17848
all/randm16.02.02.08.020_0030.03.aba.beta,True,21,14,0.2692117691040039,0.4873037338256836,0.003228425979614258,0.7597439289093018,1675,15,1675,179,16295,2199,33790
all/randm16.02.02.08.020_0030.04.aba.beta,True,22,14,0.22992610931396484,0.34882378578186035,0.003984689712524414,0.5827345848083496,1049,17,1096,250,12273,2420,36441
all/randm16.02.02.08.020_0030.05.aba.beta,True,23,14,0.24498724937438965,0.7312638759613037,0.002550363540649414,0.9788014888763428,1597,18,1602,217,15360,1847,27614
all/randm16.02.02.09.020_0030.01.aba.beta,True,14,12,0.08330869674682617,0.10989689826965332,0.0010230541229248047,0.1942286491394043,851,9,852,128,7823,739,10971
all/randm16.02.02.09.020_0030.02.aba.beta,True,13,12,0.0716238021850586,0.08137321472167969,0.0011820793151855469,0.15417909622192383,577,9,606,166,5144,892,13254
all/randm16.02.02.09.020_0030.03.aba.beta,True,4,12,0.017430782318115234,0.03262066841125488,0.0007472038269042969,0.050798654556274414,418,2,425,114,3162,569,8994
all/randm16.02.02.09.020_0030.04.aba.beta,True,10,12,0.05423784255981445,0.08123564720153809,0.0011675357818603516,0.1366410255432129,428,7,443,133,4027,913,13867
all/randm16.02.02.09.020_0030.05.aba.beta,True,12,12,0.10502243041992188,0.10880064964294434,0.0010161399841308594,0.21483922004699707,933,7,949,141,8782,783,11921
all/randm16.02.02.10.020_0030.01.aba.beta,True,8,9,0.026382923126220703,0.031366825103759766,0.001149892807006836,0.058899641036987305,307,6,313,106,2209,896,13877
all/randm16.02.02.10.020_0030.02.aba.beta,True,10,9,0.03171658515930176,0.04275703430175781,0.0010874271392822266,0.0755610466003418,246,7,266,126,2057,867,13166
all/randm16.02.02.10.020_0030.03.aba.beta,True,13,9,0.058206796646118164,0.057435035705566406,0.002118349075317383,0.11776018142700195,400,8,407,141,3904,1282,19667
all/randm16.02.02.10.020_0030.04.aba.beta,True,7,9,0.029379844665527344,0.03666186332702637,0.0009014606475830078,0.06694316864013672,306,4,306,108,2294,697,10782
all/randm16.02.02.10.020_0030.05.aba.beta,True,9,9,0.03026413917541504,0.043944358825683594,0.001588582992553711,0.07579708099365234,307,7,307,122,2420,1147,18093
all/randm16.02.02.11.020_0030.01.aba.beta,True,14,13,0.0974266529083252,0.20110344886779785,0.0016236305236816406,0.3001537322998047,772,11,772,158,6680,1158,17459
all/randm16.02.02.11.020_0030.02.aba.beta,True,10,13,0.10572099685668945,0.10885405540466309,0.00092315673828125,0.2154982089996338,1589,4,1590,145,15961,696,10746
all/randm16.02.02.11.020_0030.03.aba.beta,True,14,13,0.07514333724975586,0.1233828067779541,0.0011811256408691406,0.1997072696685791,829,9,829,127,7717,896,13570
all/randm16.02.02.11.020_0030.04.aba.beta,True,17,13,0.13050103187561035,0.20377588272094727,0.001834869384765625,0.33611178398132324,895,12,918,162,8348,1361,20580
all/randm16.02.02.11.020_0030.05.aba.beta,True,18,13,0.1651754379272461,0.23832440376281738,0.0021965503692626953,0.40569639205932617,1120,13,1120,162,11990,1312,19717
all/randm16.02.02.12.020_0030.01.aba.beta,True,11,14,0.12220358848571777,0.19049525260925293,0.0020110607147216797,0.3147099018096924,1536,6,1538,166,13909,1116,17693
all/randm16.02.02.12.020_0030.02.aba.beta,True,8,14,0.05308032035827637,0.09578371047973633,0.0016705989837646484,0.15053462982177734,515,5,520,125,4013,1177,18568
all/randm16.02.02.12.020_0030.03.aba.beta,True,10,14,0.0749213695526123,0.11324715614318848,0.0010941028594970703,0.18926262855529785,901,3,907,139,8112,830,13311
all/randm16.02.02.12.020_0030.04.aba.beta,True,9,14,0.0713953971862793,0.10452151298522949,0.0014102458953857422,0.17732715606689453,908,4,909,116,7801,627,9683
all/randm16.02.02.12.020_0030.05.aba.beta,True,11,14,0.08027482032775879,0.17352080345153809,0.0012705326080322266,0.2550661563873291,609,7,615,162,6888,983,15092
all/randm16.02.02.13.020_0030.01.aba.beta,True,8,11,0.03460359573364258,0.05829000473022461,0.0008711814880371094,0.0937647819519043,384,5,385,115,2872,639,9804
all/randm16.02.02.13.020_0030.02.aba.beta,True,8,11,0.055965423583984375,0.0650322437286377,0.001421213150024414,0.12241888046264648,740,4,742,140,6734,1110,17492
all/randm16.02.02.13.020_0030.03.aba.beta,True,10,11,0.041234493255615234,0.06957650184631348,0.0012230873107910156,0.11203408241271973,298,9,301,128,2485,845,12540
all/randm16.02.02.13.020_0030.04.aba.beta,True,7,11,0.028183460235595703,0.04850006103515625,0.0009777545928955078,0.07766127586364746,286,6,301,96,1998,777,11882
all/randm16.02.02.13.020_0030.05.aba.beta,True,7,11,0.03539276123046875,0.06165051460266113,0.0008785724639892578,0.09792184829711914,375,5,386,123,2755,654,9988
all/randm16.02.02.14.020_0030.01.aba.beta,True,5,6,0.005261659622192383,0.006178140640258789,0.00075531005859375,0.012195110321044922,114,4,114,54,689,582,8964
all/randm16.02.02.14.020_0030.02.aba.beta,True,1,6,0.0022394657135009766,0.0014262199401855469,0.0007336139678955078,0.004399299621582031,79,1,80,44,404,543,8626
all/randm16.02.02.14.020_0030.03.aba.beta,True,1,6,0.002079010009765625,0.0011551380157470703,0.0007090568542480469,0.003943204879760742,85,1,85,32,449,535,8590
all/randm16.02.02.14.020_0030.04.aba.beta,True,2,6,0.003122568130493164,0.0028693675994873047,0.0006978511810302734,0.006689786911010742,83,2,83,49,500,542,8668
all/randm16.02.02.14.020_0030.05.aba.beta,True,1,6,0.0019109249114990234,0.0011396408081054688,0.0007033348083496094,0.0037539005279541016,72,1,72,32,361,532,8571
all/randm16.02.02.15.020_0030.01.aba.beta,True,21,15,0.20011234283447266,0.3804013729095459,0.0024030208587646484,0.5829167366027832,1184,14,1204,214,13798,1664,25232
all/randm16.02.02.15.020_0030.02.aba.beta,True,20,15,0.26259684562683105,0.9273524284362793,0.002966165542602539,1.192915439605713,1629,16,1629,175,14985,1779,26844
all/randm16.02.02.15.020_0030.03.aba.beta,True,17,15,0.1728832721710205,0.3385732173919678,0.0023958683013916016,0.5138523578643799,993,13,997,191,9185,1536,23334
all/randm16.02.02.15.020_0030.04.aba.beta,True,20,15,0.29393935203552246,0.4836146831512451,0.0025634765625,0.7801175117492676,2274,12,2276,234,27961,1671,26513
all/randm16.02.02.15.020_0030.05.aba.beta,True,16,15,0.20247650146484375,0.29584336280822754,0.002168893814086914,0.5004887580871582,970,10,972,171,8724,1521,23684
all/randm16.02.02.16.020_0030.01.aba.beta,True,11,11,0.06085515022277832,0.07679462432861328,0.0016770362854003906,0.139326810836792,489,10,495,142,6112,1206,18534
all/randm16.02.02.16.020_0030.02.aba.beta,True,16,11,0.07667779922485352,0.09232544898986816,0.0017251968383789062,0.17072844505310059,430,11,435,127,4848,1249,18956
all/randm16.02.02.16.020_0030.03.aba.beta,True,11,11,0.044940948486328125,0.0558474063873291,0.0010046958923339844,0.10179305076599121,436,8,453,115,3815,732,11195
all/randm16.02.02.16.020_0030.04.aba.beta,True,9,11,0.04003262519836426,0.06300020217895508,0.000827789306640625,0.10386061668395996,690,5,696,131,6369,648,9939
all/randm16.02.02.16.020_0030.05.aba.beta,True,13,11,0.05848407745361328,0.08583569526672363,0.001371145248413086,0.14569091796875,459,10,468,155,4137,1032,15569
all/randm16.02.02.17.020_0030.01.aba.beta,True,13,13,0.06523442268371582,0.14464426040649414,0.0014154911041259766,0.21129417419433594,526,9,526,133,5404,1061,16387
all/randm16.02.02.17.020_0030.02.aba.beta,True,17,14,0.19011330604553223,0.35525965690612793,0.0024042129516601562,0.5477771759033203,1500,13,1500,194,13977,1642,25127
all/randm16.02.02.17.020_0030.03.aba.beta,True,18,14,0.16998696327209473,0.3177511692047119,0.0028591156005859375,0.4905972480773926,1041,13,1047,206,11749,1740,26688
all/randm16.02.02.17.020_0030.04.aba.beta,True,18,13,0.13304543495178223,0.2148301601409912,0.0019078254699707031,0.34978342056274414,884,14,891,167,7890,1478,22209
all/randm16.02.02.17.020_0030.05.aba.beta,True,20,13,0.13852596282958984,0.2507922649383545,0.0031974315643310547,0.3925156593322754,658,17,673,192,7420,2062,31624
all/randm16.02.02.18.020_0030.01.aba.beta,True,25,10,0.2567462921142578,0.24100637435913086,0.004629373550415039,0.5023820400238037,865,21,874,215,12721,3215,49475
all/randm16.02.02.18.020_0030.02.aba.beta,True,24,10,0.16860222816467285,0.18509221076965332,0.002596616744995117,0.3562910556793213,1031,18,1036,213,11445,1868,28206
all/randm16.02.02.18.020_0030.03.aba.beta,True,22,10,0.12727808952331543,0.2015366554260254,0.00398564338684082,0.33280038833618164,838,18,852,232,12377,2581,39422
all/randm16.02.02.18.020_0030.04.aba.beta,True,17,10,0.08248519897460938,0.12055182456970215,0.003088235855102539,0.20612525939941406,484,13,488,187,5164,1868,28475
all/randm16.02.02.18.020_0030.05.aba.beta,True,16,10,0.08942198753356934,0.10210037231445312,0.0028886795043945312,0.194411039352417,715,12,715,163,8248,1724,26699
all/randm16.02.02.19.020_0030.01.aba.beta,True,20,13,0.260115385055542,0.4760887622833252,0.004187583923339844,0.740391731262207,1997,14,2007,279,21505,2435,38335
all/randm16.02.02.19.020_0030.02.aba.beta,True,20,13,0.23510241508483887,0.42705345153808594,0.0028228759765625,0.6649787425994873,2391,13,2391,218,23006,1841,28688
all/randm16.02.02.19.020_0030.03.aba.beta,True,25,13,0.2994065284729004,0.5934853553771973,0.006030082702636719,0.8989219665527344,1153,20,1175,314,12971,3717,57945
all/randm16.02.02.19.020_0030.04.aba.beta,True,22,13,0.2036435604095459,0.33440732955932617,0.003435373306274414,0.5414862632751465,996,18,1003,205,10657,2273,35036
all/randm16.02.02.19.020_0030.05.aba.beta,True,25,13,0.2933964729309082,0.45325231552124023,0.004282474517822266,0.7509312629699707,1443,20,1443,231,13607,2737,41692
all/randm17.02.02.01.020_0030.01.aba.beta,True,18,14,0.1772170066833496,0.29032182693481445,0.0017321109771728516,0.4692709445953369,898,14,905,190,8149,1245,18569
all/randm17.02.02.01.020_0030.02.aba.beta,True,25,14,0.41410255432128906,0.5981392860412598,0.004644632339477539,1.0168864727020264,2140,20,2158,277,23825,3288,50653
all/randm17.02.02.01.020_0030.03.aba.beta,True,20,13,0.2513456344604492,0.45188283920288086,0.0026171207427978516,0.7058455944061279,1612,14,1612,194,17387,1727,26926
all/randm17.02.02.01.020_0030.04.aba.beta,True,21,14,0.21308350563049316,0.4291718006134033,0.00507044792175293,0.6473257541656494,1536,17,1536,233,14835,3544,55227
all/randm17.02.02.01.020_0030.05.aba.beta,True,18,13,0.1431732177734375,0.21158146858215332,0.0023326873779296875,0.3570873737335205,596,14,598,149,7210,1659,25196
all/randm17.02.02.02.020_0030.01.aba.beta,True,10,12,0.04666733741760254,0.1030130386352539,0.002063274383544922,0.15174365043640137,441,8,441,163,3730,1038,16095
all/randm17.02.02.02.020_0030.02.aba.beta,True,9,12,0.044100046157836914,0.07241320610046387,0.0010733604431152344,0.11758661270141602,433,7,433,121,3238,765,11480
all/randm17.02.02.02.020_0030.03.aba.beta,True,19,12,0.1742265224456787,0.2504894733428955,0.002105236053466797,0.426821231842041,1361,12,1361,158,16189,1594,24536
all/randm17.02.02.02.020_0030.04.aba.beta,True,16,12,0.07927274703979492,0.13013744354248047,0.00180816650390625,0.21121835708618164,553,13,553,157,5903,1337,20510
all/randm17.02.02.02.020_0030.05.aba.beta,True,17,12,0.09217000007629395,0.205718994140625,0.0035414695739746094,0.30143046379089355,485,14,488,183,4922,2481,38533
all/randm17.02.02.03.020_0030.01.aba.beta,True,11,14,0.06031394004821777,0.1138300895690918,0.0016400814056396484,0.17578411102294922,887,7,889,136,7585,1134,17463
all/randm17.02.02.03.020_0030.02.aba.beta,True,14,14,0.08862113952636719,0.18584537506103516,0.0019135475158691406,0.2763800621032715,608,11,620,176,5925,1449,22341
all/randm17.02.02.03.020_0030.03.aba.beta,True,14,13,0.09421610832214355,0.1528482437133789,0.0027112960815429688,0.24977564811706543,904,10,910,152,7910,2051,32129
all/randm17.02.02.03.020_0030.04.aba.beta,True,16,13,0.10415816307067871,0.2807328701019287,0.0032584667205810547,0.3881494998931885,779,12,779,184,6581,2337,36060
all/randm17.02.02.03.020_0030.05.aba.beta,True,17,14,0.1343393325805664,0.2629818916320801,0.0025091171264648438,0.39983034133911133,933,13,939,184,9093,1849,29111
all/randm17.02.02.04.020_0030.01.aba.beta,True,29,16,0.8772678375244141,7.177042722702026,0.0025224685668945312,8.056833028793335,7154,20,7154,218,104575,1738,26917
all/randm17.02.02.04.020_0030.02.aba.beta,True,30,16,0.8044869899749756,2.671015977859497,0.0030312538146972656,3.47853422164917,3972,22,3972,211,54742,2212,32857
all/randm17.02.02.04.020_0030.03.aba.beta,True,25,16,0.5208227634429932,1.1319591999053955,0.0035066604614257812,1.6562886238098145,3654,17,3657,212,42408,2263,34412
all/randm17.02.02.04.020_0030.04.aba.beta,True,24,16,0.36742496490478516,0.6942822933197021,0.003003835678100586,1.064711093902588,2488,15,2498,247,30693,1852,28412
all/randm17.02.02.04.020_0030.05.aba.beta,True,34,16,0.4653642177581787,1.4370315074920654,0.004814624786376953,1.907210350036621,3402,27,3404,268,36522,3502,53306
all/randm17.02.02.05.020_0030.01.aba.beta,True,10,10,0.05508017539978027,0.05936694145202637,0.0010991096496582031,0.11554622650146484,668,5,676,121,5899,724,11177
all/randm17.02.02.05.020_0030.02.aba.beta,True,9,10,0.032466888427734375,0.047292232513427734,0.0010464191436767578,0.08080554008483887,362,6,364,103,2709,803,12340
all/randm17.02.02.05.020_0030.03.aba.beta,True,6,10,0.022146224975585938,0.030385494232177734,0.0009472370147705078,0.05347895622253418,219,5,225,95,2156,666,10185
all/randm17.02.02.05.020_0030.04.aba.beta,True,9,10,0.03538393974304199,0.04804730415344238,0.0016889572143554688,0.08512020111083984,252,6,290,138,1874,829,12615
all/randm17.02.02.05.020_0030.05.aba.beta,True,7,10,0.021239519119262695,0.03492403030395508,0.0008647441864013672,0.05702829360961914,316,5,316,91,2137,647,9869
all/randm17.02.02.06.020_0030.01.aba.beta,True,36,14,0.7619154453277588,1.6025245189666748,0.006547689437866211,2.3709876537323,5688,28,5688,301,68626,4527,70939
all/randm17.02.02.06.020_0030.02.aba.beta,True,23,14,0.24169468879699707,0.4435994625091553,0.004418611526489258,0.6897127628326416,1085,18,1097,254,11683,3065,48106
all/randm17.02.02.06.020_0030.03.aba.beta,True,35,14,0.6317052841186523,1.2802021503448486,0.009554386138916016,1.921461820602417,2101,29,2101,325,26968,5440,83487
all/randm17.02.02.06.020_0030.04.aba.beta,True,19,13,0.22193312644958496,0.3013794422149658,0.0021147727966308594,0.5254273414611816,1549,13,1551,195,17363,1644,24394
all/randm17.02.02.06.020_0030.05.aba.beta,True,24,13,0.34056520462036133,0.5055937767028809,0.004714012145996094,0.8508729934692383,1949,20,1949,222,21728,2877,44226
all/randm17.02.02.07.020_0030.01.aba.beta,True,18,17,1.6869251728057861,2.420318365097046,0.0035085678100585938,4.110752105712891,13217,9,13217,218,164208,1954,30831
all/randm17.02.02.07.020_0030.02.aba.beta,True,19,17,0.21976780891418457,0.535590410232544,0.002660036087036133,0.7580182552337646,1872,15,1876,182,18633,2015,30556
all/randm17.02.02.07.020_0030.03.aba.beta,True,20,17,0.47132349014282227,0.7828755378723145,0.0015552043914794922,1.2557542324066162,3755,13,3755,190,41994,1157,17411
all/randm17.02.02.07.020_0030.04.aba.beta,True,26,17,0.34622716903686523,0.6418123245239258,0.0035295486450195312,0.9915690422058105,1314,18,1325,199,15858,2473,37789
all/randm17.02.02.07.020_0030.05.aba.beta,True,24,17,0.6866061687469482,1.8907229900360107,0.003667593002319336,2.5809967517852783,6482,18,6484,249,73189,2408,37195
all/randm17.02.02.08.020_0030.01.aba.beta,True,16,14,0.14258503913879395,0.2270030975341797,0.00152587890625,0.37111401557922363,1556,11,1564,194,15226,1179,18092
all/randm17.02.02.08.020_0030.02.aba.beta,True,15,14,0.15413379669189453,0.2508714199066162,0.0016944408416748047,0.40669965744018555,1017,9,1017,163,9065,1227,19133
all/randm17.02.02.08.020_0030.03.aba.beta,True,11,14,0.09146261215209961,0.16363143920898438,0.0012850761413574219,0.2563791275024414,633,8,640,157,5742,994,15043
all/randm17.02.02.08.020_0030.04.aba.beta,True,15,14,0.1690502166748047,0.20702695846557617,0.0013337135314941406,0.377410888671875,3114,9,3114,176,35887,982,15046
all/randm17.02.02.08.020_0030.05.aba.beta,True,17,14,0.140639066696167,0.23617815971374512,0.0017137527465820312,0.37853097915649414,961,11,973,173,9144,1321,20093
all/randm17.02.02.09.020_0030.01.aba.beta,True,12,13,0.11086320877075195,0.17301607131958008,0.0016362667083740234,0.28551554679870605,2617,7,2617,189,26781,1166,18125
all/randm17.02.02.09.020_0030.02.aba.beta,True,18,14,0.10597443580627441,0.21724820137023926,0.0016911029815673828,0.32491374015808105,2607,13,2607,177,25418,1192,18021
all/randm17.02.02.09.020_0030.03.aba.beta,True,16,14,0.11483550071716309,0.21047329902648926,0.0029387474060058594,0.3282475471496582,475,13,476,148,7327,1590,24171
all/randm17.02.02.09.020_0030.04.aba.beta,True,20,14,0.15254974365234375,0.24895477294921875,0.0026421546936035156,0.404146671295166,815,16,877,225,10087,1916,29901
all/randm17.02.02.09.020_0030.05.aba.beta,True,16,14,0.20276331901550293,0.2612736225128174,0.0025331974029541016,0.4665701389312744,1865,10,1865,187,27171,1759,27497
all/randm17.02.02.10.020_0030.01.aba.beta,True,6,10,0.026743173599243164,0.01987910270690918,0.0007958412170410156,0.04741811752319336,226,6,230,72,2256,626,9582
all/randm17.02.02.10.020_0030.02.aba.beta,True,5,10,0.028315305709838867,0.02647113800048828,0.0008671283721923828,0.05565357208251953,260,5,304,140,2769,690,10738
all/randm17.02.02.10.020_0030.03.aba.beta,True,9,11,0.04401588439941406,0.05132436752319336,0.0010988712310791016,0.09643912315368652,449,5,470,145,3655,830,12914
all/randm17.02.02.10.020_0030.04.aba.beta,True,4,11,0.01940011978149414,0.0245819091796875,0.0008921623229980469,0.04487419128417969,218,3,223,90,1423,647,10130
all/randm17.02.02.10.020_0030.05.aba.beta,True,6,11,0.03140521049499512,0.039923667907714844,0.0008904933929443359,0.0722193717956543,375,3,375,104,2726,623,9731
all/randm17.02.02.11.020_0030.01.aba.beta,True,12,13,0.07590603828430176,0.11146807670593262,0.001382589340209961,0.18875670433044434,984,8,992,162,9994,899,13744
all/randm17.02.02.11.020_0030.02.aba.beta,True,10,13,0.06145739555358887,0.08883213996887207,0.0007915496826171875,0.15108108520507812,788,5,788,124,6443,615,9439
all/randm17.02.02.11.020_0030.03.aba.beta,True,16,13,0.12080049514770508,0.23157286643981934,0.002059459686279297,0.3544328212738037,762,13,763,151,6555,1187,17637
all/randm17.02.02.11.020_0030.04.aba.beta,True,11,13,0.07786440849304199,0.1149435043334961,0.0008413791656494141,0.1936492919921875,820,5,820,117,7078,585,8968
all/randm17.02.02.11.020_0030.05.aba.beta,True,16,13,0.1381394863128662,0.23288726806640625,0.001874685287475586,0.37290143966674805,593,12,594,184,5365,1370,21598
all/randm17.02.02.12.020_0030.01.aba.beta,True,22,15,0.22585773468017578,0.4882073402404785,0.003017425537109375,0.7170825004577637,1097,17,1105,225,12385,2175,33001
all/randm17.02.02.12.020_0030.02.aba.beta,True,20,15,0.2974982261657715,0.6715540885925293,0.0038547515869140625,0.9729070663452148,1718,15,1719,238,16293,2377,36490
all/randm17.02.02.12.020_0030.03.aba.beta,True,19,15,0.3343634605407715,0.7320616245269775,0.002301454544067383,1.0687265396118164,3322,13,3322,210,35644,1690,26793
all/randm17.02.02.12.020_0030.04.aba.beta,True,29,15,0.39992499351501465,1.4930479526519775,0.004110574722290039,1.8970835208892822,2937,24,2937,258,29350,2832,44025
all/randm17.02.02.12.020_0030.05.aba.beta,True,16,14,0.1341109275817871,0.24334073066711426,0.00145721435546875,0.3789088726043701,1045,11,1046,160,12860,1073,16113
all/randm17.02.02.13.020_0030.01.aba.beta,True,32,16,0.5630300045013428,1.2696609497070312,0.009054183959960938,1.841745138168335,3394,26,3394,262,36751,6480,100487
all/randm17.02.02.13.020_0030.02.aba.beta,True,27,16,0.8834154605865479,4.879422426223755,0.0037992000579833984,5.766637086868286,6725,18,6727,255,81454,2425,37012
all/randm17.02.02.13.020_0030.03.aba.beta,True,38,16,0.8415114879608154,1.492445468902588,0.008113861083984375,2.3420708179473877,2638,31,2639,277,40487,5465,85321
all/randm17.02.02.13.020_0030.04.aba.beta,True,33,16,0.6017887592315674,0.8811295032501221,0.005082368850708008,1.4880006313323975,2492,24,2511,272,34423,3666,56630
all/randm17.02.02.13.020_0030.05.aba.beta,True,35,16,0.6201109886169434,1.9251723289489746,0.00930166244506836,2.5545849800109863,2205,27,2207,243,28586,6073,94463
all/randm17.02.02.14.020_0030.01.aba.beta,True,21,12,0.246124267578125,0.414278507232666,0.0034639835357666016,0.6638667583465576,1773,14,1773,230,19514,2410,37304
all/randm17.02.02.14.020_0030.02.aba.beta,True,20,12,0.17226672172546387,0.24086427688598633,0.0030412673950195312,0.4161722660064697,1069,15,1069,184,14902,2236,34271
all/randm17.02.02.14.020_0030.03.aba.beta,True,19,12,0.11210179328918457,0.18327784538269043,0.0027687549591064453,0.29814839363098145,724,15,727,152,6563,2022,30518
all/randm17.02.02.14.020_0030.04.aba.beta,True,18,12,0.1513056755065918,0.2236924171447754,0.003053903579711914,0.3780519962310791,1001,14,1001,152,12817,2043,31349
all/randm17.02.02.14.020_0030.05.aba.beta,True,22,11,0.1237027645111084,0.1657257080078125,0.002689361572265625,0.2921178340911865,811,18,820,183,9585,2064,31654
all/randm17.02.02.15.020_0030.01.aba.beta,True,5,8,0.014103412628173828,0.015094757080078125,0.00072479248046875,0.029922962188720703,210,3,227,82,1374,552,8709
all/randm17.02.02.15.020_0030.02.aba.beta,True,5,8,0.01734018325805664,0.014858484268188477,0.0008137226104736328,0.03301239013671875,173,4,174,81,1091,606,9347
all/randm17.02.02.15.020_0030.03.aba.beta,True,9,8,0.025350093841552734,0.03398776054382324,0.0021533966064453125,0.06149125099182129,156,8,156,68,1007,931,14344
all/randm17.02.02.15.020_0030.04.aba.beta,True,4,8,0.01252126693725586,0.01071476936340332,0.0008194446563720703,0.02405548095703125,135,4,145,79,928,664,10187
all/randm17.02.02.15.020_0030.05.aba.beta,True,5,8,0.015541315078735352,0.013064384460449219,0.0009868144989013672,0.029592514038085938,182,4,185,70,1145,749,11770
all/randm17.02.02.16.020_0030.01.aba.beta,True,22,14,0.3164968490600586,0.41226887702941895,0.0015559196472167969,0.7303216457366943,3071,15,3085,200,37523,1116,16542
all/randm17.02.02.16.020_0030.02.aba.beta,True,22,14,0.2436227798461914,0.30065155029296875,0.003234386444091797,0.547508716583252,1079,16,1127,262,11212,2379,37266
all/randm17.02.02.16.020_0030.03.aba.beta,True,22,14,0.2977151870727539,0.681856632232666,0.0029735565185546875,0.9825453758239746,3119,16,3119,207,33066,1575,23944
all/randm17.02.02.16.020_0030.04.aba.beta,True,23,14,0.5649793148040771,0.9618387222290039,0.003048419952392578,1.5298664569854736,4514,15,4517,264,60642,2147,33161
all/randm17.02.02.16.020_0030.05.aba.beta,True,16,14,0.15104389190673828,0.2316882610321045,0.0019354820251464844,0.38466763496398926,1491,9,1493,184,13951,1005,15304
all/randm17.02.02.17.020_0030.01.aba.beta,True,23,16,1.444821834564209,10.7284677028656,0.0035152435302734375,12.176804780960083,16974,12,16974,282,289221,1856,28546
all/randm17.02.02.17.020_0030.02.aba.beta,True,26,16,1.1466856002807617,2.3565304279327393,0.0031211376190185547,3.5063371658325195,7456,19,7456,239,107941,2141,32684
all/randm17.02.02.17.020_0030.03.aba.beta,True,28,16,0.9599571228027344,3.8239006996154785,0.002785205841064453,4.786643028259277,8255,16,8256,238,113882,1873,28947
all/randm17.02.02.17.020_0030.04.aba.beta,True,34,15,0.7798657417297363,1.0172593593597412,0.008220434188842773,1.8053455352783203,2746,25,2760,282,44807,5931,92957
all/randm17.02.02.17.020_0030.05.aba.beta,True,29,16,0.687716007232666,1.0537397861480713,0.006339550018310547,1.7477953433990479,4676,20,4676,245,62106,4287,66744
all/randm17.02.02.18.020_0030.01.aba.beta,True,9,12,0.050974130630493164,0.08307266235351562,0.0010082721710205078,0.1350550651550293,443,7,443,102,3487,714,10987
all/randm17.02.02.18.020_0030.02.aba.beta,True,16,12,0.08146023750305176,0.12388253211975098,0.0013947486877441406,0.20673751831054688,565,12,576,151,6271,1096,16772
all/randm17.02.02.18.020_0030.03.aba.beta,True,8,12,0.04061770439147949,0.06815528869628906,0.0011816024780273438,0.1099545955657959,404,5,405,102,2867,593,9039
all/randm17.02.02.18.020_0030.04.aba.beta,True,7,12,0.03937077522277832,0.060379981994628906,0.0009655952453613281,0.10071635246276855,538,5,549,131,4664,747,11573
all/randm17.02.02.18.020_0030.05.aba.beta,True,11,12,0.07700371742248535,0.10816121101379395,0.0008766651153564453,0.18604159355163574,739,7,743,122,5948,679,10306
all/randm17.02.02.19.020_0030.01.aba.beta,True,18,14,0.12217402458190918,0.25431108474731445,0.0031855106353759766,0.3796706199645996,1016,13,1029,173,10590,2482,38351
all/randm17.02.02.19.020_0030.02.aba.beta,True,16,14,0.12611794471740723,0.2521669864654541,0.0038144588470458984,0.3820993900299072,991,11,1009,172,8893,2463,38473
all/randm17.02.02.19.020_0030.03.aba.beta,True,18,14,0.18499517440795898,0.3612980842590332,0.008528947830200195,0.5548222064971924,2592,13,2592,176,24855,5016,79149
all/randm17.02.02.19.020_0030.04.aba.beta,True,13,13,0.08442044258117676,0.17741084098815918,0.0018610954284667969,0.26369237899780273,749,10,750,144,6045,1446,21842
all/randm17.02.02.19.020_0030.05.aba.beta,True,14,14,0.1187293529510498,0.22116374969482422,0.0021696090698242188,0.34206271171569824,1536,9,1540,156,14265,1661,25978
all/randm18.02.02.01.020_0030.01.aba.beta,True,24,18,0.8474454879760742,1.756967306137085,0.004967689514160156,2.6093804836273193,4792,18,4793,276,54049,2608,40063
all/randm18.02.02.01.020_0030.02.aba.beta,True,19,16,0.39569091796875,2.1275851726531982,0.0035047531127929688,2.526780843734741,3820,12,3820,201,43540,2159,34479
all/randm18.02.02.01.020_0030.03.aba.beta,True,16,18,0.29799389839172363,0.46205973625183105,0.0017812252044677734,0.7618348598480225,2397,9,2397,204,25717,1246,19177
all/randm18.02.02.01.020_0030.04.aba.beta,True,19,18,0.42348432540893555,2.631333351135254,0.002009153366088867,3.0568268299102783,3902,13,3902,226,45671,1413,21299
all/randm18.02.02.01.020_0030.05.aba.beta,True,26,18,1.085519552230835,2.3411319255828857,0.003918170928955078,3.430569648742676,8097,18,8097,235,97837,2673,40935
all/randm18.02.02.02.020_0030.01.aba.beta,True,16,16,0.2919118404388428,0.4495847225189209,0.0029535293579101562,0.7444500923156738,2055,9,2057,192,20300,2048,32290
all/randm18.02.02.02.020_0030.02.aba.beta,True,9,16,0.09770441055297852,0.15482354164123535,0.001886129379272461,0.25441408157348633,967,5,970,134,8906,1111,17268
all/randm18.02.02.02.020_0030.03.aba.beta,True,14,16,0.1286931037902832,0.2903592586517334,0.002463102340698242,0.42151546478271484,675,12,686,149,6559,1664,26413
all/randm18.02.02.02.020_0030.04.aba.beta,True,22,16,0.2345743179321289,0.415616512298584,0.0024919509887695312,0.6526827812194824,728,16,751,168,8863,1859,27933
all/randm18.02.02.02.020_0030.05.aba.beta,True,20,16,0.24027347564697266,0.43506908416748047,0.0017502307891845703,0.6770927906036377,1290,14,1313,177,13913,1257,18684
all/randm18.02.02.03.020_0030.01.aba.beta,True,20,13,0.3132741451263428,0.35655641555786133,0.001825094223022461,0.6716556549072266,1679,14,1679,202,26239,1418,21533
all/randm18.02.02.03.020_0030.02.aba.beta,True,23,13,0.19550085067749023,0.26240086555480957,0.0031790733337402344,0.46108078956604004,1219,17,1247,211,14156,2489,38532
all/randm18.02.02.03.020_0030.03.aba.beta,True,15,13,0.09044861793518066,0.1501171588897705,0.0016336441040039062,0.24219942092895508,544,10,555,149,5354,1289,19814
all/randm18.02.02.03.020_0030.04.aba.beta,True,15,13,0.08542370796203613,0.14480042457580566,0.001035928726196289,0.23126006126403809,526,9,531,143,5210,818,12098
all/randm18.02.02.03.020_0030.05.aba.beta,True,28,13,0.28360748291015625,0.35896944999694824,0.0036635398864746094,0.6462404727935791,1709,23,1712,211,17859,2663,39979
all/randm18.02.02.04.020_0030.01.aba.beta,True,24,16,0.31168174743652344,0.5951879024505615,0.0034592151641845703,0.9103288650512695,1306,18,1325,186,16410,2206,34868
all/randm18.02.02.04.020_0030.02.aba.beta,True,12,16,0.10456538200378418,0.2564425468444824,0.0017397403717041016,0.3627476692199707,416,10,431,161,3484,1303,19931
all/randm18.02.02.04.020_0030.03.aba.beta,True,16,16,0.14754104614257812,0.29395437240600586,0.0019376277923583984,0.4434330463409424,520,13,547,163,5158,1380,20958
all/randm18.02.02.04.020_0030.04.aba.beta,True,14,16,0.14465665817260742,0.2937617301940918,0.0011200904846191406,0.43953847885131836,1808,7,1810,172,17625,779,11945
all/randm18.02.02.04.020_0030.05.aba.beta,True,18,16,0.37845730781555176,0.9734821319580078,0.0020363330841064453,1.353975772857666,3807,11,3807,185,43639,1473,23129
all/randm18.02.02.05.020_0030.01.aba.beta,True,17,14,0.1824474334716797,0.2819101810455322,0.0020656585693359375,0.46642327308654785,1258,11,1268,232,14278,1588,24783
all/randm18.02.02.05.020_0030.02.aba.beta,True,22,14,0.2644834518432617,0.40441298484802246,0.0031747817993164062,0.6720712184906006,1657,16,1657,225,16139,2017,30794
all/randm18.02.02.05.020_0030.03.aba.beta,True,17,14,0.1343092918395996,0.24668502807617188,0.0025882720947265625,0.38358259201049805,420,15,426,158,4180,1333,20024
all/randm18.02.02.05.020_0030.04.aba.beta,True,21,14,0.15329718589782715,0.3027653694152832,0.0027611255645751953,0.45882368087768555,1055,16,1063,181,10427,1814,28115
all/randm18.02.02.05.020_0030.05.aba.beta,True,23,14,0.3066720962524414,0.3612706661224365,0.0021359920501708984,0.6700787544250488,1765,15,1772,188,28537,1618,24146
all/randm18.02.02.06.020_0030.01.aba.beta,True,16,14,0.13430476188659668,0.3319568634033203,0.0012149810791015625,0.46747660636901855,1563,10,1564,177,14353,918,13763
all/randm18.02.02.06.020_0030.02.aba.beta,True,18,14,0.34687232971191406,0.9417710304260254,0.0018661022186279297,1.2905094623565674,2984,11,2984,191,30618,1322,20378
all/randm18.02.02.06.020_0030.03.aba.beta,True,15,14,0.14773869514465332,0.17476129531860352,0.0010781288146972656,0.3235781192779541,811,8,816,151,6952,771,11608
all/randm18.02.02.06.020_0030.04.aba.beta,True,19,14,0.18373417854309082,0.39833950996398926,0.0023081302642822266,0.5843818187713623,938,14,945,186,8353,1522,23276
all/randm18.02.02.06.020_0030.05.aba.beta,True,22,14,0.26851415634155273,0.5000531673431396,0.003142833709716797,0.7717101573944092,1753,15,1766,223,23757,2268,34678
all/randm18.02.02.07.020_0030.01.aba.beta,True,24,16,0.41649484634399414,0.6798343658447266,0.0023605823516845703,1.0986897945404053,3698,14,3698,230,41101,1743,26265
all/randm18.02.02.07.020_0030.02.aba.beta,True,25,16,1.2777202129364014,5.53552508354187,0.006097316741943359,6.819342613220215,6735,16,6735,246,104866,3905,62036
all/randm18.02.02.07.020_0030.03.aba.beta,True,22,16,2.0879690647125244,8.317184209823608,0.004640817642211914,10.409794092178345,12335,13,12335,261,192435,3097,48704
all/randm18.02.02.07.020_0030.04.aba.beta,True,24,16,0.45732665061950684,1.8172025680541992,0.00551915168762207,2.280048370361328,3357,16,3364,233,35891,3604,56639
all/randm18.02.02.07.020_0030.05.aba.beta,True,27,16,2.2408313751220703,9.455721139907837,0.003621339797973633,11.70017385482788,22516,17,22516,247,300337,2436,37581
all/randm18.02.02.08.020_0030.01.aba.beta,True,14,17,0.24911928176879883,0.3684961795806885,0.0016312599182128906,0.6192467212677002,4173,7,4176,186,47230,764,11527
all/randm18.02.02.08.020_0030.02.aba.beta,True,24,17,0.5408949851989746,1.4482746124267578,0.0028600692749023438,1.9920296669006348,3632,16,3635,214,38523,1811,27821
all/randm18.02.02.08.020_0030.03.aba.beta,True,18,17,0.30739569664001465,1.2794482707977295,0.0017228126525878906,1.588566780090332,3513,11,3517,190,35595,1250,19165
all/randm18.02.02.08.020_0030.04.aba.beta,True,17,17,1.0843212604522705,3.5276577472686768,0.0016314983367919922,4.613610506057739,12793,9,12793,245,160078,1067,16446
all/randm18.02.02.08.020_0030.05.aba.beta,True,16,17,0.24348855018615723,0.39444613456726074,0.0018432140350341797,0.6397778987884521,1326,10,1344,195,14724,1013,15424
all/randm18.02.02.09.020_0030.01.aba.beta,True,20,12,0.11680722236633301,0.19660377502441406,0.0025489330291748047,0.3159599304199219,861,16,861,144,8831,1789,27215
all/randm18.02.02.09.020_0030.02.aba.beta,True,21,12,0.14164066314697266,0.21742510795593262,0.004087686538696289,0.36315345764160156,678,17,689,196,9967,2876,45587
all/randm18.02.02.09.020_0030.03.aba.beta,True,16,12,0.10143423080444336,0.17583799362182617,0.0021042823791503906,0.2793765068054199,806,12,806,153,8719,1570,23514
all/randm18.02.02.09.020_0030.04.aba.beta,True,28,12,0.2781198024749756,0.4370408058166504,0.005471706390380859,0.7206323146820068,1643,22,1656,213,19544,3378,52419
all/randm18.02.02.09.020_0030.05.aba.beta,True,12,11,0.04675626754760742,0.06886792182922363,0.001565694808959961,0.11718988418579102,710,7,710,127,5948,794,12052
all/randm18.02.02.10.020_0030.01.aba.beta,True,16,14,0.18346619606018066,0.26784491539001465,0.0020689964294433594,0.45338010787963867,938,12,940,213,8646,1440,21844
all/randm18.02.02.10.020_0030.02.aba.beta,True,21,14,0.32956981658935547,0.8044824600219727,0.002225160598754883,1.136277437210083,2869,14,2871,193,29340,1214,17901
all/randm18.02.02.10.020_0030.03.aba.beta,True,23,14,0.22906947135925293,0.3832437992095947,0.002786874771118164,0.6151001453399658,935,18,935,207,9613,1947,29463
all/randm18.02.02.10.020_0030.04.aba.beta,True,24,14,0.23641371726989746,0.4349796772003174,0.0034377574920654297,0.6748311519622803,1042,19,1044,214,10730,2341,36495
all/randm18.02.02.10.020_0030.05.aba.beta,True,23,14,0.2637603282928467,0.4077012538909912,0.0022029876708984375,0.6736645698547363,1083,15,1083,190,11078,1453,21663
all/randm18.02.02.11.020_0030.01.aba.beta,True,24,15,0.26563239097595215,0.3811478614807129,0.0028138160705566406,0.6495940685272217,913,18,923,180,13170,2141,32222
all/randm18.02.02.11.020_0030.02.aba.beta,True,16,14,0.17478299140930176,0.23511743545532227,0.0019409656524658203,0.41184139251708984,1256,10,1277,174,13853,1109,16945
all/randm18.02.02.11.020_0030.03.aba.beta,True,26,14,0.28197789192199707,0.43272829055786133,0.0060575008392333984,0.7207636833190918,1211,20,1232,244,17296,3588,56222
all/randm18.02.02.11.020_0030.04.aba.beta,True,28,15,0.632415771484375,1.1579785346984863,0.005193233489990234,1.7955875396728516,3801,21,3805,225,65918,3256,50226
all/randm18.02.02.11.020_0030.05.aba.beta,True,23,15,0.3876335620880127,1.1052298545837402,0.0025343894958496094,1.4953978061676025,3463,15,3463,223,47457,1558,23478
all/randm18.02.02.12.020_0030.01.aba.beta,True,16,11,0.08622550964355469,0.13842487335205078,0.0019388198852539062,0.22658920288085938,459,12,472,157,4216,1476,22290
all/randm18.02.02.12.020_0030.02.aba.beta,True,22,11,0.11315321922302246,0.14608049392700195,0.002583742141723633,0.26181745529174805,634,16,648,181,8191,2024,30972
all/randm18.02.02.12.020_0030.03.aba.beta,True,17,11,0.11432600021362305,0.11852097511291504,0.002066373825073242,0.23491334915161133,954,12,954,155,10645,1375,20688
all/randm18.02.02.12.020_0030.04.aba.beta,True,15,11,0.05489754676818848,0.10315370559692383,0.002505779266357422,0.16055703163146973,344,12,386,181,3263,1766,27426
all/randm18.02.02.12.020_0030.05.aba.beta,True,14,11,0.07412481307983398,0.11648011207580566,0.0018415451049804688,0.19244647026062012,466,11,476,141,4717,1265,19319
all/randm18.02.02.13.020_0030.01.aba.beta,True,9,8,0.024959564208984375,0.03174591064453125,0.001283884048461914,0.05798935890197754,281,7,300,123,3785,957,14933
all/randm18.02.02.13.020_0030.02.aba.beta,True,3,8,0.015370607376098633,0.009282112121582031,0.0009412765502929688,0.025593996047973633,222,3,223,91,3593,735,11500
all/randm18.02.02.13.020_0030.03.aba.beta,True,5,8,0.011815309524536133,0.016805410385131836,0.0009388923645019531,0.029559612274169922,180,4,181,83,1245,740,11509
all/randm18.02.02.13.020_0030.04.aba.beta,True,7,8,0.018520116806030273,0.0265042781829834,0.0011379718780517578,0.04616236686706543,233,6,240,119,2841,888,14087
all/randm18.02.02.13.020_0030.05.aba.beta,True,3,8,0.0065343379974365234,0.0075228214263916016,0.0008196830749511719,0.014876842498779297,166,2,166,74,1704,637,10168
all/randm18.02.02.14.020_0030.01.aba.beta,True,26,15,0.2781257629394531,0.9042453765869141,0.0027213096618652344,1.1850924491882324,1825,21,1828,211,17886,1999,29432
all/randm18.02.02.14.020_0030.02.aba.beta,True,15,15,0.14731955528259277,0.29935503005981445,0.0030956268310546875,0.4497702121734619,1032,9,1032,177,9602,2065,32495
all/randm18.02.02.14.020_0030.03.aba.beta,True,18,15,0.15483450889587402,0.3416905403137207,0.004424333572387695,0.5009493827819824,644,14,657,202,6395,3180,49758
all/randm18.02.02.14.020_0030.04.aba.beta,True,25,15,0.40679931640625,0.9554250240325928,0.004211902618408203,1.366436243057251,1928,18,1928,234,24061,3075,48135
all/randm18.02.02.14.020_0030.05.aba.beta,True,10,15,0.06633543968200684,0.14226126670837402,0.0012173652648925781,0.20981407165527344,980,7,980,174,8755,903,13762
all/randm18.02.02.15.020_0030.01.aba.beta,True,25,15,0.3678271770477295,0.6417584419250488,0.003000974655151367,1.0125865936279297,1990,17,1990,227,22420,2230,34293
all/randm18.02.02.15.020_0030.02.aba.beta,True,19,14,0.22863221168518066,0.4657154083251953,0.004042387008666992,0.698390007019043,3142,13,3142,226,33422,2532,39505
all/randm18.02.02.15.020_0030.03.aba.beta,True,25,15,0.42749953269958496,0.9610390663146973,0.005723476409912109,1.3942620754241943,1875,18,1875,211,19353,3503,54740
all/randm18.02.02.15.020_0030.04.aba.beta,True,25,15,0.2884962558746338,0.6970639228820801,0.002304553985595703,0.9878647327423096,1976,19,1976,207,21917,1711,25567
all/randm18.02.02.15.020_0030.05.aba.beta,True,23,15,0.3249335289001465,0.6187901496887207,0.0048656463623046875,0.9485893249511719,3063,17,3063,244,33237,3532,55947
all/randm18.02.02.16.020_0030.01.aba.beta,True,15,14,0.15791654586791992,0.3285834789276123,0.003242969512939453,0.4897429943084717,926,10,926,176,8721,1997,31108
all/randm18.02.02.16.020_0030.02.aba.beta,True,21,14,0.1922595500946045,0.42684364318847656,0.0023832321166992188,0.6214864253997803,927,17,933,187,8173,1710,25542
all/randm18.02.02.16.020_0030.03.aba.beta,True,20,14,0.2874622344970703,0.5335443019866943,0.0026814937591552734,0.8236880302429199,1866,15,1877,193,20427,1832,27439
all/randm18.02.02.16.020_0030.04.aba.beta,True,12,14,0.07970547676086426,0.14270901679992676,0.0011019706726074219,0.22351646423339844,400,8,416,143,4871,814,12435
all/randm18.02.02.16.020_0030.05.aba.beta,True,15,14,0.185624361038208,0.7109987735748291,0.0011768341064453125,0.8977999687194824,3099,9,3099,190,36634,922,13837
all/randm18.02.02.17.020_0030.01.aba.beta,True,16,15,0.1882014274597168,0.35756444931030273,0.00257110595703125,0.5483369827270508,951,11,951,172,8490,1440,21936
all/randm18.02.02.17.020_0030.02.aba.beta,True,20,15,0.16073274612426758,0.31846141815185547,0.0020678043365478516,0.4812619686126709,678,16,678,191,6601,1497,22445
all/randm18.02.02.17.020_0030.03.aba.beta,True,18,15,0.14478206634521484,0.2815244197845459,0.001546621322631836,0.4278531074523926,649,12,685,202,6465,1198,17673
all/randm18.02.02.17.020_0030.04.aba.beta,True,17,15,0.14303255081176758,0.3362751007080078,0.0013620853424072266,0.4806697368621826,910,14,912,149,7767,1017,14996
all/randm18.02.02.17.020_0030.05.aba.beta,True,14,15,0.13987135887145996,0.24584031105041504,0.0014033317565917969,0.3871150016784668,940,9,940,172,8300,1030,15512
all/randm18.02.02.18.020_0030.01.aba.beta,True,4,7,0.013441324234008789,0.010096073150634766,0.0013680458068847656,0.02490544319152832,195,3,203,85,1582,579,9056
all/randm18.02.02.18.020_0030.02.aba.beta,True,2,7,0.004497051239013672,0.0034780502319335938,0.0007719993591308594,0.008747100830078125,82,2,84,45,407,598,9484
all/randm18.02.02.18.020_0030.03.aba.beta,True,7,7,0.012107610702514648,0.0156252384185791,0.0010695457458496094,0.02880239486694336,151,6,151,72,992,842,13052
all/randm18.02.02.18.020_0030.04.aba.beta,True,4,7,0.010357141494750977,0.010052680969238281,0.0008106231689453125,0.02122044563293457,205,3,210,98,1906,614,9604
all/randm18.02.02.18.020_0030.05.aba.beta,True,3,7,0.007927894592285156,0.011475801467895508,0.0007736682891845703,0.020177364349365234,115,3,121,70,1129,591,9226
all/randm18.02.02.19.020_0030.01.aba.beta,True,19,15,0.38484954833984375,0.4208099842071533,0.001897573471069336,0.8075571060180664,3720,12,3732,238,41475,1306,19981
all/randm18.02.02.19.020_0030.02.aba.beta,True,17,15,0.24088668823242188,0.5635867118835449,0.0014224052429199219,0.8058958053588867,1769,12,1769,181,17661,1094,16525
all/randm18.02.02.19.020_0030.03.aba.beta,True,25,15,0.29910850524902344,0.612861156463623,0.0030279159545898438,0.9149975776672363,1732,20,1743,214,17370,2216,32926
all/randm18.02.02.19.020_0030.04.aba.beta,True,16,15,0.3193838596343994,0.2934584617614746,0.001493692398071289,0.6143360137939453,3815,7,3820,178,44042,723,10900
all/randm18.02.02.19.020_0030.05.aba.beta,True,13,15,0.13502788543701172,0.22336840629577637,0.0010173320770263672,0.35941362380981445,1018,10,1026,151,10778,775,11526
all/randm19.02.02.01.020_0030.01.aba.beta,True,21,16,0.22341203689575195,0.36352062225341797,0.0030884742736816406,0.5900211334228516,1169,15,1169,198,11217,2051,31811
all/randm19.02.02.01.020_0030.02.aba.beta,True,18,16,0.17580437660217285,0.39845705032348633,0.0022487640380859375,0.5765101909637451,2008,11,2008,191,20675,1413,21453
all/randm19.02.02.01.020_0030.03.aba.beta,True,13,16,0.21245884895324707,0.2992403507232666,0.0009930133819580078,0.5126922130584717,3633,7,3640,199,39022,767,11641
all/randm19.02.02.01.020_0030.04.aba.beta,True,13,16,0.15897703170776367,0.32182836532592773,0.002390146255493164,0.48319554328918457,1040,8,1064,177,9820,1754,27887
all/randm19.02.02.01.020_0030.05.aba.beta,True,26,16,0.7159969806671143,1.469496488571167,0.0030269622802734375,2.1885204315185547,4146,16,4183,254,55499,1950,30195
all/randm19.02.02.02.020_0030.01.aba.beta,True,30,15,1.184645175933838,42.222960233688354,0.0059201717376708984,43.41352558135986,5245,24,5245,289,57170,3989,61395
all/randm19.02.02.02.020_0030.02.aba.beta,True,22,15,0.5510244369506836,4.782119035720825,0.002424001693725586,5.335567474365234,5952,14,5952,224,65422,1647,25082
all/randm19.02.02.02.020_0030.03.aba.beta,True,27,15,1.5967180728912354,83.75936150550842,0.0049664974212646484,85.36104607582092,9342,19,9343,266,108812,2881,44776
all/randm19.02.02.02.020_0030.04.aba.beta,True,36,15,0.7780766487121582,21.35982847213745,0.0065958499908447266,22.144500970840454,5521,29,5521,308,61390,4108,63027
all/randm19.02.02.02.020_0030.05.aba.beta,True,28,15,2.071045398712158,20.743549346923828,0.005227327346801758,22.819822072982788,20037,17,20037,256,263994,3068,47448
all/randm19.02.02.03.020_0030.01.aba.beta,True,11,11,0.05807638168334961,0.10108208656311035,0.0020787715911865234,0.16123723983764648,462,9,465,149,4529,1664,25609
all/randm19.02.02.03.020_0030.02.aba.beta,True,4,11,0.0212094783782959,0.028243541717529297,0.0009224414825439453,0.05037546157836914,225,4,235,118,1714,701,10909
all/randm19.02.02.03.020_0030.03.aba.beta,True,7,11,0.02627873420715332,0.03432583808898926,0.0010595321655273438,0.06166410446166992,336,5,340,117,4368,814,12634
all/randm19.02.02.03.020_0030.04.aba.beta,True,6,11,0.027021408081054688,0.05013537406921387,0.0011057853698730469,0.0782625675201416,243,6,251,123,2334,795,12611
all/randm19.02.02.03.020_0030.05.aba.beta,True,12,11,0.05560183525085449,0.08510661125183105,0.0018527507781982422,0.1425611972808838,731,8,731,155,7272,1310,20274
all/randm19.02.02.04.020_0030.01.aba.beta,True,14,10,0.05004739761352539,0.07802844047546387,0.002147197723388672,0.13022303581237793,614,11,614,146,5207,1694,26299
all/randm19.02.02.04.020_0030.02.aba.beta,True,11,10,0.03955364227294922,0.043962955474853516,0.001232147216796875,0.08474874496459961,444,8,444,107,3862,751,11147
all/randm19.02.02.04.020_0030.03.aba.beta,True,9,10,0.04180169105529785,0.037795305252075195,0.0013229846954345703,0.08091998100280762,473,5,473,120,4646,968,15053
all/randm19.02.02.04.020_0030.04.aba.beta,True,13,10,0.05050182342529297,0.08379220962524414,0.0011692047119140625,0.13546323776245117,605,9,610,169,5258,905,13857
all/randm19.02.02.04.020_0030.05.aba.beta,True,18,10,0.13160443305969238,0.14203953742980957,0.0020079612731933594,0.2756519317626953,935,14,935,146,8072,1376,21072
all/randm19.02.02.05.020_0030.01.aba.beta,True,18,13,0.17465496063232422,0.37481045722961426,0.001996755599975586,0.5514621734619141,907,13,907,189,9884,1501,22831
all/randm19.02.02.05.020_0030.02.aba.beta,True,13,13,0.08763384819030762,0.15001678466796875,0.0010826587677001953,0.23873329162597656,789,8,801,161,6517,858,12861
all/randm19.02.02.05.020_0030.03.aba.beta,True,10,13,0.15276336669921875,0.23981738090515137,0.0010378360748291016,0.3936185836791992,2703,5,2706,172,27789,733,11229
all/randm19.02.02.05.020_0030.04.aba.beta,True,15,13,0.09813237190246582,0.23266291618347168,0.0013124942779541016,0.3321077823638916,1322,10,1322,167,11583,921,13797
all/randm19.02.02.05.020_0030.05.aba.beta,True,11,13,0.08495283126831055,0.15950322151184082,0.0011963844299316406,0.245652437210083,736,6,738,143,5894,910,14133
all/randm19.02.02.06.020_0030.01.aba.beta,True,13,15,0.12031292915344238,0.23370814323425293,0.002059459686279297,0.3560805320739746,689,10,701,169,6083,1116,17096
all/randm19.02.02.06.020_0030.02.aba.beta,True,11,15,0.09642362594604492,0.14465904235839844,0.0009343624114990234,0.24201703071594238,1041,6,1048,134,9522,728,11192
all/randm19.02.02.06.020_0030.03.aba.beta,True,14,15,0.0760490894317627,0.15920186042785645,0.0008335113525390625,0.2360844612121582,980,9,1010,152,8534,666,9777
all/randm19.02.02.06.020_0030.04.aba.beta,True,5,15,0.04979872703552246,0.06943154335021973,0.000823974609375,0.12005424499511719,932,1,954,138,7752,531,8562
all/randm19.02.02.06.020_0030.05.aba.beta,True,12,15,0.07724547386169434,0.14338302612304688,0.00101470947265625,0.22164320945739746,641,9,660,134,5871,778,11741
all/randm19.02.02.07.020_0030.01.aba.beta,True,23,14,0.28491687774658203,0.7513935565948486,0.0032231807708740234,1.0395336151123047,2644,17,2644,214,25774,2315,35529
all/randm19.02.02.07.020_0030.02.aba.beta,True,13,13,0.15280413627624512,0.29871439933776855,0.002108335494995117,0.4536268711090088,2364,8,2364,204,22805,1421,21793
all/randm19.02.02.07.020_0030.03.aba.beta,True,22,14,0.27063751220703125,1.5825064182281494,0.0032167434692382812,1.856360673904419,4711,16,4711,259,49564,2385,36331
all/randm19.02.02.07.020_0030.04.aba.beta,True,19,13,0.20161080360412598,0.6711835861206055,0.002719402313232422,0.8755137920379639,2399,14,2399,234,23489,1934,29532
all/randm19.02.02.07.020_0030.05.aba.beta,True,14,13,0.12261033058166504,0.20119428634643555,0.0020635128021240234,0.3258681297302246,519,12,526,175,4934,1407,21760
all/randm19.02.02.08.020_0030.01.aba.beta,True,15,10,0.07491469383239746,0.10484147071838379,0.001316070556640625,0.18107223510742188,609,12,615,143,5031,1011,15221
all/randm19.02.02.08.020_0030.02.aba.beta,True,12,10,0.051895856857299805,0.07590389251708984,0.0017855167388916016,0.12958526611328125,273,9,276,143,2433,1129,17327
all/randm19.02.02.08.020_0030.03.aba.beta,True,9,10,0.059519052505493164,0.06450510025024414,0.0008401870727539062,0.12486433982849121,608,5,608,138,4809,659,10127
all/randm19.02.02.08.020_0030.04.aba.beta,True,11,10,0.04135560989379883,0.061217546463012695,0.0011630058288574219,0.10373616218566895,352,9,355,131,2914,932,14221
all/randm19.02.02.08.020_0030.05.aba.beta,True,10,10,0.05639934539794922,0.08465337753295898,0.002685070037841797,0.14373779296875,358,8,359,149,2910,1917,29911
all/randm19.02.02.09.020_0030.01.aba.beta,True,24,16,0.17792630195617676,0.4293193817138672,0.004879951477050781,0.6121256351470947,1985,17,1985,177,26258,3671,56411
all/randm19.02.02.09.020_0030.02.aba.beta,True,20,17,0.2577962875366211,0.5534999370574951,0.003495454788208008,0.8147916793823242,1409,14,1440,244,15914,2549,40131
all/randm19.02.02.09.020_0030.03.aba.beta,True,21,17,0.523374080657959,0.8456904888153076,0.003131866455078125,1.3721964359283447,2882,13,2897,218,37132,2333,36253
all/randm19.02.02.09.020_0030.04.aba.beta,True,22,17,0.20920252799987793,0.4724428653717041,0.00558781623840332,0.6872332096099854,790,18,802,203,8539,3376,52374
all/randm19.02.02.09.020_0030.05.aba.beta,True,23,17,0.21625614166259766,0.4336981773376465,0.0033693313598632812,0.6533236503601074,589,19,621,169,7535,2218,33511
all/randm19.02.02.10.020_0030.01.aba.beta,True,14,13,0.16756296157836914,0.23219871520996094,0.002325296401977539,0.4020869731903076,1630,8,1630,182,16912,1225,19129
all/randm19.02.02.10.020_0030.02.aba.beta,True,17,13,0.09987258911132812,0.20530366897583008,0.0017805099487304688,0.30695676803588867,354,14,354,145,3204,1345,20504
all/randm19.02.02.10.020_0030.03.aba.beta,True,13,13,0.10964250564575195,0.18727898597717285,0.0017511844635009766,0.2986726760864258,819,7,822,154,7063,1090,16569
all/randm19.02.02.10.020_0030.04.aba.beta,True,20,13,0.28159260749816895,0.521568775177002,0.002673625946044922,0.8058350086212158,2812,14,2816,189,31194,1510,23529
all/randm19.02.02.10.020_0030.05.aba.beta,True,25,13,0.2747464179992676,0.6174335479736328,0.004230022430419922,0.8964099884033203,1501,19,1501,220,16984,3047,46870
all/randm19.02.02.11.020_0030.01.aba.beta,True,34,16,0.8322198390960693,4.453000783920288,0.006144046783447266,5.291364669799805,3774,26,3774,304,49792,4416,67506
all/randm19.02.02.11.020_0030.02.aba.beta,True,16,15,0.15617108345031738,0.2928142547607422,0.002307415008544922,0.4512927532196045,1871,12,1879,200,23947,1784,27566
all/randm19.02.02.11.020_0030.03.aba.beta,True,20,16,0.2948014736175537,0.7093303203582764,0.0034952163696289062,1.007627010345459,2012,15,2013,198,26211,2413,36965
all/randm19.02.02.11.020_0030.04.aba.beta,True,29,16,0.6334764957427979,0.6924951076507568,0.0028562545776367188,1.3288278579711914,2629,19,2644,229,34963,2195,32566
all/randm19.02.02.11.020_0030.05.aba.beta,True,21,16,0.36388731002807617,0.5447344779968262,0.0018801689147949219,0.9105019569396973,2070,13,2074,203,24963,1423,21722
all/randm19.02.02.12.020_0030.01.aba.beta,True,8,13,0.053679704666137695,0.06959986686706543,0.0009076595306396484,0.12418723106384277,841,3,854,133,7058,678,10668
all/randm19.02.02.12.020_0030.02.aba.beta,True,9,13,0.04885125160217285,0.08865714073181152,0.0012192726135253906,0.13872766494750977,749,6,756,131,6170,650,9987
all/randm19.02.02.12.020_0030.03.aba.beta,True,9,13,0.05414128303527832,0.07504963874816895,0.0009503364562988281,0.1301412582397461,539,7,542,120,4622,710,10801
all/randm19.02.02.12.020_0030.04.aba.beta,True,20,13,0.15729832649230957,0.2634458541870117,0.0035119056701660156,0.4242560863494873,846,16,852,172,7977,2372,37281
all/randm19.02.02.12.020_0030.05.aba.beta,True,5,13,0.029397964477539062,0.04118847846984863,0.0007352828979492188,0.07132172584533691,778,2,780,110,6207,544,8638
all/randm19.02.02.13.020_0030.01.aba.beta,True,1,3,0.00047397613525390625,0.00042819976806640625,0.000701904296875,0.0016040802001953125,32,1,32,24,112,536,8593
all/randm19.02.02.13.020_0030.02.aba.beta,True,1,3,0.0007891654968261719,0.0007238388061523438,0.0012323856353759766,0.002745389938354492,31,1,31,24,106,525,8523
all/randm19.02.02.13.020_0030.03.aba.beta,True,1,3,0.0004496574401855469,0.0004134178161621094,0.0006933212280273438,0.001556396484375,31,1,31,23,106,542,8617
all/randm19.02.02.13.020_0030.04.aba.beta,True,1,3,0.00045299530029296875,0.00044083595275878906,0.0006935596466064453,0.0015873908996582031,31,1,31,26,106,535,8591
all/randm19.02.02.13.020_0030.05.aba.beta,True,1,3,0.0004506111145019531,0.00043511390686035156,0.0006916522979736328,0.0015773773193359375,31,1,31,26,106,542,8621
all/randm19.02.02.14.020_0030.01.aba.beta,True,16,11,0.0679769515991211,0.14795351028442383,0.002069711685180664,0.21800017356872559,663,13,666,150,5673,1223,18727
all/randm19.02.02.14.020_0030.02.aba.beta,True,9,11,0.034947872161865234,0.04485011100769043,0.00099945068359375,0.08079743385314941,358,7,367,96,3335,788,11851
all/randm19.02.02.14.020_0030.03.aba.beta,True,10,11,0.07791471481323242,0.09192013740539551,0.0012054443359375,0.17104029655456543,902,6,923,159,11075,896,13961
all/randm19.02.02.14.020_0030.04.aba.beta,True,10,11,0.03599071502685547,0.04931497573852539,0.0011713504791259766,0.08647704124450684,432,7,447,114,3384,914,13939
all/randm19.02.02.14.020_0030.05.aba.beta,True,11,11,0.04102039337158203,0.06047797203063965,0.0011448860168457031,0.10264325141906738,304,10,307,94,2628,880,13230
all/randm19.02.02.15.020_0030.01.aba.beta,True,25,16,1.5598108768463135,9.860584735870361,0.0032830238342285156,11.423678636550903,15356,16,15356,300,244513,2199,34683
all/randm19.02.02.15.020_0030.02.aba.beta,True,16,16,0.3310208320617676,1.4692280292510986,0.0009887218475341797,1.8012375831604004,6862,8,6862,170,85182,722,10818
all/randm19.02.02.15.020_0030.03.aba.beta,True,18,16,1.000654697418213,3.258348226547241,0.0026845932006835938,4.261687517166138,11822,9,11822,232,145763,1659,25572
all/randm19.02.02.15.020_0030.04.aba.beta,True,20,16,0.49026060104370117,0.6443500518798828,0.0022983551025390625,1.136909008026123,3393,12,3393,203,36876,1617,25408
all/randm19.02.02.15.020_0030.05.aba.beta,True,32,16,1.6967523097991943,2.702195644378662,0.005883455276489258,4.404831409454346,8378,23,8378,256,112678,3820,59127
all/randm19.02.02.16.020_0030.01.aba.beta,True,24,16,0.4373340606689453,1.8009033203125,0.0038073062896728516,2.242044687271118,3491,17,3493,234,36870,2119,33408
all/randm19.02.02.16.020_0030.02.aba.beta,True,21,16,0.2915668487548828,0.6864945888519287,0.002512693405151367,0.9805741310119629,2123,14,2125,188,25520,1910,29138
all/randm19.02.02.16.020_0030.03.aba.beta,True,19,16,0.3372344970703125,0.676358699798584,0.0028967857360839844,1.0164899826049805,1879,12,1889,188,18020,1841,29178
all/randm19.02.02.16.020_0030.04.aba.beta,True,21,16,0.28778529167175293,0.49970388412475586,0.0036563873291015625,0.7911455631256104,1084,15,1084,204,9908,2487,38268
all/randm19.02.02.16.020_0030.05.aba.beta,True,24,16,0.2897651195526123,0.5809023380279541,0.0042493343353271484,0.8749167919158936,1855,18,1855,189,18116,2841,43923
all/randm19.02.02.17.020_0030.01.aba.beta,True,21,17,0.24187517166137695,0.6496803760528564,0.0032949447631835938,0.894850492477417,2006,16,2009,202,23282,2440,37375
all/randm19.02.02.17.020_0030.02.aba.beta,True,27,16,0.40050315856933594,0.8646636009216309,0.004908323287963867,1.2700750827789307,2173,19,2173,235,23466,3492,54113
all/randm19.02.02.17.020_0030.03.aba.beta,True,29,17,1.8336529731750488,17.342937469482422,0.005602598190307617,19.18219304084778,12367,21,12367,257,170406,3246,50735
all/randm19.02.02.17.020_0030.04.aba.beta,True,34,16,1.8643381595611572,13.608015298843384,0.005465030670166016,15.477818489074707,11826,24,11826,268,144170,3169,49116
all/randm19.02.02.17.020_0030.05.aba.beta,True,31,17,0.3129880428314209,0.7197272777557373,0.004803180694580078,1.0375185012817383,1502,22,1523,246,16753,3539,55578
all/randm19.02.02.18.020_0030.01.aba.beta,True,5,5,0.004202842712402344,0.0040929317474365234,0.0011873245239257812,0.009483098983764648,79,5,81,54,595,898,14066
all/randm19.02.02.18.020_0030.02.aba.beta,True,3,5,0.002784252166748047,0.002680063247680664,0.0007090568542480469,0.006173372268676758,60,3,61,41,352,557,8756
all/randm19.02.02.18.020_0030.03.aba.beta,True,4,5,0.0041828155517578125,0.0041315555572509766,0.000820159912109375,0.009134531021118164,128,3,128,79,1328,610,9585
all/randm19.02.02.18.020_0030.04.aba.beta,True,6,5,0.0070340633392333984,0.005861520767211914,0.0009150505065917969,0.01381063461303711,98,6,98,57,1143,733,11082
all/randm19.02.02.18.020_0030.05.aba.beta,True,5,5,0.007482290267944336,0.007440805435180664,0.0014171600341796875,0.016340255737304688,98,5,99,72,1082,1011,15919
all/randm19.02.02.19.020_0030.01.aba.beta,True,34,17,0.8130660057067871,9.440135955810547,0.004247188568115234,10.25744915008545,4488,24,4488,255,51766,2803,42225
all/randm19.02.02.19.020_0030.02.aba.beta,True,29,17,1.4244000911712646,27.351147174835205,0.0030241012573242188,28.778571367263794,11333,20,11333,251,133396,2149,32967
all/randm19.02.02.19.020_0030.03.aba.beta,True,26,17,0.4684162139892578,0.7392885684967041,0.0032072067260742188,1.2109119892120361,3688,19,3691,254,42447,2095,31517
all/randm19.02.02.19.020_0030.04.aba.beta,True,18,17,0.32267165184020996,0.6123263835906982,0.0015683174133300781,0.9365663528442383,2340,9,2344,205,25920,1161,17920
all/randm19.02.02.19.020_0030.05.aba.beta,True,24,17,0.9387319087982178,5.891386985778809,0.0024297237396240234,6.83254861831665,4538,14,4538,251,53248,1615,24670
all/randm20.02.02.01.020_0030.01.aba.beta,True,19,18,0.27114272117614746,0.596494197845459,0.0025513172149658203,0.8701882362365723,1403,12,1418,210,14210,1761,27376
all/randm20.02.02.01.020_0030.02.aba.beta,True,27,18,1.5371549129486084,24.574562311172485,0.0039997100830078125,26.1157169342041,14136,19,14137,248,192790,2397,36528
all/randm20.02.02.01.020_0030.03.aba.beta,True,21,18,0.3421182632446289,0.7661328315734863,0.002641439437866211,1.1108925342559814,2226,14,2236,212,22967,2007,30336
all/randm20.02.02.01.020_0030.04.aba.beta,True,17,18,1.027977705001831,5.04589056968689,0.0017898082733154297,6.075658082962036,8221,9,8223,225,114365,1269,19278
all/randm20.02.02.01.020_0030.05.aba.beta,True,23,18,0.35600876808166504,0.5910129547119141,0.002166271209716797,0.9491879940032959,1452,16,1467,195,19551,1631,24529
all/randm20.02.02.02.020_0030.01.aba.beta,True,24,18,0.6534719467163086,3.600191831588745,0.0024962425231933594,4.256160020828247,3989,17,3990,220,42619,1812,27535
all/randm20.02.02.02.020_0030.02.aba.beta,True,19,17,0.5612537860870361,1.1811423301696777,0.002080678939819336,1.7444767951965332,3975,11,3975,192,43335,1062,16181
all/randm20.02.02.02.020_0030.03.aba.beta,True,24,18,0.5088381767272949,2.1097395420074463,0.0035865306854248047,2.622164249420166,2287,18,2292,217,24915,2413,37629
all/randm20.02.02.02.020_0030.04.aba.beta,True,24,18,0.4859180450439453,0.9963850975036621,0.0039033889770507812,1.4862065315246582,2271,18,2271,244,24251,2311,35715
all/randm20.02.02.02.020_0030.05.aba.beta,True,10,18,0.22536110877990723,0.542266845703125,0.0007526874542236328,0.7683806419372559,3966,3,3966,163,42661,566,8797
all/randm20.02.02.03.020_0030.01.aba.beta,True,20,16,0.643028974533081,1.4310414791107178,0.004403829574584961,2.078474283218384,4674,12,4674,258,58658,2573,39997
all/randm20.02.02.03.020_0030.02.aba.beta,True,26,16,1.0552918910980225,2.073403835296631,0.005826473236083984,3.1345221996307373,6681,18,6681,254,78718,3933,61830
all/randm20.02.02.03.020_0030.03.aba.beta,True,22,15,0.8524317741394043,2.114668130874634,0.0023975372314453125,2.9694974422454834,9274,15,9274,222,111797,1655,25194
all/randm20.02.02.03.020_0030.04.aba.beta,True,28,16,0.7809798717498779,2.6568446159362793,0.00649571418762207,3.4443202018737793,6917,20,6917,244,88529,3585,55115
all/randm20.02.02.03.020_0030.05.aba.beta,True,18,16,0.4532129764556885,0.48854923248291016,0.0013225078582763672,0.943084716796875,4713,9,4713,186,59351,848,12820
all/randm20.02.02.04.020_0030.01.aba.beta,True,13,13,0.13370823860168457,0.17197823524475098,0.0011196136474609375,0.3068060874938965,1509,7,1509,130,14288,789,12096
all/randm20.02.02.04.020_0030.02.aba.beta,True,13,13,0.11608099937438965,0.12464404106140137,0.000965118408203125,0.24169015884399414,943,6,951,128,9132,763,11787
all/randm20.02.02.04.020_0030.03.aba.beta,True,15,13,0.08948922157287598,0.1562964916229248,0.0011241436004638672,0.24690985679626465,761,10,761,134,6392,890,13135
all/randm20.02.02.04.020_0030.04.aba.beta,True,13,13,0.16010475158691406,0.15537476539611816,0.0015535354614257812,0.317033052444458,1562,6,1571,184,16908,1059,16558
all/randm20.02.02.04.020_0030.05.aba.beta,True,11,13,0.07976579666137695,0.11217474937438965,0.0009963512420654297,0.19293689727783203,857,7,857,134,10078,756,11426
all/randm20.02.02.05.020_0030.01.aba.beta,True,35,16,0.41030192375183105,0.8820362091064453,0.004568815231323242,1.2969069480895996,2211,29,2244,241,28894,3234,49165
all/randm20.02.02.05.020_0030.02.aba.beta,True,20,15,0.3240485191345215,0.7856988906860352,0.0034067630767822266,1.1131541728973389,1801,15,1804,213,17766,1988,31396
all/randm20.02.02.05.020_0030.03.aba.beta,True,26,16,0.554732084274292,1.2249603271484375,0.002730846405029297,1.7824232578277588,4134,18,4136,206,56467,1878,29088
all/randm20.02.02.05.020_0030.04.aba.beta,True,31,16,0.31966280937194824,0.6429653167724609,0.006139516830444336,0.9687676429748535,788,27,795,207,10052,3855,58907
all/randm20.02.02.05.020_0030.05.aba.beta,True,20,16,0.33393335342407227,0.9098114967346191,0.0021209716796875,1.245865821838379,3123,15,3123,182,32134,1548,23196
all/randm20.02.02.06.020_0030.01.aba.beta,True,20,17,0.436931848526001,0.7312395572662354,0.0028870105743408203,1.1710584163665771,2735,12,2748,244,39891,2038,32034
all/randm20.02.02.06.020_0030.02.aba.beta,True,20,17,0.2944180965423584,0.5775978565216064,0.0019936561584472656,0.8740096092224121,1506,14,1531,220,16614,1495,22956
all/randm20.02.02.06.020_0030.03.aba.beta,True,23,17,0.47546935081481934,0.9987952709197998,0.0030498504638671875,1.4773144721984863,2221,15,2227,202,23123,2165,32838
all/randm20.02.02.06.020_0030.04.aba.beta,True,28,17,0.5750749111175537,1.059389591217041,0.0047342777252197266,1.6391987800598145,2493,20,2517,281,37893,3546,54916
all/randm20.02.02.06.020_0030.05.aba.beta,True,16,17,0.5504162311553955,0.9410021305084229,0.0017096996307373047,1.4931280612945557,7193,9,7193,220,88171,1207,18202
all/randm20.02.02.07.020_0030.01.aba.beta,True,22,17,0.4302482604980469,0.5843362808227539,0.0031473636627197266,1.0177319049835205,2435,14,2437,233,28430,2366,36745
all/randm20.02.02.07.020_0030.02.aba.beta,True,28,17,0.421755313873291,1.2839210033416748,0.002559185028076172,1.708235502243042,2199,22,2211,212,22550,1866,27911
all/randm20.02.02.07.020_0030.03.aba.beta,True,19,17,0.31897974014282227,0.5329256057739258,0.0042188167572021484,0.8561241626739502,1254,13,1265,212,15044,2885,44880
all/randm20.02.02.07.020_0030.04.aba.beta,True,18,17,0.31537604331970215,0.41172218322753906,0.0011706352233886719,0.7282688617706299,1950,10,1997,189,20816,849,12861
all/randm20.02.02.07.020_0030.05.aba.beta,True,22,17,0.5128843784332275,1.4867820739746094,0.0031523704528808594,2.0028188228607178,3681,15,3681,197,39465,2262,34990
all/randm20.02.02.08.020_0030.01.aba.beta,True,21,15,0.21506643295288086,0.32205891609191895,0.0022211074829101562,0.53934645652771,976,15,992,179,12423,1607,24666
all/randm20.02.02.08.020_0030.02.aba.beta,True,10,15,0.09880304336547852,0.18170809745788574,0.0012192726135253906,0.28173041343688965,930,6,934,161,7939,934,14410
all/randm20.02.02.08.020_0030.03.aba.beta,True,14,15,0.11499190330505371,0.23411321640014648,0.0020248889923095703,0.35113000869750977,605,11,617,173,6844,1477,22670
all/randm20.02.02.08.020_0030.04.aba.beta,True,22,15,0.21082639694213867,0.3739356994628906,0.00322723388671875,0.587989330291748,775,20,799,222,8681,2312,35211
all/randm20.02.02.08.020_0030.05.aba.beta,True,20,15,0.2104640007019043,0.42486143112182617,0.004137516021728516,0.639462947845459,585,18,604,233,5717,2704,41596
all/randm20.02.02.09.020_0030.01.aba.beta,True,25,16,0.5174210071563721,2.1752161979675293,0.002966642379760742,2.695603847503662,7598,16,7599,222,102636,2008,30975
all/randm20.02.02.09.020_0030.02.aba.beta,True,21,16,0.4992380142211914,1.5009243488311768,0.0051386356353759766,2.005300998687744,3540,13,3540,231,37015,2789,43940
all/randm20.02.02.09.020_0030.03.aba.beta,True,27,16,0.3273024559020996,0.6038532257080078,0.004625082015991211,0.9357807636260986,1164,20,1170,213,12906,3406,52764
all/randm20.02.02.09.020_0030.04.aba.beta,True,28,17,0.7334082126617432,3.552191972732544,0.0027551651000976562,4.288355350494385,4420,19,4420,240,59566,1939,29732
all/randm20.02.02.09.020_0030.05.aba.beta,True,31,17,0.49582719802856445,2.1031546592712402,0.005611896514892578,2.6045937538146973,4110,22,4118,254,50728,3907,61469
all/randm20.02.02.10.020_0030.01.aba.beta,True,11,12,0.04973268508911133,0.08670330047607422,0.0015799999237060547,0.1380159854888916,479,9,483,133,4065,1066,16268
all/randm20.02.02.10.020_0030.02.aba.beta,True,13,12,0.0669562816619873,0.11555171012878418,0.0017688274383544922,0.18427681922912598,379,11,383,135,4767,1301,20500
all/randm20.02.02.10.020_0030.03.aba.beta,True,8,12,0.04288840293884277,0.057909488677978516,0.0010328292846679688,0.10183072090148926,540,5,553,133,5103,783,12247
all/randm20.02.02.10.020_0030.04.aba.beta,True,11,12,0.05203533172607422,0.08650684356689453,0.0009725093841552734,0.13951468467712402,402,8,403,116,3078,750,11308
all/randm20.02.02.10.020_0030.05.aba.beta,True,12,12,0.07685422897338867,0.1274263858795166,0.0011315345764160156,0.2054121494293213,466,10,472,134,4038,919,13513
all/randm20.02.02.11.020_0030.01.aba.beta,True,13,19,0.5280787944793701,1.3447198867797852,0.0016093254089355469,1.8744080066680908,7968,6,7969,211,92532,928,14211
all/randm20.02.02.11.020_0030.02.aba.beta,True,23,19,0.49028778076171875,1.8908789157867432,0.0020210742950439453,2.383187770843506,3895,15,3899,201,40146,1441,21666
all/randm20.02.02.11.020_0030.03.aba.beta,True,17,18,0.23135876655578613,0.46917295455932617,0.0015606880187988281,0.7020924091339111,1526,11,1570,233,14981,1203,18239
all/randm20.02.02.11.020_0030.04.aba.beta,True,21,19,0.6173694133758545,2.209893226623535,0.00417637825012207,2.8314390182495117,3927,14,3927,227,40751,2248,35129
all/randm20.02.02.11.020_0030.05.aba.beta,True,19,19,0.2923109531402588,0.7343754768371582,0.0013225078582763672,1.0280089378356934,1318,13,1339,193,11915,1010,14656
all/randm20.02.02.12.020_0030.01.aba.beta,True,19,16,1.3859858512878418,5.930433511734009,0.0033981800079345703,7.319817543029785,13173,10,13173,221,174713,2383,37131
all/randm20.02.02.12.020_0030.02.aba.beta,True,25,16,0.2929801940917969,0.6489355564117432,0.0023572444915771484,0.9442729949951172,2148,19,2149,177,28229,1798,26427
all/randm20.02.02.12.020_0030.03.aba.beta,True,20,16,0.3886148929595947,0.7596170902252197,0.0012707710266113281,1.1495027542114258,4128,12,4142,194,45850,989,14727
all/randm20.02.02.12.020_0030.04.aba.beta,True,22,16,1.2750751972198486,2.9796624183654785,0.003961324691772461,4.2586989402771,11605,14,11605,267,141199,2648,41388
all/randm20.02.02.12.020_0030.05.aba.beta,True,20,16,0.3731815814971924,1.668989896774292,0.002246379852294922,2.0444178581237793,3454,14,3454,197,38203,1441,21659
all/randm20.02.02.13.020_0030.01.aba.beta,True,29,15,0.3366565704345703,1.0759236812591553,0.004967451095581055,1.4175477027893066,2359,23,2360,262,31782,3089,48881
all/randm20.02.02.13.020_0030.02.aba.beta,True,28,15,0.3719303607940674,0.5961840152740479,0.0044231414794921875,0.9725375175476074,1587,19,1587,248,21168,3146,49334
all/randm20.02.02.13.020_0030.03.aba.beta,True,30,14,0.35422778129577637,0.7817273139953613,0.004091978073120117,1.1400470733642578,1841,24,1852,267,20003,2707,42915
all/randm20.02.02.13.020_0030.04.aba.beta,True,28,14,0.3826179504394531,0.6407032012939453,0.005031108856201172,1.0283522605895996,1723,23,1726,222,19501,3839,59880
all/randm20.02.02.13.020_0030.05.aba.beta,True,14,14,0.17097759246826172,0.31200289726257324,0.002501964569091797,0.48548245429992676,2868,7,2868,203,29613,1451,22731
all/randm20.02.02.14.020_0030.01.aba.beta,True,12,15,0.12111091613769531,0.17022109031677246,0.0010230541229248047,0.2923550605773926,1148,6,1153,164,11633,755,11692
all/randm20.02.02.14.020_0030.02.aba.beta,True,26,15,0.37964630126953125,1.2390553951263428,0.0041277408599853516,1.6228294372558594,1896,19,1898,224,20601,3048,47621
all/randm20.02.02.14.020_0030.03.aba.beta,True,20,15,0.19005823135375977,0.36034059524536133,0.002588510513305664,0.5529873371124268,1728,15,1728,184,17009,1660,24933
all/randm20.02.02.14.020_0030.04.aba.beta,True,26,15,0.3296370506286621,0.7760729789733887,0.0034656524658203125,1.109175682067871,1937,19,1941,232,23322,2171,32840
all/randm20.02.02.14.020_0030.05.aba.beta,True,21,15,0.2586934566497803,0.4581432342529297,0.0030078887939453125,0.7198445796966553,1858,14,1869,196,20033,1619,24350
all/randm20.02.02.15.020_0030.01.aba.beta,True,13,15,0.08829998970031738,0.18523526191711426,0.0010650157928466797,0.2746002674102783,923,9,923,149,7824,830,12306
all/randm20.02.02.15.020_0030.02.aba.beta,True,14,16,0.09293055534362793,0.20917320251464844,0.0015115737915039062,0.3036153316497803,611,10,611,136,5277,1172,17804
all/randm20.02.02.15.020_0030.03.aba.beta,True,16,16,0.1204836368560791,0.27314257621765137,0.0018079280853271484,0.3954341411590576,654,11,683,169,5482,1386,20821
all/randm20.02.02.15.020_0030.04.aba.beta,True,24,16,0.3090097904205322,0.9355309009552002,0.0023250579833984375,1.2468657493591309,3136,18,3136,206,30754,1667,25165
all/randm20.02.02.15.020_0030.05.aba.beta,True,17,16,0.271315336227417,0.5193195343017578,0.0017328262329101562,0.792367696762085,3378,10,3382,210,34958,1259,19650
all/randm20.02.02.16.020_0030.01.aba.beta,True,19,13,0.2577364444732666,0.4062967300415039,0.001878976821899414,0.6659121513366699,2832,14,2833,186,30475,1295,19345
all/randm20.02.02.16.020_0030.02.aba.beta,True,26,13,0.28868675231933594,0.6504290103912354,0.004202127456665039,0.9433178901672363,2051,19,2066,215,29041,2553,39168
all/randm20.02.02.16.020_0030.03.aba.beta,True,17,13,0.4232010841369629,0.38532114028930664,0.0014355182647705078,0.80995774269104,5500,9,5502,216,68852,983,15048
all/randm20.02.02.16.020_0030.04.aba.beta,True,18,13,0.20157790184020996,0.3682098388671875,0.0017962455749511719,0.5715839862823486,1572,13,1574,182,21132,1339,20275
all/randm20.02.02.16.020_0030.05.aba.beta,True,15,13,0.10978960990905762,0.20226168632507324,0.0019845962524414062,0.31403589248657227,1540,10,1540,183,15868,1262,19375
all/randm20.02.02.17.020_0030.01.aba.beta,True,24,18,1.5710318088531494,16.628429651260376,0.005129337310791016,18.204590797424316,13890,14,13890,247,175300,2499,38718
all/randm20.02.02.17.020_0030.02.aba.beta,True,27,18,1.0249433517456055,5.897012710571289,0.004042863845825195,6.92599892616272,7759,19,7759,256,107173,2621,39760
all/randm20.02.02.17.020_0030.03.aba.beta,True,23,18,1.401496410369873,16.128878831863403,0.003193378448486328,17.533568620681763,14668,13,14668,275,184212,2330,36143
all/randm20.02.02.17.020_0030.04.aba.beta,True,25,18,0.6220295429229736,2.5294106006622314,0.0045773983001708984,3.156017541885376,4278,18,4285,261,53453,2877,44196
all/randm20.02.02.17.020_0030.05.aba.beta,True,22,18,0.5563409328460693,2.3861026763916016,0.001781463623046875,2.9442250728607178,4021,13,4021,207,49120,1250,18905
all/randm20.02.02.18.020_0030.01.aba.beta,True,25,16,0.28322601318359375,0.5458941459655762,0.0038394927978515625,0.8329596519470215,1204,20,1204,227,14392,2811,43261
all/randm20.02.02.18.020_0030.02.aba.beta,True,24,16,0.6197454929351807,2.4407005310058594,0.0041730403900146484,3.0646190643310547,4379,17,4387,308,62737,2857,44535
all/randm20.02.02.18.020_0030.03.aba.beta,True,19,16,0.46204447746276855,2.422236442565918,0.002209186553955078,2.8864901065826416,6136,11,6139,213,70462,1396,21100
all/randm20.02.02.18.020_0030.04.aba.beta,True,25,16,0.4021296501159668,0.7992465496063232,0.0034329891204833984,1.2048091888427734,2630,18,2633,227,34600,2535,38295
all/randm20.02.02.18.020_0030.05.aba.beta,True,31,16,0.5033953189849854,3.327904224395752,0.005495786666870117,3.8367953300476074,3640,25,3640,236,43104,3098,47622
all/randm20.02.02.19.020_0030.01.aba.beta,True,18,14,0.16097664833068848,0.2936825752258301,0.0021905899047851562,0.4568498134613037,973,12,973,211,9168,1648,25426
all/randm20.02.02.19.020_0030.02.aba.beta,True,16,13,0.11940550804138184,0.20598077774047852,0.0015916824340820312,0.3269779682159424,896,11,899,181,8301,1101,16650
all/randm20.02.02.19.020_0030.03.aba.beta,True,12,14,0.09400248527526855,0.1892228126525879,0.0020639896392822266,0.28528928756713867,561,10,561,182,4847,1606,24413
all/randm20.02.02.19.020_0030.04.aba.beta,True,18,14,0.12396883964538574,0.21937990188598633,0.002850055694580078,0.34619879722595215,557,13,567,170,4789,1301,19332
all/randm20.02.02.19.020_0030.05.aba.beta,True,16,14,0.09668207168579102,0.1702897548675537,0.0023109912872314453,0.26928281784057617,393,12,398,128,3320,1618,24751
all/randm21.02.02.01.020_0030.01.aba.beta,True,22,14,0.36069369316101074,0.39184093475341797,0.002817869186401367,0.7553524971008301,2858,14,2884,231,33317,1395,21483
all/randm21.02.02.01.020_0030.02.aba.beta,True,18,14,0.17808938026428223,0.22796869277954102,0.0016283988952636719,0.4076864719390869,964,12,965,159,10599,1093,16600
all/randm21.02.02.01.020_0030.03.aba.beta,True,24,14,0.20248126983642578,0.34940195083618164,0.002820730209350586,0.554703950881958,958,19,958,189,9354,2108,32458
all/randm21.02.02.01.020_0030.04.aba.beta,True,28,14,0.4880094528198242,0.7294766902923584,0.0031898021697998047,1.2206759452819824,3383,21,3383,270,37373,2298,35016
all/randm21.02.02.01.020_0030.05.aba.beta,True,28,14,0.6164004802703857,1.275376319885254,0.003863096237182617,1.8956398963928223,4073,21,4073,235,53375,2802,42675
all/randm21.02.02.02.020_0030.01.aba.beta,True,28,18,2.3584585189819336,20.235966444015503,0.004080295562744141,22.59850525856018,17660,17,17660,258,253730,2893,45974
all/randm21.02.02.02.020_0030.02.aba.beta,True,30,18,1.3999462127685547,10.8856201171875,0.0038576126098632812,12.289423942565918,12342,23,12342,228,154544,2372,35086
all/randm21.02.02.02.020_0030.03.aba.beta,True,32,18,0.8948137760162354,3.7192399501800537,0.004499912261962891,4.618553638458252,4224,25,4224,242,53307,3186,50057
all/randm21.02.02.02.020_0030.04.aba.beta,True,28,18,1.066202163696289,2.881460428237915,0.0060198307037353516,3.9536824226379395,4961,19,4961,242,66750,3492,54147
all/randm21.02.02.02.020_0030.05.aba.beta,True,25,18,6.569060325622559,103.94432878494263,0.0033311843872070312,110.51672029495239,47155,15,47155,266,748597,2336,35742
all/randm21.02.02.03.020_0030.01.aba.beta,True,34,19,3.7318949699401855,41.1672203540802,0.005848407745361328,44.90496373176575,28392,23,28392,308,384824,3695,57295
all/randm21.02.02.03.020_0030.02.aba.beta,True,41,19,1.8778371810913086,8.732876062393188,0.0048902034759521484,10.61560344696045,10177,31,10178,273,142494,3133,48376
all/randm21.02.02.03.020_0030.03.aba.beta,True,28,19,1.4450135231018066,7.712719440460205,0.004087209701538086,9.16182017326355,9059,20,9059,263,118251,2759,42191
all/randm21.02.02.03.020_0030.04.aba.beta,True,23,19,1.6021544933319092,7.221797227859497,0.0030460357666015625,8.826997756958008,8763,13,8763,239,118116,1805,28009
all/randm21.02.02.03.020_0030.05.aba.beta,True,33,19,2.0998713970184326,10.411083936691284,0.0025453567504882812,12.513500690460205,14330,25,14330,250,177605,1903,28183
all/randm21.02.02.04.020_0030.01.aba.beta,True,17,18,0.43285632133483887,0.6525909900665283,0.0017175674438476562,1.0871648788452148,3965,10,3966,221,41578,1309,19989
all/randm21.02.02.04.020_0030.02.aba.beta,True,22,18,0.28353309631347656,0.5771584510803223,0.002216815948486328,0.8629083633422852,2031,16,2031,195,19439,1193,17189
all/randm21.02.02.04.020_0030.03.aba.beta,True,18,18,1.551278829574585,13.759953737258911,0.0023605823516845703,15.31359314918518,13328,9,13328,245,166518,1239,19109
all/randm21.02.02.04.020_0030.04.aba.beta,True,19,18,0.86232590675354,8.209431409835815,0.001255035400390625,9.073012351989746,13600,9,13600,217,168535,918,13782
all/randm21.02.02.04.020_0030.05.aba.beta,True,21,18,0.288623571395874,1.7051265239715576,0.0016558170318603516,1.995405912399292,2129,13,2137,186,21612,880,12742
all/randm21.02.02.05.020_0030.01.aba.beta,True,18,17,0.25046777725219727,0.48815464973449707,0.0014088153839111328,0.7400312423706055,1954,11,1957,173,18928,1109,16566
all/randm21.02.02.05.020_0030.02.aba.beta,True,21,17,0.54640793800354,1.9111216068267822,0.0025479793548583984,2.4600775241851807,4015,14,4016,229,47767,1561,23486
all/randm21.02.02.05.020_0030.03.aba.beta,True,21,17,0.6829252243041992,1.1995038986206055,0.003252744674682617,1.8856818675994873,5147,12,5153,216,71214,1942,30142
all/randm21.02.02.05.020_0030.04.aba.beta,True,24,17,0.3478679656982422,0.6364550590515137,0.002452850341796875,0.9867758750915527,1194,19,1202,197,11063,1797,27123
all/randm21.02.02.05.020_0030.05.aba.beta,True,35,17,0.4235994815826416,0.8865478038787842,0.008831024169921875,1.3189783096313477,1269,28,1316,282,14315,5678,89107
all/randm21.02.02.06.020_0030.01.aba.beta,True,8,13,0.04059314727783203,0.08492469787597656,0.0009021759033203125,0.1264200210571289,327,7,327,116,2578,710,10813
all/randm21.02.02.06.020_0030.02.aba.beta,True,6,13,0.03890228271484375,0.06185173988342285,0.0008702278137207031,0.1016242504119873,484,4,485,118,4221,703,10863
all/randm21.02.02.06.020_0030.03.aba.beta,True,5,13,0.028516530990600586,0.03927278518676758,0.0007512569427490234,0.06854057312011719,491,2,501,118,3687,588,9289
all/randm21.02.02.06.020_0030.04.aba.beta,True,4,13,0.024417400360107422,0.04060029983520508,0.0007038116455078125,0.06572151184082031,459,2,466,107,3284,551,8674
all/randm21.02.02.06.020_0030.05.aba.beta,True,11,13,0.05413341522216797,0.1116018295288086,0.0011966228485107422,0.1669318675994873,350,10,354,130,3172,863,13173
all/randm21.02.02.07.020_0030.01.aba.beta,True,18,15,0.18043756484985352,0.35563230514526367,0.002353191375732422,0.5384230613708496,1023,12,1025,187,9153,1608,24545
all/randm21.02.02.07.020_0030.02.aba.beta,True,18,15,0.19166111946105957,0.4375009536743164,0.001978158950805664,0.6311402320861816,1009,14,1041,178,9538,1502,22173
all/randm21.02.02.07.020_0030.03.aba.beta,True,18,14,0.12302327156066895,0.2370915412902832,0.002453327178955078,0.3625681400299072,619,15,627,150,5623,1626,25841
all/randm21.02.02.07.020_0030.04.aba.beta,True,11,15,0.09401369094848633,0.19426226615905762,0.0015723705291748047,0.28984832763671875,881,8,883,145,7318,1108,16756
all/randm21.02.02.07.020_0030.05.aba.beta,True,23,15,0.22867107391357422,0.3501431941986084,0.0026445388793945312,0.5814588069915771,865,18,883,177,9650,1670,24780
all/randm21.02.02.08.020_0030.01.aba.beta,True,16,18,0.6739664077758789,1.325005292892456,0.0012099742889404297,2.0001816749572754,8443,6,8443,206,104137,905,13871
all/randm21.02.02.08.020_0030.02.aba.beta,True,17,18,0.4202995300292969,0.6055450439453125,0.001775503158569336,1.0276200771331787,4074,9,4076,193,44150,1284,19842
all/randm21.02.02.08.020_0030.03.aba.beta,True,16,18,1.2490925788879395,1.9629108905792236,0.0019276142120361328,3.213931083679199,15247,6,15247,206,187899,1380,21480
all/randm21.02.02.08.020_0030.04.aba.beta,True,27,18,0.514793872833252,1.708749771118164,0.0031485557556152344,2.2266921997070312,3777,21,3777,207,39363,1892,28940
all/randm21.02.02.08.020_0030.05.aba.beta,True,18,18,1.220963478088379,5.178985357284546,0.0018930435180664062,6.401841878890991,8588,9,8588,225,106126,1315,20330
all/randm21.02.02.09.020_0030.01.aba.beta,True,11,17,0.11133003234863281,0.23732495307922363,0.0012392997741699219,0.34989428520202637,1140,5,1146,166,12232,964,15196
all/randm21.02.02.09.020_0030.02.aba.beta,True,16,17,0.23840737342834473,0.4733607769012451,0.002121448516845703,0.7138895988464355,2201,10,2224,192,25549,1382,21335
all/randm21.02.02.09.020_0030.03.aba.beta,True,27,17,1.0891997814178467,5.68362283706665,0.0034818649291992188,6.776304483413696,7495,19,7495,259,95895,2314,35939
all/randm21.02.02.09.020_0030.04.aba.beta,True,17,16,0.3224160671234131,0.5424869060516357,0.0025517940521240234,0.8674547672271729,3369,11,3369,205,35718,1497,23206
all/randm21.02.02.09.020_0030.05.aba.beta,True,19,17,0.2281653881072998,0.48921966552734375,0.004757404327392578,0.7221424579620361,1965,13,1971,216,18825,3130,48962
all/randm21.02.02.10.020_0030.01.aba.beta,True,37,19,0.6619687080383301,1.462937593460083,0.005315542221069336,2.1302218437194824,2056,28,2082,286,29817,3871,58895
all/randm21.02.02.10.020_0030.02.aba.beta,True,36,19,1.428497552871704,13.67209529876709,0.00648188591003418,15.107074737548828,9201,26,9201,255,112573,4219,64427
all/randm21.02.02.10.020_0030.03.aba.beta,True,39,18,0.910564661026001,2.3866512775421143,0.006899118423461914,3.304115056991577,2827,29,2856,285,35449,4641,72265
all/randm21.02.02.10.020_0030.04.aba.beta,True,29,19,0.865469217300415,3.394321918487549,0.003581523895263672,4.2633726596832275,4779,19,4779,222,57976,2220,33696
all/randm21.02.02.10.020_0030.05.aba.beta,True,21,19,0.3680722713470459,1.2922723293304443,0.003360271453857422,1.6637048721313477,3936,15,3936,246,41431,2219,34296
all/randm21.02.02.11.020_0030.01.aba.beta,True,25,14,0.31380677223205566,0.6876034736633301,0.0022301673889160156,1.0036404132843018,1702,19,1707,162,17540,1526,22602
all/randm21.02.02.11.020_0030.02.aba.beta,True,17,14,0.12988686561584473,0.15476655960083008,0.001331329345703125,0.28598475456237793,873,12,905,192,7920,1065,15926
all/randm21.02.02.11.020_0030.03.aba.beta,True,25,13,0.25721120834350586,0.31201887130737305,0.005438804626464844,0.5746688842773438,1094,19,1105,223,17053,3673,57403
all/randm21.02.02.11.020_0030.04.aba.beta,True,28,13,0.3351266384124756,0.4685392379760742,0.005411863327026367,0.8090777397155762,1123,21,1123,254,13368,3989,61694
all/randm21.02.02.11.020_0030.05.aba.beta,True,16,14,0.15398693084716797,0.23114705085754395,0.0017213821411132812,0.3868553638458252,920,9,924,144,8222,1303,19831
all/randm21.02.02.12.020_0030.01.aba.beta,True,23,14,0.4258716106414795,0.6839842796325684,0.004651784896850586,1.1145076751708984,2087,19,2095,266,23126,3342,51482
all/randm21.02.02.12.020_0030.02.aba.beta,True,20,15,0.31287407875061035,1.168433427810669,0.0030431747436523438,1.4843506813049316,3400,12,3400,226,41772,1992,30915
all/randm21.02.02.12.020_0030.03.aba.beta,True,19,15,0.14899396896362305,0.30466699600219727,0.0039577484130859375,0.45761871337890625,656,13,674,213,6149,2265,35248
all/randm21.02.02.12.020_0030.04.aba.beta,True,26,15,0.33251476287841797,0.726984977722168,0.005513668060302734,1.0650134086608887,1882,19,1882,226,22252,3784,58595
all/randm21.02.02.12.020_0030.05.aba.beta,True,26,15,0.7701966762542725,1.231935977935791,0.0037534236907958984,2.0058860778808594,5895,19,5897,250,65590,2437,37751
all/randm21.02.02.13.020_0030.01.aba.beta,True,18,15,0.15798473358154297,0.33108019828796387,0.002738475799560547,0.4918034076690674,621,14,641,170,5958,1946,30729
all/randm21.02.02.13.020_0030.02.aba.beta,True,25,16,0.3041713237762451,0.4686427116394043,0.0052947998046875,0.7781088352203369,1169,20,1218,248,15553,3600,57246
all/randm21.02.02.13.020_0030.03.aba.beta,True,14,16,0.349078893661499,0.4593071937561035,0.0016922950744628906,0.8100783824920654,3695,7,3701,197,44519,1056,16315
all/randm21.02.02.13.020_0030.04.aba.beta,True,17,16,0.3620889186859131,0.5826616287231445,0.0023145675659179688,0.9470651149749756,2443,9,2451,194,34390,1696,26332
all/randm21.02.02.13.020_0030.05.aba.beta,True,17,16,0.49767255783081055,0.6599702835083008,0.0021753311157226562,1.159818172454834,6199,10,6202,212,70818,1521,24421
all/randm21.02.02.14.020_0030.01.aba.beta,True,35,17,2.0219249725341797,9.962528228759766,0.0021431446075439453,11.98659634590149,18138,25,18155,258,276892,1597,22817
all/randm21.02.02.14.020_0030.02.aba.beta,True,26,18,1.1422407627105713,5.622988700866699,0.0029976367950439453,6.7682271003723145,14878,16,14880,238,226570,1565,23620
all/randm21.02.02.14.020_0030.03.aba.beta,True,36,18,0.9421720504760742,6.8943445682525635,0.003179311752319336,7.839695930480957,4277,26,4277,245,51238,2307,35573
all/randm21.02.02.14.020_0030.04.aba.beta,True,31,18,2.2293972969055176,16.155957221984863,0.0030982494354248047,18.388452768325806,8697,20,8713,259,124308,2135,32523
all/randm21.02.02.14.020_0030.05.aba.beta,True,30,18,1.2478361129760742,2.2835593223571777,0.0026352405548095703,3.5340306758880615,8614,19,8614,239,123964,1865,27780
all/randm21.02.02.15.020_0030.01.aba.beta,True,16,13,0.11086082458496094,0.1625196933746338,0.002161264419555664,0.2755417823791504,594,11,615,185,6154,1483,22995
all/randm21.02.02.15.020_0030.02.aba.beta,True,23,13,0.21341443061828613,0.3630383014678955,0.004720449447631836,0.5811731815338135,1988,18,1995,236,24106,3606,56890
all/randm21.02.02.15.020_0030.03.aba.beta,True,22,13,0.30328917503356934,0.4936699867248535,0.003637552261352539,0.8005967140197754,1556,17,1558,213,15568,2488,38850
all/randm21.02.02.15.020_0030.04.aba.beta,True,17,13,0.14236068725585938,0.21137046813964844,0.0015780925750732422,0.35530924797058105,884,12,896,174,9120,1243,18689
all/randm21.02.02.15.020_0030.05.aba.beta,True,23,13,0.21081328392028809,0.4554617404937744,0.004349231719970703,0.6706242561340332,974,20,975,197,13480,3264,50640
all/randm21.02.02.16.020_0030.01.aba.beta,True,4,10,0.012221097946166992,0.014792680740356445,0.0007085800170898438,0.02772235870361328,216,3,220,66,1486,565,8778
all/randm21.02.02.16.020_0030.02.aba.beta,True,6,10,0.0250852108001709,0.028661489486694336,0.0012466907501220703,0.054993391036987305,397,3,400,105,3188,699,11072
all/randm21.02.02.16.020_0030.03.aba.beta,True,6,10,0.019113779067993164,0.036364078521728516,0.0013413429260253906,0.05681920051574707,214,5,215,80,1546,617,9294
all/randm21.02.02.16.020_0030.04.aba.beta,True,8,10,0.024273157119750977,0.03576064109802246,0.0010025501251220703,0.06103634834289551,215,7,217,82,1601,747,11452
all/randm21.02.02.16.020_0030.05.aba.beta,True,6,10,0.020843505859375,0.026016712188720703,0.0008323192596435547,0.04769253730773926,237,5,240,76,1734,628,9496
all/randm21.02.02.17.020_0030.01.aba.beta,True,13,11,0.06816387176513672,0.09178733825683594,0.0013263225555419922,0.16127753257751465,479,9,479,108,3868,1043,16112
all/randm21.02.02.17.020_0030.02.aba.beta,True,7,11,0.03120279312133789,0.03796577453613281,0.0007841587066650391,0.06995272636413574,403,4,404,119,3688,626,9713
all/randm21.02.02.17.020_0030.03.aba.beta,True,12,11,0.04829001426696777,0.07859277725219727,0.001252889633178711,0.12813568115234375,419,9,419,136,3299,978,14640
all/randm21.02.02.17.020_0030.04.aba.beta,True,10,11,0.04628419876098633,0.07778215408325195,0.0013890266418457031,0.12545537948608398,435,8,438,152,3556,1079,16453
all/randm21.02.02.17.020_0030.05.aba.beta,True,10,11,0.04044532775878906,0.07228517532348633,0.001332998275756836,0.11406350135803223,422,8,424,146,3654,1048,16095
all/randm21.02.02.18.020_0030.01.aba.beta,True,33,18,2.8026459217071533,11.882457494735718,0.005629062652587891,14.690732479095459,24640,25,24640,260,326900,3742,58831
all/randm21.02.02.18.020_0030.02.aba.beta,True,18,18,1.3082845211029053,4.569681406021118,0.0032172203063964844,5.88118314743042,13613,8,13613,239,169293,1857,29142
all/randm21.02.02.18.020_0030.03.aba.beta,True,17,17,1.071739673614502,5.916173696517944,0.0014224052429199219,6.989335775375366,13597,9,13597,220,168469,1008,15107
all/randm21.02.02.18.020_0030.04.aba.beta,True,17,18,0.3138866424560547,0.5016598701477051,0.0014035701751708984,0.8169500827789307,2424,10,2446,218,26286,1052,16017
all/randm21.02.02.18.020_0030.05.aba.beta,True,30,18,1.5402376651763916,5.448826789855957,0.0056154727935791016,6.994679927825928,8330,21,8330,240,99596,3227,49435
all/randm21.02.02.19.020_0030.01.aba.beta,True,13,12,0.05652332305908203,0.1350865364074707,0.0015189647674560547,0.1931288242340088,439,10,441,160,3696,1166,17881
all/randm21.02.02.19.020_0030.02.aba.beta,True,14,12,0.09358954429626465,0.17500615119934082,0.0018000602722167969,0.27039575576782227,778,10,778,184,6853,1305,20016
all/randm21.02.02.19.020_0030.03.aba.beta,True,15,12,0.19526314735412598,0.2577235698699951,0.0014476776123046875,0.4544343948364258,2855,9,2856,197,34975,1011,15659
all/randm21.02.02.19.020_0030.04.aba.beta,True,9,12,0.0722038745880127,0.07750582695007324,0.0009181499481201172,0.15062785148620605,1351,4,1351,148,12143,651,10290
all/randm21.02.02.19.020_0030.05.aba.beta,True,12,12,0.07773685455322266,0.1352701187133789,0.0012979507446289062,0.21430492401123047,1323,7,1323,160,11986,933,14416
all/randm22.02.02.01.020_0030.01.aba.beta,True,37,19,3.0269298553466797,63.94789528846741,0.005281686782836914,66.98010683059692,12514,23,12514,281,234657,3627,56084
all/randm22.02.02.01.020_0030.02.aba.beta,True,42,19,3.86840558052063,27.172070741653442,0.003622293472290039,31.044098615646362,18851,28,18877,291,307067,2580,38534
all/randm22.02.02.01.020_0030.03.aba.beta,True,45,19,2.912529945373535,22.619154930114746,0.006373405456542969,25.538058280944824,9071,33,9074,279,134057,4109,61866
all/randm22.02.02.01.020_0030.04.aba.beta,True,38,19,3.0850138664245605,5.667368650436401,0.0049130916595458984,8.757295608520508,17435,25,17451,316,270010,3268,51287
all/randm22.02.02.01.020_0030.05.aba.beta,True,34,19,1.3822858333587646,10.869179248809814,0.0036699771881103516,12.25513505935669,5607,21,5607,254,80523,2493,37468
all/randm22.02.02.02.020_0030.01.aba.beta,True,26,18,0.5180549621582031,1.5980656147003174,0.005113840103149414,2.12123441696167,4096,18,4114,258,45993,3901,61089
all/randm22.02.02.02.020_0030.02.aba.beta,True,33,18,0.9493744373321533,3.593351125717163,0.005089282989501953,4.547814846038818,7685,24,7685,231,92753,3333,50603
all/randm22.02.02.02.020_0030.03.aba.beta,True,26,17,0.3689405918121338,0.7929863929748535,0.0051229000091552734,1.1670498847961426,1354,22,1354,239,16007,3177,48866
all/randm22.02.02.02.020_0030.04.aba.beta,True,13,18,0.2006230354309082,0.3786447048187256,0.001283407211303711,0.5805511474609375,2192,7,2196,185,21569,941,14348
all/randm22.02.02.02.020_0030.05.aba.beta,True,10,16,0.10600018501281738,0.18443965911865234,0.0009310245513916016,0.29137086868286133,1115,5,1118,146,9899,706,10882
all/randm22.02.02.03.020_0030.01.aba.beta,True,12,11,0.06075787544250488,0.08455252647399902,0.0016071796417236328,0.14691758155822754,414,8,423,154,3310,1200,18381
all/randm22.02.02.03.020_0030.02.aba.beta,True,13,11,0.05557966232299805,0.10751032829284668,0.0013973712921142578,0.16448736190795898,640,10,641,158,5339,1055,16142
all/randm22.02.02.03.020_0030.03.aba.beta,True,12,11,0.05280113220214844,0.06046485900878906,0.0013012886047363281,0.11456727981567383,669,8,671,142,5457,1006,15428
all/randm22.02.02.03.020_0030.04.aba.beta,True,15,11,0.07677459716796875,0.12809276580810547,0.002318859100341797,0.20718622207641602,405,12,409,157,3286,1260,18826
all/randm22.02.02.03.020_0030.05.aba.beta,True,8,11,0.04342365264892578,0.062081336975097656,0.0009920597076416016,0.10649704933166504,673,5,676,127,5780,670,10294
all/randm22.02.02.04.020_0030.01.aba.beta,True,25,19,1.904782772064209,144.28678393363953,0.002232074737548828,146.19379878044128,24866,17,24866,261,320282,1408,20823
all/randm22.02.02.04.020_0030.02.aba.beta,True,31,19,1.0114936828613281,141.71495509147644,0.004286527633666992,142.73073530197144,7765,23,7768,257,91329,2761,42762
all/randm22.02.02.04.020_0030.03.aba.beta,True,23,19,2.2248826026916504,76.85551571846008,0.003253459930419922,79.08365178108215,26435,13,26435,277,350567,2312,36137
all/randm22.02.02.04.020_0030.04.aba.beta,True,25,19,0.8089561462402344,35.39595150947571,0.0034546852111816406,36.208362340927124,7491,17,7491,249,83419,2057,31129
all/randm22.02.02.04.020_0030.05.aba.beta,False,25,19,1.3196439743041992,205.29914474487305,0.0015616416931152344,206.62035036087036,14781,13,14781,244,189817,1132,17172
all/randm22.02.02.05.020_0030.01.aba.beta,True,31,17,4.183747291564941,37.52543592453003,0.008171558380126953,41.7173547744751,24659,23,24659,312,358104,5403,84376
all/randm22.02.02.05.020_0030.02.aba.beta,True,28,17,0.5254354476928711,0.8561897277832031,0.0033457279205322266,1.3849709033966064,2394,20,2400,210,28148,1909,28352
all/randm22.02.02.05.020_0030.03.aba.beta,True,23,17,0.5246672630310059,1.0238687992095947,0.0032813549041748047,1.5518174171447754,3996,16,4000,205,47412,2380,36598
all/randm22.02.02.05.020_0030.04.aba.beta,True,22,17,1.5464534759521484,5.347602605819702,0.0015442371368408203,6.895600318908691,17196,12,17196,220,257182,1109,16614
all/randm22.02.02.05.020_0030.05.aba.beta,True,35,17,2.174506425857544,9.815508604049683,0.007154941558837891,11.997169971466064,15964,23,15964,311,268443,5176,82234
all/randm22.02.02.06.020_0030.01.aba.beta,True,20,15,0.26792478561401367,0.6336596012115479,0.0017960071563720703,0.9033803939819336,1973,13,1982,201,26042,1319,19779
all/randm22.02.02.06.020_0030.02.aba.beta,True,15,15,0.22719359397888184,0.354123592376709,0.0024559497833251953,0.583773136138916,1821,10,1821,160,17557,1730,26736
all/randm22.02.02.06.020_0030.03.aba.beta,True,14,15,0.1629784107208252,0.3253443241119385,0.001657247543334961,0.48997998237609863,1810,9,1811,195,17745,1191,18346
all/randm22.02.02.06.020_0030.04.aba.beta,True,13,15,0.1255631446838379,0.2675776481628418,0.0025832653045654297,0.3957240581512451,945,8,949,163,8279,1964,30845
all/randm22.02.02.06.020_0030.05.aba.beta,True,16,15,0.10986876487731934,0.24384474754333496,0.0018625259399414062,0.3555760383605957,1066,12,1068,164,10836,1417,21447
all/randm22.02.02.07.020_0030.01.aba.beta,True,10,11,0.061516761779785156,0.07086706161499023,0.0017299652099609375,0.13411378860473633,659,7,662,138,5289,1191,18419
all/randm22.02.02.07.020_0030.02.aba.beta,True,8,10,0.03446459770202637,0.0507044792175293,0.0011243820190429688,0.08629345893859863,616,5,622,128,5703,811,12480
all/randm22.02.02.07.020_0030.03.aba.beta,True,7,11,0.03232240676879883,0.04281353950500488,0.0008254051208496094,0.07596135139465332,180,7,190,93,1305,654,9707
all/randm22.02.02.07.020_0030.04.aba.beta,True,9,11,0.02782607078552246,0.040410518646240234,0.0010349750518798828,0.06927156448364258,440,6,442,108,4164,801,12167
all/randm22.02.02.07.020_0030.05.aba.beta,True,10,11,0.029718637466430664,0.058124542236328125,0.0010857582092285156,0.0889289379119873,350,8,352,107,2522,861,12933
all/randm22.02.02.08.020_0030.01.aba.beta,True,28,18,1.1189470291137695,8.960885286331177,0.004449367523193359,10.08428168296814,9065,18,9065,261,141335,3080,48455
all/randm22.02.02.08.020_0030.02.aba.beta,True,12,15,0.10583925247192383,0.1501169204711914,0.0018963813781738281,0.25785255432128906,960,5,968,136,8587,1222,19575
all/randm22.02.02.08.020_0030.03.aba.beta,True,14,16,0.19346213340759277,0.3776564598083496,0.0014033317565917969,0.5725219249725342,1865,9,1870,167,17854,935,14170
all/randm22.02.02.08.020_0030.04.aba.beta,True,20,15,0.20781660079956055,0.3077278137207031,0.0016126632690429688,0.5171570777893066,2105,13,2110,192,21294,1270,19267
all/randm22.02.02.08.020_0030.05.aba.beta,True,32,18,1.056339979171753,2.178717613220215,0.006265401840209961,3.2413229942321777,7249,24,7249,233,86489,4291,67640
all/randm22.02.02.09.020_0030.01.aba.beta,True,20,16,0.26247072219848633,0.5714280605316162,0.004391193389892578,0.8382899761199951,1832,15,1834,231,17412,2717,42709
all/randm22.02.02.09.020_0030.02.aba.beta,True,33,17,0.5685770511627197,1.3410499095916748,0.006334543228149414,1.915961503982544,2356,26,2369,285,30170,3963,61135
all/randm22.02.02.09.020_0030.03.aba.beta,True,32,16,1.4363517761230469,4.724313974380493,0.005494117736816406,6.1661598682403564,7131,23,7131,275,107406,3761,57948
all/randm22.02.02.09.020_0030.04.aba.beta,True,22,17,0.6606795787811279,1.649778127670288,0.0042154788970947266,2.3146731853485107,3941,15,3947,253,49077,3162,50019
all/randm22.02.02.09.020_0030.05.aba.beta,True,25,15,0.4039041996002197,0.7103984355926514,0.005284547805786133,1.1195871829986572,2904,20,2904,225,28913,3510,54107
all/randm22.02.02.10.020_0030.01.aba.beta,True,21,18,0.5711548328399658,2.0565600395202637,0.003216981887817383,2.630931854248047,4545,12,4546,275,52945,2049,32179
all/randm22.02.02.10.020_0030.02.aba.beta,True,19,18,0.5531532764434814,1.144338846206665,0.002119302749633789,1.6996114253997803,6975,12,6975,226,78209,1537,23464
all/randm22.02.02.10.020_0030.03.aba.beta,True,22,17,1.3985092639923096,3.2752320766448975,0.003699779510498047,4.677441120147705,8536,14,8550,276,139539,2560,39677
all/randm22.02.02.10.020_0030.04.aba.beta,True,24,18,0.4504373073577881,0.9664707183837891,0.003791332244873047,1.4206993579864502,2231,18,2233,255,23364,2526,39645
all/randm22.02.02.10.020_0030.05.aba.beta,True,28,18,1.3252179622650146,1.1096148490905762,0.0036389827728271484,2.438471794128418,8469,16,8469,252,121792,2461,38355
all/randm22.02.02.11.020_0030.01.aba.beta,True,17,19,0.42867302894592285,4.97656512260437,0.0016047954559326172,5.406842947006226,4270,10,4271,206,46173,1186,17997
all/randm22.02.02.11.020_0030.02.aba.beta,True,31,19,0.7650854587554932,3.4635848999023438,0.0033407211303710938,4.232011079788208,4945,22,4974,262,75364,2374,36959
all/randm22.02.02.11.020_0030.03.aba.beta,True,19,19,0.3695518970489502,1.1252059936523438,0.0019817352294921875,1.4967396259307861,2460,12,2479,244,27140,1508,22799
all/randm22.02.02.11.020_0030.04.aba.beta,True,22,19,0.7518250942230225,6.321622133255005,0.002004861831665039,7.075452089309692,7223,16,7225,227,79889,1433,21350
all/randm22.02.02.11.020_0030.05.aba.beta,True,22,19,1.2323105335235596,3.778143882751465,0.002407073974609375,5.012861490249634,8462,12,8462,220,103689,1419,21438
all/randm22.02.02.12.020_0030.01.aba.beta,True,21,15,0.2705397605895996,0.7699506282806396,0.003072977066040039,1.0435633659362793,1790,15,1790,194,23011,1863,28595
all/randm22.02.02.12.020_0030.02.aba.beta,True,25,15,1.1055314540863037,3.9357962608337402,0.002449512481689453,5.043777227401733,10304,18,10304,234,139536,1642,24205
all/randm22.02.02.12.020_0030.03.aba.beta,True,27,15,0.4833095073699951,1.7802822589874268,0.0029783248901367188,2.2665700912475586,3732,21,3734,248,44540,2061,30297
all/randm22.02.02.12.020_0030.04.aba.beta,True,34,15,0.668358325958252,1.9203970432281494,0.004460334777832031,2.5932157039642334,2725,26,2736,265,40766,3156,47748
all/randm22.02.02.12.020_0030.05.aba.beta,True,28,15,1.4492056369781494,9.793531894683838,0.003920793533325195,11.246658325195312,10327,21,10327,261,139801,2672,40415
all/randm22.02.02.13.020_0030.01.aba.beta,True,19,17,0.6033287048339844,1.2359340190887451,0.001661539077758789,1.8409242630004883,6717,12,6750,243,82498,1191,17807
all/randm22.02.02.13.020_0030.02.aba.beta,True,30,17,1.7800865173339844,10.70061731338501,0.005034685134887695,12.485738515853882,7695,21,7696,290,94026,3089,47564
all/randm22.02.02.13.020_0030.03.aba.beta,True,19,17,0.8572592735290527,2.106735944747925,0.002080202102661133,2.9660754203796387,12711,10,12711,224,153543,1464,22797
all/randm22.02.02.13.020_0030.04.aba.beta,True,32,17,0.7975506782531738,4.599881172180176,0.0053691864013671875,5.402801036834717,2188,26,2193,273,24976,3924,59536
all/randm22.02.02.13.020_0030.05.aba.beta,True,23,17,0.520545482635498,1.949052333831787,0.004692792892456055,2.474290609359741,2137,18,2140,222,27333,2670,40910
all/randm22.02.02.14.020_0030.01.aba.beta,True,36,18,1.9212307929992676,7.054627418518066,0.008223772048950195,8.984081983566284,9357,28,9364,294,130649,5246,81741
all/randm22.02.02.14.020_0030.02.aba.beta,True,26,17,1.3546257019042969,5.4079742431640625,0.003088235855102539,6.765688180923462,8244,19,8244,251,106634,2098,31345
all/randm22.02.02.14.020_0030.03.aba.beta,True,30,17,1.2732222080230713,6.253339052200317,0.0041315555572509766,7.53069281578064,5612,21,5613,266,80737,2969,45645
all/randm22.02.02.14.020_0030.04.aba.beta,True,23,18,1.0555980205535889,15.52677059173584,0.0026047229766845703,16.584973335266113,13323,14,13323,232,171505,1876,29175
all/randm22.02.02.14.020_0030.05.aba.beta,True,39,18,1.2389473915100098,8.710509777069092,0.007707834243774414,9.957165002822876,7258,30,7273,332,84722,5018,79068
all/randm22.02.02.15.020_0030.01.aba.beta,True,6,10,0.022597789764404297,0.03250932693481445,0.0013551712036132812,0.05646228790283203,365,3,365,87,2676,565,8816
all/randm22.02.02.15.020_0030.02.aba.beta,True,9,10,0.03147101402282715,0.04888653755187988,0.002119779586791992,0.08247733116149902,347,7,349,106,2509,1642,25464
all/randm22.02.02.15.020_0030.03.aba.beta,True,5,10,0.011962413787841797,0.014487743377685547,0.0011162757873535156,0.02756643295288086,188,5,193,59,1325,866,13467
all/randm22.02.02.15.020_0030.04.aba.beta,True,1,8,0.0035691261291503906,0.010136842727661133,0.0007107257843017578,0.014416694641113281,118,1,120,50,647,534,8580
all/randm22.02.02.15.020_0030.05.aba.beta,True,7,10,0.021213054656982422,0.035996437072753906,0.001384735107421875,0.0585942268371582,221,6,221,84,1453,975,14934
all/randm22.02.02.16.020_0030.01.aba.beta,True,22,16,0.4856688976287842,1.0174384117126465,0.0024445056915283203,1.505551815032959,5990,14,5990,254,66931,1762,26975
all/randm22.02.02.16.020_0030.02.aba.beta,True,17,16,0.34662556648254395,2.7663795948028564,0.001588582992553711,3.114593744277954,6409,8,6413,207,73404,1177,18345
all/randm22.02.02.16.020_0030.03.aba.beta,True,33,16,0.7689030170440674,13.465702772140503,0.004093647003173828,14.238699436187744,5796,25,5798,304,65565,2764,42710
all/randm22.02.02.16.020_0030.04.aba.beta,True,28,16,0.682295560836792,6.308752775192261,0.002537250518798828,6.993585586547852,8179,19,8179,228,104771,1811,27348
all/randm22.02.02.16.020_0030.05.aba.beta,True,31,16,0.6910812854766846,3.6414430141448975,0.007197856903076172,4.339722156524658,3650,24,3655,283,41942,4714,73999
all/randm22.02.02.17.020_0030.01.aba.beta,True,15,17,0.4314231872558594,0.6341202259063721,0.0027277469635009766,1.0682711601257324,3970,8,3974,226,46893,1475,23280
all/randm22.02.02.17.020_0030.02.aba.beta,True,24,17,0.29294729232788086,0.7141015529632568,0.002039194107055664,1.0090880393981934,1877,20,1884,198,17923,1489,21628
all/randm22.02.02.17.020_0030.03.aba.beta,True,22,17,0.47339558601379395,1.3974626064300537,0.0023725032806396484,1.8732306957244873,3885,15,3885,202,42276,1575,23569
all/randm22.02.02.17.020_0030.04.aba.beta,True,32,17,0.4938468933105469,1.6878604888916016,0.002912759780883789,2.1846201419830322,3778,24,3778,219,41662,1953,28917
all/randm22.02.02.17.020_0030.05.aba.beta,True,17,17,0.29788851737976074,0.5677042007446289,0.002323150634765625,0.8679158687591553,1273,11,1285,207,12524,1507,23370
all/randm22.02.02.18.020_0030.01.aba.beta,True,22,18,0.5395450592041016,2.1687448024749756,0.002478361129760742,2.710768222808838,2236,15,2245,216,26601,1841,27915
all/randm22.02.02.18.020_0030.02.aba.beta,True,25,18,0.606414794921875,3.2080655097961426,0.002532482147216797,3.8170127868652344,4562,17,4566,241,56177,1783,26937
all/randm22.02.02.18.020_0030.03.aba.beta,True,25,18,1.2379565238952637,5.899958372116089,0.0021064281463623047,7.140021324157715,8324,14,8324,251,107260,1554,23401
all/randm22.02.02.18.020_0030.04.aba.beta,True,15,18,0.32674169540405273,2.2703607082366943,0.0014638900756835938,2.5985662937164307,3874,8,3876,217,41177,1094,16855
all/randm22.02.02.18.020_0030.05.aba.beta,True,29,18,2.355909585952759,28.805837869644165,0.006112813949584961,31.16786026954651,8003,21,8003,257,103203,3781,58743
all/randm22.02.02.19.020_0030.01.aba.beta,True,39,16,0.6916408538818359,4.138916254043579,0.0069925785064697266,4.837549686431885,2777,31,2786,300,41906,4903,76593
all/randm22.02.02.19.020_0030.02.aba.beta,True,38,16,1.5639622211456299,3.7435991764068604,0.006325960159301758,5.313887357711792,4357,28,4357,287,69600,4406,67848
all/randm22.02.02.19.020_0030.03.aba.beta,True,45,16,2.57197904586792,65.9316520690918,0.010502099990844727,68.51413321495056,13627,33,13650,364,191048,7107,113254
all/randm22.02.02.19.020_0030.04.aba.beta,True,39,16,0.724463701248169,2.0412185192108154,0.005344867706298828,2.771027088165283,4907,28,4907,289,73360,4056,61722
all/randm22.02.02.19.020_0030.05.aba.beta,True,33,17,2.950582265853882,23.09031057357788,0.005015850067138672,26.0459086894989,14312,21,14312,257,210071,3338,52584
all/randm23.02.02.01.020_0030.01.aba.beta,True,35,21,2.3379900455474854,16.69757580757141,0.008383512496948242,19.043949365615845,10407,24,10407,320,134763,5285,83275
all/randm23.02.02.01.020_0030.02.aba.beta,True,35,21,2.1484408378601074,56.81197690963745,0.006840705871582031,58.96725845336914,9774,27,9775,294,132148,3984,61407
all/randm23.02.02.01.020_0030.03.aba.beta,True,27,20,1.2662794589996338,16.198179960250854,0.0033538341522216797,17.46781325340271,8667,19,8673,245,115785,2454,38136
all/randm23.02.02.01.020_0030.04.aba.beta,True,17,21,0.7776825428009033,7.564855337142944,0.0019669532775878906,8.344504833221436,8972,9,8972,222,109019,1311,20151
all/randm23.02.02.01.020_0030.05.aba.beta,True,23,21,2.422039031982422,18.994341373443604,0.004873752593994141,21.42125415802002,16419,14,16419,268,209973,2485,39000
all/randm23.02.02.02.020_0030.01.aba.beta,True,35,19,11.772397518157959,110.70823192596436,0.006379604339599609,122.48700904846191,55377,23,55377,317,876434,3200,48917
all/randm23.02.02.02.020_0030.02.aba.beta,True,24,19,0.7992138862609863,1.9144487380981445,0.0016696453094482422,2.715332269668579,9047,15,9049,228,133512,1210,17920
all/randm23.02.02.02.020_0030.03.aba.beta,True,36,19,2.849612236022949,28.646296501159668,0.004187107086181641,31.5000958442688,15512,25,15512,282,248837,2728,42056
all/randm23.02.02.02.020_0030.04.aba.beta,True,34,19,4.743592739105225,94.91369342803955,0.0031745433807373047,99.66046071052551,37344,22,37344,267,593744,1783,26810
all/randm23.02.02.02.020_0030.05.aba.beta,True,21,19,1.548262119293213,10.523316860198975,0.0014231204986572266,12.073002099990845,27948,10,27948,241,390567,1037,15746
all/randm23.02.02.03.020_0030.01.aba.beta,True,25,18,1.3850281238555908,6.027027368545532,0.002993345260620117,7.415048837661743,12865,17,12865,255,155955,2164,32835
all/randm23.02.02.03.020_0030.02.aba.beta,True,32,16,0.5216042995452881,1.6560070514678955,0.004143476486206055,2.1817548274993896,2272,25,2274,241,30679,3061,46577
all/randm23.02.02.03.020_0030.03.aba.beta,True,27,18,0.7617707252502441,3.997702121734619,0.002708911895751953,4.762181758880615,4609,18,4611,204,57240,1813,27538
all/randm23.02.02.03.020_0030.04.aba.beta,True,29,18,1.4331669807434082,4.733863115310669,0.004312038421630859,6.171342134475708,8150,21,8150,272,102309,2900,43942
all/randm23.02.02.03.020_0030.05.aba.beta,True,28,16,0.44866466522216797,0.9844892024993896,0.0028676986694335938,1.4360215663909912,3681,21,3681,191,39444,1858,27326
all/randm23.02.02.04.020_0030.01.aba.beta,True,22,12,0.26509785652160645,0.41870713233947754,0.0039215087890625,0.6877264976501465,1362,17,1362,194,17307,2337,35360
all/randm23.02.02.04.020_0030.02.aba.beta,True,20,12,0.15954113006591797,0.31636619567871094,0.0028858184814453125,0.4787931442260742,741,17,741,177,6452,1949,29396
all/randm23.02.02.04.020_0030.03.aba.beta,True,13,12,0.1365039348602295,0.16083502769470215,0.002491474151611328,0.29983043670654297,2314,6,2314,165,22785,1543,24258
all/randm23.02.02.04.020_0030.04.aba.beta,True,18,12,0.17418670654296875,0.19361376762390137,0.002373218536376953,0.37017369270324707,950,13,967,186,10773,1683,26085
all/randm23.02.02.04.020_0030.05.aba.beta,True,16,12,0.07809877395629883,0.15149140357971191,0.0015659332275390625,0.2311561107635498,456,12,456,154,4265,1246,18799
all/randm23.02.02.05.020_0030.01.aba.beta,True,33,23,9.771366596221924,202.51640033721924,0.008026123046875,212.29579305648804,42160,20,42160,319,698054,4034,63690
all/randm23.02.02.05.020_0030.02.aba.beta,True,32,23,13.792402505874634,173.18845105171204,0.009119749069213867,186.98997330665588,72262,20,72262,311,1156465,5394,85133
all/randm23.02.02.05.020_0030.03.aba.beta,True,30,23,7.0377562046051025,206.65542817115784,0.005329608917236328,213.69851398468018,37931,19,37931,290,540644,2861,43563
all/randm23.02.02.05.020_0030.04.aba.beta,False,29,0,3.077280282974243,478.8227972984314,0.0014503002166748047,481.9015278816223,33848,14,33848,269,514114,903,13608
all/randm23.02.02.05.020_0030.05.aba.beta,False,23,23,5.84782862663269,205.38020968437195,0.0008206367492675781,211.2288589477539,65436,10,65436,270,957394,529,7540
all/randm23.02.02.06.020_0030.01.aba.beta,True,41,18,1.2259223461151123,13.839325904846191,0.009847640991210938,15.075095891952515,7215,32,7218,339,84473,6051,95322
all/randm23.02.02.06.020_0030.02.aba.beta,False,42,19,9.298990488052368,191.29354119300842,0.011304378509521484,200.6038360595703,28766,28,28766,376,469447,5317,83173
all/randm23.02.02.06.020_0030.03.aba.beta,False,40,19,6.190464019775391,206.067875623703,0.00549769401550293,212.2638373374939,29491,27,29491,289,428351,2972,44320
all/randm23.02.02.06.020_0030.04.aba.beta,True,40,18,5.1962525844573975,5.554129600524902,0.011401891708374023,10.761784076690674,16571,29,16575,303,260131,5333,82340
all/randm23.02.02.06.020_0030.05.aba.beta,True,24,19,4.717474699020386,69.5065689086914,0.005643606185913086,74.2296872138977,30608,12,30608,290,518728,2443,38524
all/randm23.02.02.07.020_0030.01.aba.beta,True,19,20,1.065255880355835,1.5681190490722656,0.00443267822265625,2.637807607650757,5195,10,5195,211,66993,1995,31167
all/randm23.02.02.07.020_0030.02.aba.beta,True,41,20,6.275906324386597,51.632046937942505,0.0138702392578125,57.921823501586914,19879,29,19879,281,332827,6387,97891
all/randm23.02.02.07.020_0030.03.aba.beta,True,20,20,3.1079227924346924,2.74467134475708,0.006333112716674805,5.858927249908447,17817,10,17818,273,253287,2815,44371
all/randm23.02.02.07.020_0030.04.aba.beta,True,26,20,6.890804052352905,30.976245641708374,0.00988006591796875,37.87692975997925,31804,17,31816,304,484649,4522,70281
all/randm23.02.02.07.020_0030.05.aba.beta,True,16,20,0.841083288192749,3.626446485519409,0.0009129047393798828,4.468442678451538,5206,6,5210,182,61622,653,10110
all/randm23.02.02.08.020_0030.01.aba.beta,False,32,20,4.244329214096069,200.5206813812256,0.005376100540161133,204.77038669586182,18927,22,18927,283,282856,3235,50127
all/randm23.02.02.08.020_0030.02.aba.beta,True,24,20,3.4991953372955322,86.59681510925293,0.0022454261779785156,90.09825587272644,31516,13,31516,264,457200,1410,21598
all/randm23.02.02.08.020_0030.03.aba.beta,False,27,20,4.479458332061768,342.52689504623413,0.0021517276763916016,347.0085051059723,53188,14,53188,298,773954,1398,21353
all/randm23.02.02.08.020_0030.04.aba.beta,True,23,20,9.163362264633179,73.43648552894592,0.002465486526489258,82.60231328010559,56123,11,56123,295,801017,1532,23225
all/randm23.02.02.08.020_0030.05.aba.beta,True,31,19,1.9027519226074219,19.981337308883667,0.005320549011230469,21.88940978050232,13940,23,13940,305,171768,3535,55641
all/randm23.02.02.09.020_0030.01.aba.beta,True,18,21,0.6911423206329346,7.9921886920928955,0.001844167709350586,8.68517518043518,8249,11,8249,228,93573,1291,19370
all/randm23.02.02.09.020_0030.02.aba.beta,True,27,20,2.3239002227783203,29.700183153152466,0.002971649169921875,32.02705502510071,20443,15,20443,265,302236,2006,31333
all/randm23.02.02.09.020_0030.03.aba.beta,True,25,21,2.101640462875366,4.753961563110352,0.0041484832763671875,6.859750509262085,10087,14,10098,271,124223,2327,35957
all/randm23.02.02.09.020_0030.04.aba.beta,True,18,21,0.35694336891174316,3.241978168487549,0.0014116764068603516,3.6003332138061523,2464,10,2467,192,24892,1014,15439
all/randm23.02.02.09.020_0030.05.aba.beta,True,20,22,0.5924394130706787,4.716655254364014,0.002390146255493164,5.3114848136901855,5023,12,5027,252,54820,1737,26833
all/randm23.02.02.10.020_0030.01.aba.beta,True,33,19,1.1931178569793701,7.280649662017822,0.0035943984985351562,8.477361917495728,9544,22,9544,250,136532,2394,36273
all/randm23.02.02.10.020_0030.02.aba.beta,True,27,19,0.85465407371521,1.8505895137786865,0.0037326812744140625,2.7089762687683105,3620,17,3635,261,65419,2358,35645
all/randm23.02.02.10.020_0030.03.aba.beta,True,35,19,0.7486822605133057,4.1148107051849365,0.005331277847290039,4.868824243545532,2959,26,2988,277,39737,3504,55630
all/randm23.02.02.10.020_0030.04.aba.beta,True,28,19,1.5912437438964844,6.536969900131226,0.006045341491699219,8.13425898551941,8095,21,8098,255,95384,3804,59022
all/randm23.02.02.10.020_0030.05.aba.beta,True,37,19,0.9904131889343262,5.742541551589966,0.00563812255859375,6.738592863082886,3048,30,3093,292,44003,3753,58237
all/randm23.02.02.11.020_0030.01.aba.beta,True,11,15,0.0950770378112793,0.20380496978759766,0.0021371841430664062,0.30101919174194336,573,9,621,227,7439,1649,25768
all/randm23.02.02.11.020_0030.02.aba.beta,True,17,15,0.12905216217041016,0.2745475769042969,0.0031855106353759766,0.406785249710083,612,14,614,169,5492,2180,33239
all/randm23.02.02.11.020_0030.03.aba.beta,True,15,15,0.12860441207885742,0.2758369445800781,0.0032701492309570312,0.4077115058898926,685,12,703,195,6787,2471,38610
all/randm23.02.02.11.020_0030.04.aba.beta,True,11,15,0.07793951034545898,0.14480996131896973,0.0008478164672851562,0.22359728813171387,968,6,974,142,8636,673,10392
all/randm23.02.02.11.020_0030.05.aba.beta,True,11,15,0.10699677467346191,0.1629955768585205,0.0013039112091064453,0.27129626274108887,1019,5,1019,142,8871,1001,15611
all/randm23.02.02.12.020_0030.01.aba.beta,True,41,20,1.7175483703613281,18.593966960906982,0.00738978385925293,20.318905115127563,9193,31,9196,282,111587,4631,70956
all/randm23.02.02.12.020_0030.02.aba.beta,True,29,20,1.6761610507965088,13.12319302558899,0.003970146179199219,14.803324222564697,9064,18,9064,239,113622,2810,43157
all/randm23.02.02.12.020_0030.03.aba.beta,True,20,19,0.9693560600280762,8.863833665847778,0.002588510513305664,9.83577823638916,8128,12,8149,235,99095,1683,25766
all/randm23.02.02.12.020_0030.04.aba.beta,True,36,20,1.5728998184204102,23.50195074081421,0.0067708492279052734,25.081621408462524,8643,27,8663,299,114220,4352,66752
all/randm23.02.02.12.020_0030.05.aba.beta,True,36,20,6.761833190917969,80.43308901786804,0.007611989974975586,87.20253419876099,32373,23,32373,337,483987,3985,62549
all/randm23.02.02.13.020_0030.01.aba.beta,True,19,16,0.1817939281463623,0.6402566432952881,0.004527568817138672,0.8265781402587891,1770,14,1774,228,16877,3033,47210
all/randm23.02.02.13.020_0030.02.aba.beta,True,25,17,0.4428858757019043,0.9892120361328125,0.005530357360839844,1.4376282691955566,2309,20,2357,254,29062,3449,53442
all/randm23.02.02.13.020_0030.03.aba.beta,True,26,16,0.3554956912994385,0.5134279727935791,0.003034830093383789,0.8719584941864014,2275,20,2306,237,27894,2255,33996
all/randm23.02.02.13.020_0030.04.aba.beta,True,33,16,0.8586008548736572,1.318692922592163,0.005663394927978516,2.182957172393799,3778,24,3779,236,46593,3705,59742
all/randm23.02.02.13.020_0030.05.aba.beta,True,39,19,2.4427709579467773,35.11943292617798,0.007958412170410156,37.570162296295166,14884,28,14884,287,189614,4640,72340
all/randm23.02.02.14.020_0030.01.aba.beta,True,25,20,17.319358825683594,97.16176629066467,0.003329038619995117,114.48445415496826,102373,13,102373,272,1634303,1845,28553
all/randm23.02.02.14.020_0030.02.aba.beta,True,39,20,2.7753822803497314,21.056795120239258,0.008679389953613281,23.840856790542603,9032,29,9032,296,131159,5064,78691
all/randm23.02.02.14.020_0030.03.aba.beta,True,42,20,1.1070747375488281,2.8178558349609375,0.009830474853515625,3.9347610473632812,4739,32,4739,274,70725,5580,87075
all/randm23.02.02.14.020_0030.04.aba.beta,True,21,20,1.0610456466674805,4.97030782699585,0.0031692981719970703,6.034522771835327,5095,12,5099,228,64292,1749,27078
all/randm23.02.02.14.020_0030.05.aba.beta,True,40,20,1.5374250411987305,8.30237627029419,0.00926971435546875,9.849071025848389,5673,28,5682,265,85801,4820,75128
all/randm23.02.02.15.020_0030.01.aba.beta,True,11,15,0.21520447731018066,0.23810553550720215,0.0011055469512939453,0.45441555976867676,1809,5,1815,179,18657,749,11634
all/randm23.02.02.15.020_0030.02.aba.beta,True,14,15,0.1930370330810547,0.42767882347106934,0.002452373504638672,0.6231682300567627,971,10,983,178,8767,1265,19334
all/randm23.02.02.15.020_0030.03.aba.beta,True,13,15,0.13595294952392578,0.2739436626434326,0.0031037330627441406,0.41300034523010254,576,9,579,144,4703,1557,24074
all/randm23.02.02.15.020_0030.04.aba.beta,True,19,15,0.1575758457183838,0.29074764251708984,0.003256082534790039,0.45157957077026367,607,15,621,149,6766,2162,33428
all/randm23.02.02.15.020_0030.05.aba.beta,True,19,15,0.23189473152160645,0.4483301639556885,0.002401590347290039,0.682626485824585,1086,14,1092,153,10521,1196,18221
all/randm23.02.02.16.020_0030.01.aba.beta,True,22,20,0.4156358242034912,1.296849012374878,0.003411531448364258,1.7158963680267334,2292,17,2303,226,22324,1726,25906
all/randm23.02.02.16.020_0030.02.aba.beta,True,19,20,1.1692297458648682,4.728119850158691,0.003460407257080078,5.90081000328064,8342,9,8342,205,96089,1994,30726
all/randm23.02.02.16.020_0030.03.aba.beta,True,24,20,3.1551287174224854,5.578234910964966,0.003965854644775391,8.737329483032227,16916,14,16917,270,249032,1939,29424
all/randm23.02.02.16.020_0030.04.aba.beta,True,16,20,0.4707224369049072,0.8781633377075195,0.0015599727630615234,1.3504457473754883,1710,9,1731,217,18863,964,14897
all/randm23.02.02.16.020_0030.05.aba.beta,True,21,20,0.9456181526184082,1.2250304222106934,0.0020339488983154297,2.172682523727417,4644,12,4662,227,52003,975,14523
all/randm23.02.02.17.020_0030.01.aba.beta,True,27,17,0.7207767963409424,1.2548158168792725,0.00537419319152832,1.9809668064117432,4197,20,4197,208,49189,2836,43676
all/randm23.02.02.17.020_0030.02.aba.beta,True,24,18,1.9800357818603516,6.521614074707031,0.00800776481628418,8.509657621383667,8090,15,8090,246,103553,3943,62662
all/randm23.02.02.17.020_0030.03.aba.beta,True,21,18,2.4248204231262207,11.07368278503418,0.0027637481689453125,13.501266956329346,14859,12,14859,232,223507,1624,25142
all/randm23.02.02.17.020_0030.04.aba.beta,True,16,17,0.5981721878051758,1.172760009765625,0.0033347606658935547,1.7742669582366943,3746,9,3746,203,40964,1444,22026
all/randm23.02.02.17.020_0030.05.aba.beta,True,22,18,0.9216432571411133,5.636077642440796,0.002938508987426758,6.560659408569336,6723,16,6723,228,76949,1568,23934
all/randm23.02.02.18.020_0030.01.aba.beta,True,11,14,0.16999292373657227,0.20394420623779297,0.001352548599243164,0.3752896785736084,1649,5,1649,164,15514,900,14043
all/randm23.02.02.18.020_0030.02.aba.beta,True,8,10,0.03799033164978027,0.06667828559875488,0.0010080337524414062,0.10567665100097656,323,5,323,113,2309,775,12115
all/randm23.02.02.18.020_0030.03.aba.beta,True,17,13,0.14981579780578613,0.3030979633331299,0.0059659481048583984,0.4588797092437744,1348,12,1349,177,11801,3115,48667
all/randm23.02.02.18.020_0030.04.aba.beta,True,13,13,0.08660316467285156,0.1616077423095703,0.0016279220581054688,0.24983882904052734,359,11,370,138,3026,1264,19028
all/randm23.02.02.18.020_0030.05.aba.beta,True,11,14,0.11112523078918457,0.16953325271606445,0.0008916854858398438,0.28155016899108887,839,7,839,146,6935,698,10516
all/randm23.02.02.19.020_0030.01.aba.beta,False,41,18,3.477586507797241,273.8707501888275,0.006171703338623047,277.3545083999634,22677,29,22679,338,291720,3607,55401
all/randm23.02.02.19.020_0030.02.aba.beta,False,25,17,1.9752871990203857,386.12005853652954,0.0023751258850097656,388.09772086143494,36936,14,36936,287,501170,1158,17554
all/randm23.02.02.19.020_0030.03.aba.beta,False,25,17,2.401566982269287,217.14518523216248,0.0017952919006347656,219.5485475063324,26372,14,26372,272,388506,1072,15447
all/randm23.02.02.19.020_0030.04.aba.beta,False,35,16,1.1958863735198975,228.15062999725342,0.002462148666381836,229.3489785194397,10822,25,10822,258,127866,1514,21559
all/randm23.02.02.19.020_0030.05.aba.beta,False,42,0,1.763929843902588,287.4805955886841,0.005275249481201172,289.24980068206787,12333,29,12333,317,162005,3617,56582
